CustomerKey,last_order_date,recency_days,frequency,monetary,R_score,F_score,M_score,FM_score,rfm_score_label,segment
301,2019-11-11,468,1,592.0,3,1,1,1,311,Promising
325,2020-01-04,414,3,5787.67,4,4,4,4,444,Loyal Customers
554,2019-12-05,444,2,951.71,3,2,2,2,322,Need Attention
1042,2018-03-06,1083,1,1124.91,1,1,2,2,112,Lost
1314,2017-12-19,1160,1,2539.86,1,1,3,2,113,Lost
1568,2021-02-10,11,4,4922.43,5,5,4,4,554,Loyal Customers
1585,2019-02-28,724,2,6700.62,2,2,4,3,224,At Risk
1626,2020-02-22,365,2,2940.35,4,2,3,2,423,Potential Loyalists
1642,2019-05-21,642,1,115.98,2,1,1,1,211,About To Sleep
1863,2020-08-08,197,2,2198.25,5,2,3,2,523,Potential Loyalists
2238,2020-03-06,352,2,579.94,4,2,1,2,421,Potential Loyalists
2248,2019-01-13,770,1,869.92,2,1,2,2,212,About To Sleep
2435,2018-02-02,1115,2,2474.9700000000003,1,2,3,2,123,Lost
2469,2019-11-07,472,1,158.76,3,1,1,1,311,Promising
2512,2020-02-29,358,2,3575.08,4,2,3,2,423,Potential Loyalists
2792,2019-05-06,657,1,70.13,2,1,1,1,211,About To Sleep
3002,2016-02-26,1822,1,932.27,1,1,2,2,112,Lost
3203,2018-12-15,799,2,6206.66,2,2,4,3,224,At Risk
3327,2018-08-11,925,1,2851.0,1,1,3,2,113,Lost
3575,2016-02-26,1822,1,774.0,1,1,1,1,111,Lost
3964,2017-02-08,1474,1,1506.0,1,1,2,2,112,Lost
4174,2020-11-25,88,2,4465.53,5,2,4,3,524,Potential Loyalists
5097,2016-01-05,1874,1,43.14,1,1,1,1,111,Lost
5445,2017-11-02,1207,1,600.0,1,1,1,1,111,Lost
5962,2018-06-22,975,2,5377.61,1,2,4,3,124,At Risk
6258,2020-12-24,59,1,4394.0,5,1,4,2,514,Potential Loyalists
6308,2019-07-05,597,1,1117.48,3,1,2,2,312,Need Attention
7109,2018-05-17,1011,1,494.95,1,1,1,1,111,Lost
7566,2019-08-31,540,1,3142.0,3,1,3,2,313,Need Attention
7700,2018-08-31,905,1,182.97,1,1,1,1,111,Lost
7783,2019-09-13,527,1,1299.95,3,1,2,2,312,Need Attention
8098,2019-08-21,550,1,2094.0,3,1,2,2,312,Need Attention
8181,2020-02-19,368,1,1991.94,4,1,2,2,412,Potential Loyalists
8789,2018-09-06,899,1,1499.5,1,1,2,2,112,Lost
8945,2019-12-19,430,1,1638.9,4,1,2,2,412,Potential Loyalists
9167,2019-10-01,509,1,227.97,3,1,1,1,311,Promising
9184,2018-07-04,963,2,26039.44,1,2,5,4,125,Can't Lose Them
9456,2020-07-18,218,2,7130.49,5,2,4,3,524,Potential Loyalists
9812,2021-01-21,31,3,4339.4,5,4,4,4,544,Loyal Customers
9915,2017-09-06,1264,1,13569.0,1,1,5,3,115,At Risk
10039,2019-11-12,467,1,899.97,3,1,2,2,312,Need Attention
10299,2017-01-28,1485,1,419.96000000000004,1,1,1,1,111,Lost
10393,2020-07-20,216,1,2310.0,5,1,3,2,513,Potential Loyalists
11035,2020-02-15,372,1,268.0,4,1,1,1,411,New Customers
12160,2018-06-13,984,2,7465.78,1,2,4,3,124,At Risk
12365,2020-03-14,344,1,1719.97,5,1,2,2,512,Potential Loyalists
12392,2018-12-29,785,1,7988.669999999999,2,1,5,3,215,At Risk
12649,2020-02-20,367,1,62.91,4,1,1,1,411,New Customers
12729,2019-08-21,550,4,6990.45,3,5,4,4,354,Loyal Customers
12859,2019-12-28,421,1,545.68,4,1,1,1,411,New Customers
13045,2018-07-07,960,2,1785.72,1,2,2,2,122,Lost
13071,2020-11-14,99,1,749.0,5,1,1,1,511,New Customers
13365,2021-02-19,2,1,109.0,5,1,1,1,511,New Customers
14069,2018-12-19,795,1,837.0,2,1,1,1,211,About To Sleep
14180,2016-01-19,1860,1,864.78,1,1,2,2,112,Lost
14906,2017-09-07,1263,1,770.42,1,1,1,1,111,Lost
14962,2019-11-01,478,2,15810.83,3,2,5,4,325,Loyal Customers
14988,2019-03-01,723,1,6001.97,2,1,4,2,214,About To Sleep
15391,2018-01-05,1143,1,497.97,1,1,1,1,111,Lost
15718,2020-01-13,405,1,2072.51,4,1,2,2,412,Potential Loyalists
16716,2019-07-15,587,1,1889.08,3,1,2,2,312,Need Attention
17412,2018-09-28,877,3,2083.31,2,4,2,3,242,At Risk
17811,2018-12-20,794,1,2727.2,2,1,3,2,213,About To Sleep
18309,2018-06-13,984,1,511.95,1,1,1,1,111,Lost
18470,2021-02-02,19,3,1811.69,5,4,2,3,542,Potential Loyalists
18493,2016-06-14,1713,1,350.48,1,1,1,1,111,Lost
18887,2017-08-12,1289,1,1328.3600000000001,1,1,2,2,112,Lost
19082,2020-08-22,183,3,4469.97,5,4,4,4,544,Loyal Customers
19207,2019-05-28,635,2,2282.64,2,2,3,2,223,About To Sleep
19404,2020-02-17,370,1,657.0,4,1,1,1,411,New Customers
19534,2018-08-09,927,1,870.02,1,1,2,2,112,Lost
19726,2020-03-06,352,1,857.0,4,1,2,2,412,Potential Loyalists
19753,2018-12-19,795,2,684.85,2,2,1,2,221,About To Sleep
20069,2019-12-19,430,4,3086.31,4,5,3,4,453,Loyal Customers
20092,2019-09-16,524,2,4190.91,3,2,4,3,324,Need Attention
20237,2019-12-31,418,1,5071.45,4,1,4,2,414,Potential Loyalists
20623,2019-12-31,418,3,3760.6800000000003,4,4,3,4,443,Loyal Customers
20946,2018-11-09,835,1,5816.79,2,1,4,2,214,About To Sleep
21203,2016-11-19,1555,1,872.4,1,1,2,2,112,Lost
21424,2020-08-06,199,2,6951.889999999999,5,2,4,3,524,Potential Loyalists
21460,2020-12-26,57,1,3668.88,5,1,3,2,513,Potential Loyalists
21523,2017-02-23,1459,1,10395.99,1,1,5,3,115,At Risk
21575,2016-06-14,1713,1,429.0,1,1,1,1,111,Lost
21819,2019-02-26,726,2,1001.96,2,2,2,2,222,About To Sleep
22540,2019-12-26,423,2,22548.08,4,2,5,4,425,Loyal Customers
23203,2019-12-19,430,3,3243.82,4,4,3,4,443,Loyal Customers
23267,2017-10-26,1214,1,1508.99,1,1,2,2,112,Lost
23320,2019-08-26,545,1,639.96,3,1,1,1,311,Promising
23599,2019-02-09,743,1,3853.96,2,1,3,2,213,About To Sleep
25771,2018-01-06,1142,3,2979.9799999999996,1,4,3,4,143,Can't Lose Them
25864,2019-09-14,526,3,3206.63,3,4,3,4,343,Loyal Customers
26477,2017-10-11,1229,1,7543.879999999999,1,1,5,3,115,At Risk
26642,2016-04-30,1758,1,2194.9300000000003,1,1,3,2,113,Lost
26728,2019-09-29,511,1,13096.96,3,1,5,3,315,Need Attention
27356,2018-07-23,944,2,1572.33,1,2,2,2,122,Lost
27492,2019-12-18,431,3,7054.15,4,4,4,4,444,Loyal Customers
27616,2019-03-09,715,2,2827.51,2,2,3,2,223,About To Sleep
27945,2017-08-25,1276,1,65.98,1,1,1,1,111,Lost
28690,2020-06-27,239,2,905.94,5,2,2,2,522,Potential Loyalists
29041,2017-11-25,1184,1,4610.0,1,1,4,2,114,Lost
29278,2018-12-26,788,1,158.0,2,1,1,1,211,About To Sleep
29475,2019-11-23,456,1,608.64,3,1,1,1,311,Promising
29555,2021-01-20,32,3,4383.4,5,4,4,4,544,Loyal Customers
29647,2018-11-16,828,1,1677.56,2,1,2,2,212,About To Sleep
29689,2020-01-01,417,2,12177.99,4,2,5,4,425,Loyal Customers
29812,2018-07-10,957,1,327.83,1,1,1,1,111,Lost
29973,2020-06-25,241,2,3179.99,5,2,3,2,523,Potential Loyalists
30090,2019-11-09,470,2,1110.96,3,2,2,2,322,Need Attention
31086,2019-07-17,585,1,369.5,3,1,1,1,311,Promising
31164,2017-05-12,1381,1,8059.92,1,1,5,3,115,At Risk
31236,2017-02-11,1471,1,5009.0,1,1,4,2,114,Lost
31784,2019-09-24,516,1,1951.9299999999998,3,1,2,2,312,Need Attention
32037,2018-10-28,847,2,3240.13,2,2,3,2,223,About To Sleep
32455,2017-09-30,1240,1,4425.0,1,1,4,2,114,Lost
32488,2019-12-23,426,1,32.0,4,1,1,1,411,New Customers
32511,2019-07-17,585,1,16082.82,3,1,5,3,315,Need Attention
32538,2020-05-09,288,1,592.0,5,1,1,1,511,New Customers
33036,2018-09-06,899,2,1209.6799999999998,1,2,2,2,122,Lost
33205,2020-02-10,377,4,3871.54,4,5,3,4,453,Loyal Customers
33444,2019-11-02,477,3,10384.91,3,4,5,4,345,Loyal Customers
34081,2018-12-26,788,4,9588.53,2,5,5,5,255,Can't Lose Them
34143,2020-02-03,384,1,4726.0,4,1,4,2,414,Potential Loyalists
34431,2018-07-21,946,1,28.0,1,1,1,1,111,Lost
34850,2017-08-19,1282,2,2477.96,1,2,3,2,123,Lost
34915,2019-07-06,596,1,56.0,3,1,1,1,311,Promising
35257,2019-07-15,587,2,120.78999999999999,3,2,1,2,321,Need Attention
35703,2018-11-14,830,1,715.98,2,1,1,1,211,About To Sleep
35733,2020-06-30,236,3,8441.27,5,4,5,4,545,Loyal Customers
35795,2019-02-16,736,1,8790.72,2,1,5,3,215,At Risk
36112,2019-11-05,474,2,2939.55,3,2,3,2,323,Need Attention
36336,2018-09-01,904,1,1592.2,1,1,2,2,112,Lost
36418,2021-02-08,13,1,1026.88,5,1,2,2,512,Potential Loyalists
36507,2019-12-28,421,2,5605.5,4,2,4,3,424,Loyal Customers
37070,2019-11-07,472,3,8240.35,3,4,5,4,345,Loyal Customers
37251,2018-01-23,1125,1,3779.4900000000002,1,1,3,2,113,Lost
37408,2018-12-01,813,1,4562.95,2,1,4,2,214,About To Sleep
37580,2019-09-21,519,1,599.55,3,1,1,1,311,Promising
37585,2021-02-16,5,1,4032.98,5,1,3,2,513,Potential Loyalists
37802,2019-01-22,761,3,8883.960000000001,2,4,5,4,245,At Risk
37991,2019-11-13,466,2,6893.0,3,2,4,3,324,Need Attention
38006,2018-09-10,895,1,6.99,1,1,1,1,111,Lost
38036,2018-05-31,997,1,1049.8,1,1,2,2,112,Lost
38195,2020-02-15,372,3,6548.02,4,4,4,4,444,Loyal Customers
38212,2019-11-29,450,1,400.99,3,1,1,1,311,Promising
38613,2019-03-07,717,3,6230.1,2,4,4,4,244,At Risk
39246,2016-06-16,1711,1,2154.0,1,1,2,2,112,Lost
39268,2018-11-29,815,1,389.95,2,1,1,1,211,About To Sleep
39314,2018-11-05,839,1,453.56,2,1,1,1,211,About To Sleep
39582,2018-11-24,820,2,5555.0,2,2,4,3,224,At Risk
39592,2018-06-15,982,1,2016.93,1,1,2,2,112,Lost
39894,2016-02-09,1839,1,879.92,1,1,2,2,112,Lost
39927,2018-11-17,827,1,2080.9700000000003,2,1,2,2,212,About To Sleep
40363,2018-11-17,827,1,5489.15,2,1,4,2,214,About To Sleep
40443,2019-10-29,481,1,624.0,3,1,1,1,311,Promising
40649,2019-08-07,564,2,11007.0,3,2,5,4,325,Loyal Customers
40669,2019-02-09,743,1,4359.0,2,1,4,2,214,About To Sleep
41281,2019-09-24,516,2,630.6800000000001,3,2,1,2,321,Need Attention
41570,2020-03-07,351,1,8377.97,4,1,5,3,415,Loyal Customers
42177,2018-02-20,1097,1,2557.87,1,1,3,2,113,Lost
42364,2018-10-09,866,2,8609.39,2,2,5,4,225,At Risk
42408,2019-09-23,517,1,1667.3500000000001,3,1,2,2,312,Need Attention
42840,2019-05-03,660,1,1496.98,2,1,2,2,212,About To Sleep
42956,2019-10-30,480,2,172.99,3,2,1,2,321,Need Attention
43784,2020-01-27,391,1,2915.94,4,1,3,2,413,Potential Loyalists
43840,2020-01-03,415,3,3593.79,4,4,3,4,443,Loyal Customers
44493,2020-06-27,239,2,1043.45,5,2,2,2,522,Potential Loyalists
44728,2019-12-18,431,3,12658.83,4,4,5,4,445,Loyal Customers
45172,2019-05-28,635,1,654.9,2,1,1,1,211,About To Sleep
45250,2019-08-03,568,1,4495.0,3,1,4,2,314,Need Attention
45436,2019-10-18,492,3,1026.46,3,4,2,3,342,Need Attention
45781,2018-06-21,976,1,6.89,1,1,1,1,111,Lost
45814,2021-02-10,11,1,2687.9700000000003,5,1,3,2,513,Potential Loyalists
46155,2020-12-31,52,1,62.0,5,1,1,1,511,New Customers
46917,2016-11-15,1559,1,313.99,1,1,1,1,111,Lost
46996,2016-09-23,1612,1,29.97,1,1,1,1,111,Lost
47518,2018-05-31,997,1,2745.64,1,1,3,2,113,Lost
48383,2021-01-13,39,1,611.52,5,1,1,1,511,New Customers
48466,2019-07-05,597,3,6746.09,3,4,4,4,344,Loyal Customers
48733,2018-09-01,904,1,3753.76,1,1,3,2,113,Lost
49400,2020-02-20,367,2,2062.38,4,2,2,2,422,Potential Loyalists
49606,2016-08-30,1636,1,1198.0,1,1,2,2,112,Lost
49776,2019-09-16,524,2,5856.0,3,2,4,3,324,Need Attention
49950,2019-08-21,550,1,7963.99,3,1,5,3,315,Need Attention
50075,2016-06-22,1705,1,2272.8500000000004,1,1,3,2,113,Lost
50681,2016-06-25,1702,1,624.0,1,1,1,1,111,Lost
50741,2017-08-12,1289,1,25.32,1,1,1,1,111,Lost
51172,2019-11-07,472,2,1253.0,3,2,2,2,322,Need Attention
51314,2019-02-21,731,2,9649.83,2,2,5,4,225,At Risk
51718,2019-09-05,535,1,3299.99,3,1,3,2,313,Need Attention
52536,2018-11-09,835,1,768.96,2,1,1,1,211,About To Sleep
52694,2018-08-08,928,1,4761.57,1,1,4,2,114,Lost
53318,2017-02-22,1460,1,2149.98,1,1,2,2,112,Lost
53920,2018-01-06,1142,2,757.54,1,2,1,2,121,Lost
54089,2017-01-12,1501,2,15182.99,1,2,5,4,125,Can't Lose Them
54161,2019-06-11,621,1,462.0,2,1,1,1,211,About To Sleep
54752,2019-07-24,578,1,320.0,3,1,1,1,311,Promising
54987,2018-10-23,852,1,2440.98,2,1,3,2,213,About To Sleep
55039,2019-06-05,627,2,4662.75,2,2,4,3,224,At Risk
55066,2019-10-10,500,1,4413.79,3,1,4,2,314,Need Attention
55084,2018-11-01,843,1,3498.8,2,1,3,2,213,About To Sleep
55411,2018-10-06,869,2,1790.48,2,2,2,2,222,About To Sleep
55914,2019-10-11,499,2,791.57,3,2,1,2,321,Need Attention
56791,2018-11-03,841,1,841.97,2,1,1,1,211,About To Sleep
56834,2020-05-13,284,1,25.69,5,1,1,1,511,New Customers
56999,2019-02-01,751,1,854.79,2,1,2,2,212,About To Sleep
57307,2019-11-29,450,1,966.6999999999999,3,1,2,2,312,Need Attention
57374,2019-05-21,642,1,1800.0,2,1,2,2,212,About To Sleep
58066,2018-06-25,972,2,477.78000000000003,1,2,1,2,121,Lost
58710,2019-05-05,658,2,309.28,2,2,1,2,221,About To Sleep
58919,2016-12-17,1527,1,2889.99,1,1,3,2,113,Lost
59159,2021-02-20,1,2,7852.53,5,2,5,4,525,Loyal Customers
59304,2017-01-02,1511,1,5851.47,1,1,4,2,114,Lost
59422,2019-08-19,552,2,1447.76,3,2,2,2,322,Need Attention
59529,2018-04-28,1030,1,2838.96,1,1,3,2,113,Lost
59842,2020-10-21,123,1,2497.85,5,1,3,2,513,Potential Loyalists
59961,2019-09-03,537,1,437.94,3,1,1,1,311,Promising
60150,2017-02-04,1478,1,959.1999999999999,1,1,2,2,112,Lost
60407,2018-05-08,1020,1,1405.78,1,1,2,2,112,Lost
60411,2019-02-04,748,2,2309.67,2,2,3,2,223,About To Sleep
60454,2018-02-22,1095,1,1989.0,1,1,2,2,112,Lost
60722,2019-07-29,573,1,3313.85,3,1,3,2,313,Need Attention
60892,2020-08-27,178,1,1729.87,5,1,2,2,512,Potential Loyalists
61718,2020-12-30,53,2,4645.14,5,2,4,3,524,Potential Loyalists
61773,2020-06-04,262,3,1805.91,5,4,2,3,542,Potential Loyalists
61881,2021-01-02,50,2,2887.1600000000003,5,2,3,2,523,Potential Loyalists
61947,2019-10-12,498,2,2507.71,3,2,3,2,323,Need Attention
62017,2020-09-02,172,1,479.97,5,1,1,1,511,New Customers
62076,2019-12-25,424,1,1199.96,4,1,2,2,412,Potential Loyalists
62125,2018-01-19,1129,1,899.95,1,1,2,2,112,Lost
62163,2019-02-15,737,3,5496.9400000000005,2,4,4,4,244,At Risk
62416,2019-08-20,551,2,1997.94,3,2,2,2,322,Need Attention
62590,2021-01-12,40,1,556.0,5,1,1,1,511,New Customers
63342,2020-01-29,389,1,9301.25,4,1,5,3,415,Loyal Customers
63681,2019-02-14,738,1,2916.98,2,1,3,2,213,About To Sleep
64037,2019-07-04,598,1,13.89,3,1,1,1,311,Promising
64511,2018-10-23,852,2,11205.0,2,2,5,4,225,At Risk
64764,2019-11-08,471,2,7258.99,3,2,4,3,324,Need Attention
64842,2019-11-17,462,1,6934.98,3,1,4,2,314,Need Attention
65163,2019-10-26,484,2,229.64,3,2,1,2,321,Need Attention
65180,2019-06-08,624,1,11362.4,2,1,5,3,215,At Risk
65269,2020-01-04,414,4,7731.15,4,5,5,5,455,Champions
65283,2019-03-06,718,2,4496.4,2,2,4,3,224,At Risk
65372,2020-12-29,54,3,5865.28,5,4,4,4,544,Loyal Customers
65507,2019-10-05,505,1,379.94,3,1,1,1,311,Promising
66352,2019-07-29,573,1,899.0,3,1,2,2,312,Need Attention
67066,2020-01-29,389,2,8724.84,4,2,5,4,425,Loyal Customers
67157,2020-03-06,352,2,10420.96,4,2,5,4,425,Loyal Customers
67217,2020-01-01,417,2,4502.91,4,2,4,3,424,Loyal Customers
67369,2020-01-10,408,1,2765.4,4,1,3,2,413,Potential Loyalists
67455,2019-05-15,648,1,5073.0,2,1,4,2,214,About To Sleep
67744,2019-05-14,649,1,118.0,2,1,1,1,211,About To Sleep
68082,2018-02-23,1094,1,1182.99,1,1,2,2,112,Lost
68537,2017-09-02,1268,1,1183.68,1,1,2,2,112,Lost
68882,2018-01-09,1139,1,74.97,1,1,1,1,111,Lost
69066,2019-12-17,432,1,210.68,4,1,1,1,411,New Customers
69557,2019-03-02,722,1,3359.49,2,1,3,2,213,About To Sleep
69645,2017-07-10,1322,1,199.95,1,1,1,1,111,Lost
69707,2019-07-10,592,2,1543.23,3,2,2,2,322,Need Attention
69754,2021-01-29,23,1,139.0,5,1,1,1,511,New Customers
69812,2019-07-25,577,1,1606.96,3,1,2,2,312,Need Attention
69959,2021-01-22,30,3,5509.88,5,4,4,4,544,Loyal Customers
70453,2019-02-27,725,2,2981.7200000000003,2,2,3,2,223,About To Sleep
70544,2017-06-23,1339,1,84.0,1,1,1,1,111,Lost
70584,2019-11-30,449,1,7569.65,3,1,5,3,315,Need Attention
70598,2020-10-05,139,1,1360.0,5,1,2,2,512,Potential Loyalists
70912,2020-07-08,228,3,27219.2,5,4,5,4,545,Loyal Customers
71218,2017-10-10,1230,2,14296.89,1,2,5,4,125,Can't Lose Them
71220,2019-03-15,709,1,249.98,2,1,1,1,211,About To Sleep
71282,2019-10-11,499,1,444.01,3,1,1,1,311,Promising
71333,2018-11-28,816,2,14154.279999999999,2,2,5,4,225,At Risk
71343,2018-10-21,854,1,758.8499999999999,2,1,1,1,211,About To Sleep
71511,2019-07-02,600,3,3553.6,3,4,3,4,343,Loyal Customers
71625,2018-11-06,838,2,3991.77,2,2,3,2,223,About To Sleep
72003,2020-01-17,401,2,3213.71,4,2,3,2,423,Potential Loyalists
72194,2020-02-07,380,1,76.95,4,1,1,1,411,New Customers
72812,2019-08-28,543,2,9284.86,3,2,5,4,325,Loyal Customers
72826,2019-07-17,585,1,683.95,3,1,1,1,311,Promising
73070,2019-01-29,754,2,6165.92,2,2,4,3,224,At Risk
73636,2020-05-11,286,1,204.0,5,1,1,1,511,New Customers
73704,2017-03-06,1448,1,456.99,1,1,1,1,111,Lost
74071,2019-01-18,765,2,5982.15,2,2,4,3,224,At Risk
74581,2016-06-16,1711,1,774.0,1,1,1,1,111,Lost
74585,2019-11-13,466,2,4151.98,3,2,4,3,324,Need Attention
74687,2016-12-20,1524,1,2810.0,1,1,3,2,113,Lost
74845,2020-05-23,274,2,879.6500000000001,5,2,2,2,522,Potential Loyalists
74871,2019-10-26,484,1,3876.0,3,1,3,2,313,Need Attention
75555,2018-12-26,788,2,7109.42,2,2,4,3,224,At Risk
75706,2020-01-28,390,2,7039.0199999999995,4,2,4,3,424,Loyal Customers
75965,2018-11-24,820,2,6425.54,2,2,4,3,224,At Risk
75976,2018-05-14,1014,1,2352.9300000000003,1,1,3,2,113,Lost
75991,2019-07-10,592,1,1509.8899999999999,3,1,2,2,312,Need Attention
76013,2020-07-25,211,2,1387.52,5,2,2,2,522,Potential Loyalists
76021,2018-12-01,813,3,10817.92,2,4,5,4,245,At Risk
76149,2019-09-07,533,1,71.16,3,1,1,1,311,Promising
76499,2018-11-18,826,1,44.0,2,1,1,1,211,About To Sleep
76560,2020-02-20,367,2,8687.4,4,2,5,4,425,Loyal Customers
76714,2018-11-14,830,2,4949.51,2,2,4,3,224,At Risk
76891,2020-12-24,59,1,9389.8,5,1,5,3,515,Potential Loyalists
76979,2016-12-27,1517,1,549.75,1,1,1,1,111,Lost
77150,2020-03-02,356,2,6831.48,4,2,4,3,424,Loyal Customers
77290,2017-07-06,1326,1,399.99,1,1,1,1,111,Lost
77534,2018-07-22,945,1,2706.8900000000003,1,1,3,2,113,Lost
78097,2019-07-24,578,2,787.61,3,2,1,2,321,Need Attention
78428,2020-08-29,176,3,10616.26,5,4,5,4,545,Loyal Customers
78578,2020-01-08,410,1,540.0,4,1,1,1,411,New Customers
78616,2018-12-08,806,1,336.0,2,1,1,1,211,About To Sleep
79131,2017-07-25,1307,2,4287.48,1,2,4,3,124,At Risk
79191,2020-04-29,298,1,6758.35,5,1,4,2,514,Potential Loyalists
79245,2020-01-23,395,1,3497.0,4,1,3,2,413,Potential Loyalists
80029,2019-01-30,753,1,519.98,2,1,1,1,211,About To Sleep
80128,2017-03-04,1450,1,91.56,1,1,1,1,111,Lost
80155,2019-01-21,762,2,471.94,2,2,1,2,221,About To Sleep
80172,2020-02-06,381,3,11351.95,4,4,5,4,445,Loyal Customers
80273,2019-05-18,645,1,1845.97,2,1,2,2,212,About To Sleep
80598,2020-01-30,388,1,999.8,4,1,2,2,412,Potential Loyalists
81018,2017-03-15,1439,2,20727.46,1,2,5,4,125,Can't Lose Them
81720,2019-05-29,634,2,14782.869999999999,2,2,5,4,225,At Risk
82415,2020-08-07,198,3,3467.87,5,4,3,4,543,Loyal Customers
82533,2017-08-11,1290,2,409.85,1,2,1,2,121,Lost
82644,2020-06-17,249,3,5438.33,5,4,4,4,544,Loyal Customers
83643,2019-11-18,461,1,604.0,3,1,1,1,311,Promising
83651,2020-01-08,410,1,737.02,4,1,1,1,411,New Customers
83690,2016-09-13,1622,1,265.98,1,1,1,1,111,Lost
83705,2016-09-29,1606,1,3291.88,1,1,3,2,113,Lost
83985,2019-08-19,552,2,3477.5,3,2,3,2,323,Need Attention
84085,2019-11-19,460,1,6503.99,3,1,4,2,314,Need Attention
85080,2021-02-10,11,1,1152.0,5,1,2,2,512,Potential Loyalists
85124,2019-10-29,481,1,299.0,3,1,1,1,311,Promising
85265,2019-06-07,625,3,1713.8400000000001,2,4,2,3,242,At Risk
85430,2019-02-28,724,1,470.0,2,1,1,1,211,About To Sleep
85597,2017-10-07,1233,2,5794.93,1,2,4,3,124,At Risk
85609,2019-01-12,771,2,476.3,2,2,1,2,221,About To Sleep
85804,2018-05-12,1016,1,6339.95,1,1,4,2,114,Lost
85861,2020-01-08,410,2,236.33,4,2,1,2,421,Potential Loyalists
85974,2020-12-23,60,3,7581.15,5,4,5,4,545,Loyal Customers
86036,2020-02-15,372,1,2046.54,4,1,2,2,412,Potential Loyalists
86126,2018-11-09,835,2,4689.83,2,2,4,3,224,At Risk
86267,2020-11-03,110,1,3023.0,5,1,3,2,513,Potential Loyalists
86465,2019-11-08,471,2,85.97,3,2,1,2,321,Need Attention
86472,2019-06-29,603,1,2664.8,3,1,3,2,313,Need Attention
86475,2019-08-14,557,2,4917.72,3,2,4,3,324,Need Attention
87229,2019-06-15,617,1,499.9,2,1,1,1,211,About To Sleep
87690,2020-09-28,146,1,1425.04,5,1,2,2,512,Potential Loyalists
87891,2019-01-10,773,1,443.37,2,1,1,1,211,About To Sleep
88047,2018-06-06,991,1,879.6,1,1,2,2,112,Lost
88785,2019-08-29,542,2,2187.98,3,2,3,2,323,Need Attention
88791,2017-02-24,1458,1,4064.0,1,1,3,2,113,Lost
88897,2019-07-02,600,2,4086.18,3,2,4,3,324,Need Attention
89416,2019-07-08,594,1,897.0,3,1,2,2,312,Need Attention
89721,2018-07-05,962,2,4214.93,1,2,4,3,124,At Risk
89946,2019-06-12,620,2,3311.92,2,2,3,2,223,About To Sleep
90037,2018-12-29,785,1,865.98,2,1,2,2,212,About To Sleep
90079,2019-12-21,428,3,770.06,4,4,1,2,441,Potential Loyalists
90316,2019-12-26,423,2,4917.1900000000005,4,2,4,3,424,Loyal Customers
90893,2018-01-05,1143,1,7273.540000000001,1,1,4,2,114,Lost
91218,2018-07-14,953,1,118.6,1,1,1,1,111,Lost
91545,2018-11-09,835,1,479.97,2,1,1,1,211,About To Sleep
91756,2019-01-05,778,1,265.65000000000003,2,1,1,1,211,About To Sleep
91913,2019-06-29,603,1,1174.7,3,1,2,2,312,Need Attention
91918,2020-05-06,291,2,476.6,5,2,1,2,521,Potential Loyalists
92275,2017-09-02,1268,1,2249.98,1,1,3,2,113,Lost
92311,2018-12-17,797,1,1608.95,2,1,2,2,212,About To Sleep
92920,2018-09-12,893,1,6696.9,1,1,4,2,114,Lost
93314,2019-05-27,636,3,10143.55,2,4,5,4,245,At Risk
93339,2017-03-04,1450,1,12421.56,1,1,5,3,115,At Risk
93389,2019-09-21,519,2,149.88,3,2,1,2,321,Need Attention
93788,2018-09-06,899,1,470.0,1,1,1,1,111,Lost
94554,2018-12-15,799,1,5360.92,2,1,4,2,214,About To Sleep
94758,2019-06-19,613,2,4150.81,2,2,4,3,224,At Risk
95043,2019-02-27,725,2,983.75,2,2,2,2,222,About To Sleep
95275,2018-02-24,1093,1,1807.68,1,1,2,2,112,Lost
96331,2020-12-26,57,3,3654.3100000000004,5,4,3,4,543,Loyal Customers
96631,2019-11-05,474,1,232.0,3,1,1,1,311,Promising
97219,2020-01-20,398,1,349.0,4,1,1,1,411,New Customers
97228,2016-04-29,1759,1,809.96,1,1,1,1,111,Lost
97611,2019-06-14,618,4,7042.15,2,5,4,4,254,At Risk
98002,2019-05-02,661,3,5283.76,2,4,4,4,244,At Risk
98185,2019-09-11,529,1,899.95,3,1,2,2,312,Need Attention
98583,2019-01-24,759,1,1832.72,2,1,2,2,212,About To Sleep
99189,2017-06-07,1355,1,276.0,1,1,1,1,111,Lost
99711,2019-07-24,578,2,2176.4,3,2,3,2,323,Need Attention
99810,2020-05-26,271,2,4993.22,5,2,4,3,524,Potential Loyalists
99988,2019-06-03,629,2,7592.9400000000005,2,2,5,4,225,At Risk
100040,2018-08-30,906,1,4158.0,1,1,4,2,114,Lost
100092,2020-08-14,191,4,9238.699999999999,5,5,5,5,555,Champions
100361,2020-01-01,417,1,9.99,4,1,1,1,411,New Customers
100386,2019-10-12,498,1,2240.62,3,1,3,2,313,Need Attention
101064,2019-04-27,666,1,349.39,2,1,1,1,211,About To Sleep
101100,2019-09-24,516,1,6565.7,3,1,4,2,314,Need Attention
102466,2019-02-15,737,2,1770.99,2,2,2,2,222,About To Sleep
102503,2017-05-26,1367,1,12608.48,1,1,5,3,115,At Risk
102817,2019-08-17,554,1,673.44,3,1,1,1,311,Promising
104456,2019-10-22,488,3,4112.67,3,4,4,4,344,Loyal Customers
104748,2020-01-14,404,2,3459.34,4,2,3,2,423,Potential Loyalists
105107,2019-01-09,774,1,299.9,2,1,1,1,211,About To Sleep
105126,2019-06-15,617,1,947.92,2,1,2,2,212,About To Sleep
105417,2019-11-25,454,1,7479.39,3,1,4,2,314,Need Attention
105595,2020-01-29,389,1,3036.9,4,1,3,2,413,Potential Loyalists
105647,2019-12-30,419,6,10318.94,4,5,5,5,455,Champions
106039,2019-07-13,589,1,198.0,3,1,1,1,311,Promising
106880,2018-03-05,1084,2,11398.93,1,2,5,4,125,Can't Lose Them
107299,2018-03-13,1076,1,1294.89,1,1,2,2,112,Lost
108022,2020-10-29,115,1,1874.97,5,1,2,2,512,Potential Loyalists
108311,2020-02-14,373,3,7101.17,4,4,4,4,444,Loyal Customers
109148,2019-11-29,450,2,2533.7,3,2,3,2,323,Need Attention
109580,2018-02-24,1093,2,751.98,1,2,1,2,121,Lost
109977,2020-01-04,414,1,319.79,4,1,1,1,411,New Customers
111207,2018-05-30,998,1,3030.26,1,1,3,2,113,Lost
111492,2020-02-21,366,2,2926.33,4,2,3,2,423,Potential Loyalists
111568,2020-02-29,358,1,5061.96,4,1,4,2,414,Potential Loyalists
112287,2020-03-17,341,1,219.98,5,1,1,1,511,New Customers
112762,2018-12-10,804,2,2968.99,2,2,3,2,223,About To Sleep
113121,2020-02-07,380,1,2070.0,4,1,2,2,412,Potential Loyalists
113244,2020-02-05,382,3,6092.53,4,4,4,4,444,Loyal Customers
113290,2020-04-30,297,1,3034.99,5,1,3,2,513,Potential Loyalists
113294,2020-02-08,379,1,3476.0,4,1,3,2,413,Potential Loyalists
113448,2020-02-21,366,2,5226.820000000001,4,2,4,3,424,Loyal Customers
113481,2018-10-19,856,2,7321.679999999999,2,2,4,3,224,At Risk
113635,2018-06-09,988,1,722.73,1,1,1,1,111,Lost
113833,2020-01-04,414,1,548.97,4,1,1,1,411,New Customers
114070,2019-06-12,620,2,18796.559999999998,2,2,5,4,225,At Risk
114201,2018-12-21,793,1,653.96,2,1,1,1,211,About To Sleep
114561,2019-09-26,514,2,1465.93,3,2,2,2,322,Need Attention
114916,2018-12-22,792,2,3842.35,2,2,3,2,223,About To Sleep
114949,2021-01-06,46,3,5598.29,5,4,4,4,544,Loyal Customers
115168,2019-09-12,528,1,206.13,3,1,1,1,311,Promising
115335,2020-02-28,359,2,14826.55,4,2,5,4,425,Loyal Customers
115447,2020-02-29,358,2,11870.29,4,2,5,4,425,Loyal Customers
115452,2019-05-08,655,1,853.99,2,1,2,2,212,About To Sleep
115902,2017-12-28,1151,1,4033.7300000000005,1,1,3,2,113,Lost
116149,2020-05-08,289,4,5156.5,5,5,4,4,554,Loyal Customers
116524,2020-12-26,57,3,3667.6499999999996,5,4,3,4,543,Loyal Customers
116571,2017-12-30,1149,1,4712.0,1,1,4,2,114,Lost
116824,2019-06-19,613,1,382.32,2,1,1,1,211,About To Sleep
117048,2017-10-24,1216,1,877.5,1,1,2,2,112,Lost
117386,2018-02-03,1114,1,199.98,1,1,1,1,111,Lost
117496,2020-06-25,241,1,1837.92,5,1,2,2,512,Potential Loyalists
117995,2019-10-22,488,1,1140.0,3,1,2,2,312,Need Attention
118271,2019-05-11,652,3,14463.82,2,4,5,4,245,At Risk
118451,2019-12-05,444,1,2498.0,3,1,3,2,313,Need Attention
118540,2016-02-27,1821,1,5300.93,1,1,4,2,114,Lost
118829,2020-12-10,73,3,4023.55,5,4,3,4,543,Loyal Customers
118902,2020-07-11,225,1,110.97,5,1,1,1,511,New Customers
119085,2019-09-18,522,2,7763.8,3,2,5,4,325,Loyal Customers
119365,2019-03-07,717,1,3444.93,2,1,3,2,213,About To Sleep
120398,2019-01-22,761,1,493.0,2,1,1,1,211,About To Sleep
120607,2019-12-14,435,1,1823.98,3,1,2,2,312,Need Attention
120802,2019-02-17,735,1,417.58,2,1,1,1,211,About To Sleep
120952,2018-06-07,990,1,872.4,1,1,2,2,112,Lost
121324,2018-11-30,814,1,194.95,2,1,1,1,211,About To Sleep
121376,2019-11-01,478,1,2916.96,3,1,3,2,313,Need Attention
121813,2019-02-14,738,1,2684.6000000000004,2,1,3,2,213,About To Sleep
121958,2016-06-28,1699,2,4940.4,1,2,4,3,124,At Risk
122096,2017-12-28,1151,1,1551.93,1,1,2,2,112,Lost
122511,2016-02-17,1831,1,1854.92,1,1,2,2,112,Lost
122533,2019-06-20,612,3,13766.89,2,4,5,4,245,At Risk
123266,2019-12-27,422,2,1532.8000000000002,4,2,2,2,422,Potential Loyalists
123353,2019-11-16,463,2,2836.96,3,2,3,2,323,Need Attention
124444,2019-12-12,437,1,96.0,3,1,1,1,311,Promising
124719,2017-07-06,1326,2,2185.46,1,2,3,2,123,Lost
124722,2020-10-15,129,1,5569.96,5,1,4,2,514,Potential Loyalists
125008,2016-08-20,1646,1,990.0,1,1,2,2,112,Lost
125033,2019-08-30,541,1,56.99,3,1,1,1,311,Promising
125236,2019-01-05,778,2,20928.02,2,2,5,4,225,At Risk
125254,2019-09-28,512,1,547.54,3,1,1,1,311,Promising
125391,2017-10-05,1235,1,1876.0,1,1,2,2,112,Lost
125649,2020-02-21,366,2,451.97,4,2,1,2,421,Potential Loyalists
125764,2017-10-31,1209,1,3390.96,1,1,3,2,113,Lost
125784,2020-01-01,417,2,2134.94,4,2,2,2,422,Potential Loyalists
125873,2019-02-27,725,1,1726.6,2,1,2,2,212,About To Sleep
125950,2016-01-26,1853,1,506.87,1,1,1,1,111,Lost
126083,2020-08-20,185,2,15401.43,5,2,5,4,525,Loyal Customers
126320,2020-02-20,367,1,1076.0,4,1,2,2,412,Potential Loyalists
126573,2017-06-03,1359,2,2479.0,1,2,3,2,123,Lost
126633,2017-07-29,1303,2,3667.96,1,2,3,2,123,Lost
126744,2020-07-09,227,1,4692.0,5,1,4,2,514,Potential Loyalists
126838,2019-07-10,592,1,1030.5,3,1,2,2,312,Need Attention
126852,2018-05-23,1005,2,5980.58,1,2,4,3,124,At Risk
127015,2019-10-18,492,5,11940.12,3,5,5,5,355,Loyal Customers
127146,2019-01-03,780,1,624.0,2,1,1,1,211,About To Sleep
127193,2016-01-30,1849,1,1962.92,1,1,2,2,112,Lost
127239,2020-12-19,64,1,343.42,5,1,1,1,511,New Customers
127283,2020-01-02,416,1,259.99,4,1,1,1,411,New Customers
127417,2019-09-09,531,1,7741.29,3,1,5,3,315,Need Attention
127943,2020-05-28,269,3,8122.05,5,4,5,4,545,Loyal Customers
128179,2016-04-30,1758,1,526.97,1,1,1,1,111,Lost
128305,2020-05-13,284,4,4613.99,5,5,4,4,554,Loyal Customers
129176,2018-12-26,788,2,7404.88,2,2,4,3,224,At Risk
129318,2016-01-02,1877,1,1970.0,1,1,2,2,112,Lost
129494,2018-12-19,795,2,10826.609999999999,2,2,5,4,225,At Risk
129540,2019-08-13,558,2,3268.56,3,2,3,2,323,Need Attention
129554,2019-12-03,446,2,5283.95,3,2,4,3,324,Need Attention
129581,2018-08-07,929,1,3529.62,1,1,3,2,113,Lost
129698,2020-02-27,360,1,54.0,4,1,1,1,411,New Customers
130214,2016-02-02,1846,1,8844.15,1,1,5,3,115,At Risk
130270,2017-11-22,1187,1,3309.82,1,1,3,2,113,Lost
130585,2017-03-02,1452,1,412.93,1,1,1,1,111,Lost
130670,2019-12-25,424,3,4652.72,4,4,4,4,444,Loyal Customers
130750,2017-12-14,1165,1,1362.56,1,1,2,2,112,Lost
131067,2019-10-07,503,1,2831.0,3,1,3,2,313,Need Attention
131758,2017-06-29,1333,1,1436.4,1,1,2,2,112,Lost
131976,2016-09-28,1607,2,10823.93,1,2,5,4,125,Can't Lose Them
132377,2018-12-26,788,1,801.74,2,1,1,1,211,About To Sleep
132701,2016-09-03,1632,1,7019.98,1,1,4,2,114,Lost
132774,2019-10-17,493,2,2804.0,3,2,3,2,323,Need Attention
133358,2020-02-14,373,2,9660.13,4,3,5,4,435,Loyal Customers
133458,2020-01-21,397,2,4628.96,4,3,4,4,434,Loyal Customers
133761,2018-01-26,1122,2,2458.87,1,3,3,3,133,At Risk
133787,2019-08-05,566,2,8201.5,3,3,5,4,335,Loyal Customers
133905,2019-05-25,638,1,2470.9700000000003,2,1,3,2,213,About To Sleep
133928,2017-09-30,1240,1,2700.0,1,1,3,2,113,Lost
133956,2019-08-10,561,1,11145.4,3,1,5,3,315,Need Attention
133986,2017-05-06,1387,1,10871.85,1,1,5,3,115,At Risk
134230,2018-02-17,1100,1,73.39,1,1,1,1,111,Lost
134281,2020-02-24,363,2,3874.9700000000003,4,3,3,3,433,Loyal Customers
135020,2016-02-20,1828,1,1619.4,1,1,2,2,112,Lost
135374,2019-05-13,650,1,347.98,2,1,1,1,211,About To Sleep
135675,2019-12-26,423,1,161.94,4,1,1,1,411,New Customers
136055,2020-02-26,361,1,299.99,4,1,1,1,411,New Customers
136134,2020-01-24,394,2,5722.8,4,3,4,4,434,Loyal Customers
136284,2019-01-05,778,3,17183.78,2,4,5,4,245,At Risk
137865,2016-08-06,1660,1,1475.0,1,1,2,2,112,Lost
137949,2017-11-13,1196,1,485.52000000000004,1,1,1,1,111,Lost
138242,2020-04-29,298,4,6604.62,5,5,4,4,554,Loyal Customers
138332,2019-08-10,561,3,6268.38,3,4,4,4,344,Loyal Customers
138464,2020-03-05,353,1,2223.0,4,1,3,2,413,Potential Loyalists
138735,2021-01-07,45,2,4179.89,5,3,4,4,534,Loyal Customers
139224,2020-01-02,416,1,2615.0,4,1,3,2,413,Potential Loyalists
139376,2017-05-04,1389,1,49.5,1,1,1,1,111,Lost
139411,2019-02-22,730,1,89.98,2,1,1,1,211,About To Sleep
139479,2019-03-04,720,2,906.89,2,3,2,2,232,About To Sleep
139742,2019-12-03,446,1,4.06,3,1,1,1,311,Promising
139817,2020-01-07,411,1,433.8,4,1,1,1,411,New Customers
139856,2018-02-20,1097,1,17149.69,1,1,5,3,115,At Risk
139891,2019-08-06,565,3,2753.15,3,4,3,4,343,Loyal Customers
140004,2018-02-19,1098,1,3687.8,1,1,3,2,113,Lost
140239,2018-12-24,790,1,848.0,2,1,1,1,211,About To Sleep
140389,2017-12-23,1156,1,22.89,1,1,1,1,111,Lost
140829,2018-12-06,808,1,11608.68,2,1,5,3,215,At Risk
140872,2019-11-13,466,1,1149.5,3,1,2,2,312,Need Attention
140911,2020-02-05,382,1,559.0,4,1,1,1,411,New Customers
140956,2020-01-03,415,1,1009.89,4,1,2,2,412,Potential Loyalists
140972,2018-05-19,1009,1,3122.6,1,1,3,2,113,Lost
141179,2016-08-04,1662,1,329.97,1,1,1,1,111,Lost
141238,2016-08-06,1660,1,7100.97,1,1,4,2,114,Lost
141338,2021-01-13,39,2,5157.26,5,3,4,4,534,Loyal Customers
141696,2017-05-20,1373,1,2543.0,1,1,3,2,113,Lost
142086,2018-08-20,916,1,1720.98,1,1,2,2,112,Lost
142282,2018-08-01,935,2,2923.37,1,3,3,3,133,At Risk
142335,2020-05-20,277,1,599.0,5,1,1,1,511,New Customers
142837,2019-02-28,724,2,13014.369999999999,2,3,5,4,235,At Risk
143033,2019-07-13,589,2,26747.829999999998,3,3,5,4,335,Loyal Customers
143206,2019-06-12,620,1,2200.0,2,1,3,2,213,About To Sleep
143278,2016-02-24,1824,1,5445.4400000000005,1,1,4,2,114,Lost
143585,2019-12-10,439,1,12.66,3,1,1,1,311,Promising
143972,2019-01-04,779,2,7557.219999999999,2,3,5,4,235,At Risk
144080,2019-01-18,765,4,6458.29,2,5,4,4,254,At Risk
144273,2018-06-23,974,1,2498.38,1,1,3,2,113,Lost
144330,2019-03-14,710,2,916.83,2,3,2,2,232,About To Sleep
145085,2018-09-12,893,1,3020.44,1,1,3,2,113,Lost
145258,2020-02-28,359,1,1558.32,4,1,2,2,412,Potential Loyalists
145342,2016-12-31,1513,1,3980.99,1,1,3,2,113,Lost
146194,2018-08-17,919,2,7260.04,1,3,4,4,134,Can't Lose Them
146534,2018-02-14,1103,1,616.0,1,1,1,1,111,Lost
147228,2020-05-16,281,4,1615.26,5,5,2,4,552,Loyal Customers
147312,2020-02-18,369,3,2550.7200000000003,4,4,3,4,443,Loyal Customers
147341,2020-05-30,267,1,9308.92,5,1,5,3,515,Potential Loyalists
147413,2018-12-21,793,2,4990.98,2,3,4,4,234,At Risk
148348,2018-09-20,885,1,6828.24,1,1,4,2,114,Lost
148716,2019-02-25,727,3,3923.9300000000003,2,4,3,4,243,At Risk
149123,2020-03-11,347,1,41.34,4,1,1,1,411,New Customers
149353,2017-02-17,1465,1,4379.8,1,1,4,2,114,Lost
149478,2019-08-15,556,1,1417.95,3,1,2,2,312,Need Attention
149733,2018-12-11,803,2,3245.96,2,3,3,3,233,At Risk
149955,2020-03-11,347,2,29936.0,4,3,5,4,435,Loyal Customers
150762,2017-02-08,1474,1,1555.96,1,1,2,2,112,Lost
150770,2020-01-15,403,1,639.96,4,1,1,1,411,New Customers
151044,2019-01-03,780,1,16.99,2,1,1,1,211,About To Sleep
151076,2017-06-03,1359,1,2480.27,1,1,3,2,113,Lost
151318,2019-11-16,463,2,5634.0,3,3,4,4,334,Loyal Customers
151326,2021-02-20,1,1,1946.96,5,1,2,2,512,Potential Loyalists
151401,2020-09-24,150,1,3198.0,5,1,3,2,513,Potential Loyalists
151499,2019-11-04,475,2,9993.060000000001,3,3,5,4,335,Loyal Customers
151589,2018-11-02,842,1,215.0,2,1,1,1,211,About To Sleep
151628,2019-12-03,446,3,6339.900000000001,3,4,4,4,344,Loyal Customers
151851,2018-10-09,866,1,480.0,2,1,1,1,211,About To Sleep
151986,2019-11-16,463,1,1967.97,3,1,2,2,312,Need Attention
152009,2019-10-30,480,1,783.1500000000001,3,1,1,1,311,Promising
152270,2019-05-22,641,1,4546.6,2,1,4,2,214,About To Sleep
152342,2018-06-29,968,1,6563.5,1,1,4,2,114,Lost
152438,2019-12-03,446,4,3156.1800000000003,3,5,3,4,353,Loyal Customers
152445,2019-01-03,780,1,928.0,2,1,2,2,212,About To Sleep
152908,2017-07-22,1310,1,945.0,1,1,2,2,112,Lost
154042,2020-11-05,108,2,8475.65,5,3,5,4,535,Loyal Customers
154163,2019-02-18,734,1,358.0,2,1,1,1,211,About To Sleep
154611,2018-12-14,800,1,513.9300000000001,2,1,1,1,211,About To Sleep
154891,2019-10-05,505,2,1902.98,3,3,2,2,332,Need Attention
154973,2018-02-20,1097,1,349.0,1,1,1,1,111,Lost
155350,2020-06-09,257,2,3507.0299999999997,5,3,3,3,533,Potential Loyalists
155388,2018-12-22,792,1,4733.8,2,1,4,2,214,About To Sleep
155611,2021-01-09,43,1,4356.6,5,1,4,2,514,Potential Loyalists
155656,2020-08-20,185,1,398.0,5,1,1,1,511,New Customers
155797,2017-01-12,1501,1,3942.49,1,1,3,2,113,Lost
156006,2018-11-30,814,1,282.12,2,1,1,1,211,About To Sleep
156070,2020-10-03,141,1,1239.78,5,1,2,2,512,Potential Loyalists
156286,2019-12-19,430,2,3463.48,4,3,3,3,433,Loyal Customers
156399,2018-09-07,898,1,519.97,1,1,1,1,111,Lost
156795,2018-11-19,825,3,1907.8899999999999,2,4,2,3,242,At Risk
156814,2018-05-22,1006,1,1115.72,1,1,2,2,112,Lost
156902,2020-10-19,125,1,576.0,5,1,1,1,511,New Customers
157171,2016-09-28,1607,1,319.98,1,1,1,1,111,Lost
157872,2018-10-23,852,2,7052.780000000001,2,3,4,4,234,At Risk
158179,2016-09-19,1616,1,646.0,1,1,1,1,111,Lost
158191,2019-06-05,627,1,398.0,2,1,1,1,211,About To Sleep
158349,2019-06-20,612,1,4911.93,2,1,4,2,214,About To Sleep
158951,2019-12-24,425,2,518.99,4,3,1,2,431,Potential Loyalists
159123,2019-02-23,729,2,964.39,2,3,2,2,232,About To Sleep
159137,2017-08-16,1285,1,265.23,1,1,1,1,111,Lost
159242,2019-08-10,561,1,1108.52,3,1,2,2,312,Need Attention
159255,2020-06-24,242,1,2160.9700000000003,5,1,2,2,512,Potential Loyalists
159270,2019-09-25,515,1,1949.7,3,1,2,2,312,Need Attention
159547,2020-10-10,134,2,459.9,5,3,1,2,531,Potential Loyalists
159816,2019-09-21,519,1,129.12,3,1,1,1,311,Promising
160124,2019-12-21,428,1,601.99,4,1,1,1,411,New Customers
160533,2019-03-05,719,1,9996.0,2,1,5,3,215,At Risk
160624,2020-08-11,194,2,1534.09,5,3,2,2,532,Potential Loyalists
160804,2019-12-17,432,2,730.74,4,3,1,2,431,Potential Loyalists
161038,2020-11-26,87,1,1500.3899999999999,5,1,2,2,512,Potential Loyalists
161095,2019-10-19,491,4,16086.48,3,5,5,5,355,Loyal Customers
161286,2019-01-07,776,3,3769.8,2,4,3,4,243,At Risk
161493,2016-08-03,1663,1,1926.99,1,1,2,2,112,Lost
161613,2019-02-23,729,1,749.49,2,1,1,1,211,About To Sleep
161742,2019-12-18,431,2,1735.88,4,3,2,2,432,Potential Loyalists
161879,2020-12-23,60,2,5502.61,5,3,4,4,534,Loyal Customers
161962,2016-05-10,1748,1,561.04,1,1,1,1,111,Lost
162091,2019-03-12,712,1,9340.0,2,1,5,3,215,At Risk
162181,2018-05-25,1003,1,1194.0,1,1,2,2,112,Lost
162300,2018-05-17,1011,2,5329.92,1,3,4,4,134,Can't Lose Them
162355,2017-04-26,1397,1,660.0,1,1,1,1,111,Lost
162784,2020-02-19,368,2,500.38,4,3,1,2,431,Potential Loyalists
162905,2016-10-11,1594,1,273.61,1,1,1,1,111,Lost
163186,2019-10-31,479,1,2437.0,3,1,3,2,313,Need Attention
163416,2020-06-08,258,1,698.0,5,1,1,1,511,New Customers
163706,2019-07-20,582,2,1928.02,3,3,2,2,332,Need Attention
163849,2021-01-19,33,1,1881.59,5,1,2,2,512,Potential Loyalists
163999,2019-06-25,607,1,777.05,2,1,1,1,211,About To Sleep
164129,2017-12-26,1153,1,19.98,1,1,1,1,111,Lost
164579,2016-10-05,1600,1,13.98,1,1,1,1,111,Lost
165032,2018-02-28,1089,3,6386.9,1,4,4,4,144,Can't Lose Them
165336,2020-02-01,386,1,888.0,4,1,2,2,412,Potential Loyalists
165581,2019-08-29,542,2,5000.4,3,3,4,4,334,Loyal Customers
165611,2018-12-09,805,1,5304.0,2,1,4,2,214,About To Sleep
165649,2018-02-12,1105,1,478.55,1,1,1,1,111,Lost
165801,2020-03-14,344,1,99.98,5,1,1,1,511,New Customers
166366,2017-06-15,1347,1,4689.12,1,1,4,2,114,Lost
166456,2019-12-03,446,2,4241.0,3,3,4,4,334,Loyal Customers
166599,2019-05-20,643,2,1479.57,2,3,2,2,232,About To Sleep
166813,2019-12-18,431,4,4071.8,4,5,3,4,453,Loyal Customers
166838,2018-08-14,922,1,2276.94,1,1,3,2,113,Lost
167115,2020-05-16,281,1,1083.01,5,1,2,2,512,Potential Loyalists
167153,2020-06-26,240,1,269.95,5,1,1,1,511,New Customers
167214,2021-01-21,31,2,1956.83,5,3,2,2,532,Potential Loyalists
167257,2019-12-19,430,1,527.38,4,1,1,1,411,New Customers
167382,2020-03-12,346,1,14426.56,4,1,5,3,415,Loyal Customers
167441,2017-10-14,1226,1,4949.8,1,1,4,2,114,Lost
167444,2020-08-19,186,1,3722.84,5,1,3,2,513,Potential Loyalists
167874,2018-12-08,806,1,8364.0,2,1,5,3,215,At Risk
167962,2020-01-13,405,1,231.96,4,1,1,1,411,New Customers
168089,2019-10-18,492,2,639.85,3,3,1,2,331,Need Attention
168899,2020-01-28,390,2,7771.92,4,3,5,4,435,Loyal Customers
169067,2018-12-22,792,1,571.53,2,1,1,1,211,About To Sleep
169470,2018-07-21,946,2,1317.0,1,3,2,2,132,Lost
169633,2019-07-30,572,1,7249.4400000000005,3,1,4,2,314,Need Attention
170077,2019-10-13,497,2,4982.98,3,3,4,4,334,Loyal Customers
170467,2019-11-02,477,1,7272.0,3,1,4,2,314,Need Attention
171030,2019-05-18,645,1,416.0,2,1,1,1,211,About To Sleep
171237,2020-01-23,395,1,599.0,4,1,1,1,411,New Customers
171253,2019-03-08,716,2,778.96,2,3,1,2,231,About To Sleep
172387,2019-07-12,590,1,570.97,3,1,1,1,311,Promising
173245,2019-11-09,470,1,484.94,3,1,1,1,311,Promising
174176,2020-09-23,151,4,3702.07,5,5,3,4,553,Loyal Customers
174622,2019-09-14,526,2,809.42,3,3,1,2,331,Need Attention
174819,2019-05-25,638,1,3669.98,2,1,3,2,213,About To Sleep
175184,2018-09-05,900,1,659.9399999999999,1,1,1,1,111,Lost
175282,2018-10-15,860,2,2145.88,2,3,2,2,232,About To Sleep
175310,2020-05-26,271,1,1567.3400000000001,5,1,2,2,512,Potential Loyalists
175556,2019-07-25,577,1,817.94,3,1,1,1,311,Promising
175741,2019-08-24,547,1,220.9,3,1,1,1,311,Promising
176310,2019-07-19,583,1,101.34,3,1,1,1,311,Promising
176531,2019-02-22,730,1,539.9,2,1,1,1,211,About To Sleep
176800,2017-10-06,1234,1,1281.67,1,1,2,2,112,Lost
176813,2017-10-19,1221,1,1347.1399999999999,1,1,2,2,112,Lost
177231,2017-05-05,1388,1,1319.6999999999998,1,1,2,2,112,Lost
177687,2019-11-09,470,1,2191.9700000000003,3,1,3,2,313,Need Attention
177969,2020-05-09,288,1,6559.709999999999,5,1,4,2,514,Potential Loyalists
178133,2019-05-14,649,2,1184.6499999999999,2,3,2,2,232,About To Sleep
178265,2018-12-19,795,1,701.97,2,1,1,1,211,About To Sleep
178302,2019-07-31,571,2,1550.8600000000001,3,3,2,2,332,Need Attention
178612,2020-05-21,276,1,140.97,5,1,1,1,511,New Customers
178780,2019-06-03,629,2,5225.88,2,3,4,4,234,At Risk
179144,2019-02-09,743,2,10502.92,2,3,5,4,235,At Risk
179278,2018-08-02,934,1,4777.3,1,1,4,2,114,Lost
179287,2019-12-24,425,1,178.0,4,1,1,1,411,New Customers
179431,2019-08-24,547,2,912.8900000000001,3,3,2,2,332,Need Attention
180348,2017-10-28,1212,1,219.98,1,1,1,1,111,Lost
180599,2020-03-13,345,1,2551.0899999999997,4,1,3,2,413,Potential Loyalists
180605,2019-05-01,662,3,1288.74,2,4,2,3,242,At Risk
180678,2021-01-06,46,3,2445.62,5,4,3,4,543,Loyal Customers
180820,2019-09-10,530,1,1267.98,3,1,2,2,312,Need Attention
181317,2018-12-13,801,1,1378.3,2,1,2,2,212,About To Sleep
181488,2018-12-07,807,2,5506.219999999999,2,3,4,4,234,At Risk
181622,2019-05-01,662,1,188.0,2,1,1,1,211,About To Sleep
181881,2019-07-25,577,2,9415.4,3,3,5,4,335,Loyal Customers
181892,2019-11-06,473,1,1120.0,3,1,2,2,312,Need Attention
182177,2018-10-25,850,1,1116.95,2,1,2,2,212,About To Sleep
182186,2019-01-26,757,2,1880.45,2,3,2,2,232,About To Sleep
182208,2017-11-11,1198,1,7432.6,1,1,4,2,114,Lost
183169,2020-08-05,200,3,4634.66,5,4,4,4,544,Loyal Customers
183264,2019-12-31,418,3,2955.63,4,4,3,4,443,Loyal Customers
183354,2020-12-05,78,1,1368.5,5,1,2,2,512,Potential Loyalists
183954,2020-11-04,109,1,488.70000000000005,5,1,1,1,511,New Customers
184327,2018-06-04,993,1,24.97,1,1,1,1,111,Lost
185061,2020-02-19,368,1,479.97,4,1,1,1,411,New Customers
185180,2020-06-03,263,4,8242.24,5,5,5,5,555,Champions
185409,2019-01-08,775,1,1673.97,2,1,2,2,212,About To Sleep
186136,2019-10-14,496,2,1516.7,3,3,2,2,332,Need Attention
186193,2020-04-25,302,1,447.0,5,1,1,1,511,New Customers
186266,2019-01-03,780,1,657.0,2,1,1,1,211,About To Sleep
186798,2018-09-11,894,1,1872.59,1,1,2,2,112,Lost
186894,2020-12-23,60,4,18283.25,5,5,5,5,555,Champions
186985,2019-05-11,652,1,2403.0,2,1,3,2,213,About To Sleep
187301,2019-12-28,421,1,838.17,4,1,1,1,411,New Customers
187349,2019-09-07,533,1,869.5799999999999,3,1,2,2,312,Need Attention
187544,2018-12-29,785,1,3.35,2,1,1,1,211,About To Sleep
187653,2020-02-20,367,2,16778.46,4,3,5,4,435,Loyal Customers
187750,2019-11-18,461,2,5104.429999999999,3,3,4,4,334,Loyal Customers
188311,2019-06-08,624,1,689.92,2,1,1,1,211,About To Sleep
188404,2019-02-16,736,2,5625.6,2,3,4,4,234,At Risk
188670,2020-01-28,390,2,3838.97,4,3,3,3,433,Loyal Customers
188712,2016-05-19,1739,1,1394.52,1,1,2,2,112,Lost
189113,2020-02-07,380,1,387.0,4,1,1,1,411,New Customers
189414,2019-01-08,775,1,1335.32,2,1,2,2,212,About To Sleep
189459,2019-02-26,726,1,1939.98,2,1,2,2,212,About To Sleep
190347,2020-01-03,415,1,83.34,4,1,1,1,411,New Customers
190882,2020-09-26,148,2,16940.6,5,3,5,4,535,Loyal Customers
190919,2021-01-02,50,2,2042.89,5,3,2,2,532,Potential Loyalists
190944,2019-12-27,422,3,11760.54,4,4,5,4,445,Loyal Customers
191211,2020-05-27,270,2,13292.33,5,3,5,4,535,Loyal Customers
191711,2017-11-04,1205,1,10730.89,1,1,5,3,115,At Risk
192139,2018-01-11,1137,1,637.75,1,1,1,1,111,Lost
192200,2019-10-15,495,2,5503.97,3,3,4,4,334,Loyal Customers
192425,2021-01-07,45,3,2209.86,5,4,3,4,543,Loyal Customers
192428,2017-06-13,1349,1,7739.88,1,1,5,3,115,At Risk
192436,2019-10-05,505,1,1806.0,3,1,2,2,312,Need Attention
192466,2019-12-21,428,1,365.89,4,1,1,1,411,New Customers
193216,2016-01-09,1870,1,1308.6,1,1,2,2,112,Lost
193445,2017-02-07,1475,1,5603.99,1,1,4,2,114,Lost
193458,2019-03-14,710,1,1843.3,2,1,2,2,212,About To Sleep
193847,2018-01-03,1145,1,3891.9700000000003,1,1,3,2,113,Lost
193929,2019-10-15,495,2,603.77,3,3,1,2,331,Need Attention
194226,2020-01-02,416,2,2637.8599999999997,4,3,3,3,433,Loyal Customers
194279,2021-01-02,50,1,512.0,5,1,1,1,511,New Customers
194359,2019-04-30,663,2,2970.81,2,3,3,3,233,At Risk
194510,2020-06-11,255,1,2936.9,5,1,3,2,513,Potential Loyalists
195521,2016-01-07,1872,1,3678.98,1,1,3,2,113,Lost
195613,2020-06-08,258,1,119.8,5,1,1,1,511,New Customers
196161,2019-12-24,425,1,303.6,4,1,1,1,411,New Customers
196288,2018-05-17,1011,1,13573.29,1,1,5,3,115,At Risk
196331,2018-11-01,843,1,847.8999999999999,2,1,1,1,211,About To Sleep
196921,2019-01-23,760,2,9451.95,2,3,5,4,235,At Risk
197088,2019-12-17,432,1,6387.08,4,1,4,2,414,Potential Loyalists
197192,2020-06-17,249,2,5380.77,5,3,4,4,534,Loyal Customers
197212,2019-08-26,545,2,916.71,3,3,2,2,332,Need Attention
197655,2017-12-20,1159,1,25.69,1,1,1,1,111,Lost
198128,2020-07-12,224,1,1442.7399999999998,5,1,2,2,512,Potential Loyalists
198616,2019-04-29,664,1,2274.0,2,1,3,2,213,About To Sleep
198627,2018-06-28,969,1,289.99,1,1,1,1,111,Lost
198716,2019-11-04,475,1,3992.26,3,1,3,2,313,Need Attention
199120,2018-09-24,881,2,2546.7799999999997,1,3,3,3,133,At Risk
199288,2016-09-20,1615,1,1342.59,1,1,2,2,112,Lost
200208,2020-08-04,201,3,6209.900000000001,5,4,4,4,544,Loyal Customers
200370,2020-03-13,345,1,2786.0,4,1,3,2,413,Potential Loyalists
200727,2020-06-18,248,3,5402.44,5,4,4,4,544,Loyal Customers
200765,2020-03-07,351,1,53.97,4,1,1,1,411,New Customers
200860,2019-10-29,481,1,1520.0,3,1,2,2,312,Need Attention
200903,2016-05-10,1748,1,169.99,1,1,1,1,111,Lost
200992,2016-02-17,1831,1,43.0,1,1,1,1,111,Lost
201299,2020-01-24,394,3,9279.66,4,4,5,4,445,Loyal Customers
201664,2019-12-25,424,3,6722.17,4,4,4,4,444,Loyal Customers
201709,2016-12-16,1528,1,1189.99,1,1,2,2,112,Lost
201728,2017-07-19,1313,1,1429.96,1,1,2,2,112,Lost
201865,2019-12-21,428,2,10277.900000000001,4,3,5,4,435,Loyal Customers
202220,2019-06-05,627,2,1211.39,2,3,2,2,232,About To Sleep
202290,2020-02-01,386,4,8281.22,4,5,5,5,455,Champions
202552,2016-12-06,1538,1,1053.8,1,1,2,2,112,Lost
202626,2019-01-26,757,1,919.99,2,1,2,2,212,About To Sleep
203076,2016-11-23,1551,1,312.0,1,1,1,1,111,Lost
203191,2021-01-06,46,3,12342.84,5,4,5,4,545,Loyal Customers
203836,2019-08-30,541,2,5145.76,3,3,4,4,334,Loyal Customers
203916,2019-06-29,603,1,4792.0,3,1,4,2,314,Need Attention
204030,2018-12-31,783,1,928.0,2,1,2,2,212,About To Sleep
204136,2020-02-01,386,3,14130.19,4,4,5,4,445,Loyal Customers
204149,2020-12-22,61,2,1482.98,5,3,2,2,532,Potential Loyalists
204488,2019-09-02,538,1,333.9,3,1,1,1,311,Promising
204502,2018-06-26,971,2,3105.92,1,3,3,3,133,At Risk
205077,2019-12-09,440,5,8137.73,3,5,5,5,355,Loyal Customers
205194,2018-07-06,961,1,2381.1,1,1,3,2,113,Lost
205333,2019-02-08,744,2,23733.87,2,3,5,4,235,At Risk
205476,2020-11-07,106,3,6480.9400000000005,5,4,4,4,544,Loyal Customers
205480,2018-10-06,869,1,81.1,2,1,1,1,211,About To Sleep
205510,2018-04-27,1031,1,798.4,1,1,1,1,111,Lost
205762,2020-12-16,67,2,4151.0,5,3,4,4,534,Loyal Customers
205862,2018-11-03,841,2,1344.92,2,3,2,2,232,About To Sleep
205955,2017-12-28,1151,1,988.0,1,1,2,2,112,Lost
206055,2016-08-09,1657,1,57.99,1,1,1,1,111,Lost
206133,2020-07-22,214,1,937.6600000000001,5,1,2,2,512,Potential Loyalists
206185,2019-11-16,463,2,2370.54,3,3,3,3,333,Need Attention
206407,2016-06-08,1719,1,903.0,1,1,2,2,112,Lost
206450,2020-05-04,293,1,4333.0,5,1,4,2,514,Potential Loyalists
206717,2016-02-27,1821,1,1582.0,1,1,2,2,112,Lost
207200,2019-12-05,444,2,1837.93,3,3,2,2,332,Need Attention
207476,2018-06-20,977,1,3816.7400000000002,1,1,3,2,113,Lost
207552,2018-05-16,1012,1,4905.98,1,1,4,2,114,Lost
207775,2020-02-20,367,1,1267.0,4,1,2,2,412,Potential Loyalists
207855,2018-10-30,845,2,1799.1,2,3,2,2,232,About To Sleep
207996,2019-08-17,554,1,1876.0,3,1,2,2,312,Need Attention
208037,2019-12-23,426,3,2181.67,4,4,3,4,443,Loyal Customers
208195,2019-12-22,427,1,1236.0,4,1,2,2,412,Potential Loyalists
208556,2016-12-07,1537,2,1503.0,1,3,2,2,132,Lost
208682,2020-04-28,299,1,1791.62,5,1,2,2,512,Potential Loyalists
208720,2019-07-18,584,2,3960.9700000000003,3,3,3,3,333,Need Attention
208825,2019-05-27,636,2,2017.97,2,3,2,2,232,About To Sleep
208987,2020-11-13,100,1,109.99,5,1,1,1,511,New Customers
209171,2018-08-22,914,2,6781.6900000000005,1,3,4,4,134,Can't Lose Them
209360,2017-02-23,1459,1,3814.9700000000003,1,1,3,2,113,Lost
209529,2019-10-19,491,2,1110.83,3,3,2,2,332,Need Attention
209628,2018-05-10,1018,1,1267.0,1,1,2,2,112,Lost
209685,2018-06-07,990,1,1475.0,1,1,2,2,112,Lost
209872,2020-02-05,382,2,454.18,4,3,1,2,431,Potential Loyalists
209922,2020-02-26,361,4,7851.2,4,5,5,5,455,Champions
209990,2019-08-07,564,3,12044.53,3,4,5,4,345,Loyal Customers
210267,2020-11-14,99,3,4351.43,5,4,4,4,544,Loyal Customers
210310,2020-01-01,417,2,10197.3,4,3,5,4,435,Loyal Customers
210320,2018-02-14,1103,1,1401.5,1,1,2,2,112,Lost
210538,2018-01-24,1124,1,4338.69,1,1,4,2,114,Lost
210689,2016-10-20,1585,1,1152.45,1,1,2,2,112,Lost
210936,2019-06-06,626,1,204.97000000000003,2,1,1,1,211,About To Sleep
211057,2020-02-27,360,2,375.99,4,3,1,2,431,Potential Loyalists
211067,2020-05-27,270,2,1108.6599999999999,5,3,2,2,532,Potential Loyalists
211214,2019-05-26,637,2,1759.0,2,3,2,2,232,About To Sleep
211486,2019-12-27,422,3,2012.72,4,4,2,3,442,Loyal Customers
211740,2019-12-07,442,3,3129.74,3,4,3,4,343,Loyal Customers
211746,2018-12-22,792,5,5165.03,2,5,4,4,254,At Risk
211809,2019-05-03,660,3,8746.95,2,4,5,4,245,At Risk
211855,2018-11-03,841,1,10796.1,2,1,5,3,215,At Risk
211862,2018-02-28,1089,1,999.9,1,1,2,2,112,Lost
211938,2020-01-15,403,1,269.9,4,1,1,1,411,New Customers
212119,2018-05-19,1009,1,2480.5,1,1,3,2,113,Lost
212167,2020-01-24,394,2,1008.95,4,3,2,2,432,Potential Loyalists
212281,2021-02-13,8,3,6987.7699999999995,5,4,4,4,544,Loyal Customers
212385,2019-05-14,649,2,3498.7,2,3,3,3,233,At Risk
212807,2020-07-09,227,2,1382.83,5,3,2,2,532,Potential Loyalists
212881,2021-02-02,19,4,4299.0,5,5,4,4,554,Loyal Customers
213157,2018-03-15,1074,1,1781.73,1,1,2,2,112,Lost
213183,2019-05-01,662,1,768.0,2,1,1,1,211,About To Sleep
213262,2016-10-29,1576,1,269.9,1,1,1,1,111,Lost
213636,2018-05-16,1012,1,285.31,1,1,1,1,111,Lost
213806,2019-12-02,447,2,6544.59,3,3,4,4,334,Loyal Customers
213985,2020-02-21,366,3,2913.6400000000003,4,4,3,4,443,Loyal Customers
214969,2020-05-29,268,1,1128.94,5,1,2,2,512,Potential Loyalists
215067,2018-11-01,843,2,2978.4,2,3,3,3,233,At Risk
215139,2020-12-17,66,3,2400.58,5,4,3,4,543,Loyal Customers
215236,2017-05-08,1385,1,53.97,1,1,1,1,111,Lost
215351,2019-08-22,549,1,102.5,3,1,1,1,311,Promising
215523,2019-08-09,562,1,2996.0,3,1,3,2,313,Need Attention
215600,2019-12-05,444,2,3893.9700000000003,3,3,3,3,333,Need Attention
215852,2020-01-28,390,1,1997.82,4,1,2,2,412,Potential Loyalists
215878,2016-10-08,1597,2,2850.02,1,3,3,3,133,At Risk
215895,2019-11-02,477,3,4599.21,3,4,4,4,344,Loyal Customers
215948,2019-12-20,429,2,4175.99,4,3,4,4,434,Loyal Customers
215955,2020-01-11,407,1,26.0,4,1,1,1,411,New Customers
216267,2019-11-13,466,4,5466.93,3,5,4,4,354,Loyal Customers
216372,2019-01-03,780,3,6886.99,2,4,4,4,244,At Risk
216550,2020-02-14,373,4,3357.04,4,5,3,4,453,Loyal Customers
216812,2021-01-15,37,1,4521.0,5,1,4,2,514,Potential Loyalists
217000,2016-09-10,1625,1,803.95,1,1,1,1,111,Lost
217020,2018-11-25,819,2,1479.6999999999998,2,3,2,2,232,About To Sleep
217102,2019-09-25,515,3,1224.92,3,4,2,3,342,Need Attention
217405,2019-12-19,430,2,1908.98,4,3,2,2,432,Potential Loyalists
217424,2017-03-14,1440,1,1340.67,1,1,2,2,112,Lost
217762,2019-10-19,491,2,4152.33,3,3,4,4,334,Loyal Customers
217859,2019-06-01,631,1,1079.8,2,1,2,2,212,About To Sleep
217910,2019-11-18,461,3,16328.88,3,4,5,4,345,Loyal Customers
218278,2019-01-24,759,1,664.9200000000001,2,1,1,1,211,About To Sleep
218298,2019-12-30,419,3,1603.8,4,4,2,3,442,Loyal Customers
218530,2019-09-19,521,2,3376.91,3,3,3,3,333,Need Attention
218565,2018-11-14,830,1,43.0,2,1,1,1,211,About To Sleep
218961,2020-01-08,410,3,3582.84,4,4,3,4,443,Loyal Customers
219073,2018-12-26,788,2,7971.93,2,3,5,4,235,At Risk
219098,2019-12-30,419,1,1401.0,4,1,2,2,412,Potential Loyalists
219411,2017-12-14,1165,1,100.88,1,1,1,1,111,Lost
219561,2020-12-30,53,1,40.55,5,1,1,1,511,New Customers
219940,2018-11-19,825,1,3339.95,2,1,3,2,213,About To Sleep
219959,2020-02-27,360,4,8854.78,4,5,5,5,455,Champions
220034,2019-09-21,519,1,2646.0,3,1,3,2,313,Need Attention
220324,2018-12-28,786,1,205.92000000000002,2,1,1,1,211,About To Sleep
220411,2018-06-23,974,1,352.75,1,1,1,1,111,Lost
220463,2020-02-10,377,2,2147.54,4,3,2,2,432,Potential Loyalists
220519,2018-12-27,787,2,33481.93,2,3,5,4,235,At Risk
220543,2020-01-16,402,2,1609.91,4,3,2,2,432,Potential Loyalists
220612,2016-12-24,1520,1,2111.19,1,1,2,2,112,Lost
220723,2020-06-06,260,3,1763.8700000000001,5,4,2,3,542,Potential Loyalists
220755,2021-01-04,48,2,4371.93,5,3,4,4,534,Loyal Customers
220756,2019-08-31,540,1,57.99,3,1,1,1,311,Promising
220775,2018-10-06,869,1,121.98,2,1,1,1,211,About To Sleep
220902,2019-02-16,736,2,1341.9,2,3,2,2,232,About To Sleep
221062,2019-12-07,442,2,390.61,3,3,1,2,331,Need Attention
221326,2019-02-20,732,1,735.73,2,1,1,1,211,About To Sleep
221410,2019-12-04,445,2,5640.45,3,3,4,4,334,Loyal Customers
221602,2017-11-11,1198,1,2052.0,1,1,2,2,112,Lost
221851,2019-11-27,452,1,1785.0,3,1,2,2,312,Need Attention
221924,2018-05-12,1016,1,1738.0,1,1,2,2,112,Lost
222287,2019-08-17,554,2,2025.15,3,3,2,2,332,Need Attention
222512,2020-05-22,275,1,1316.0,5,1,2,2,512,Potential Loyalists
222617,2019-02-09,743,2,460.76,2,3,1,2,231,About To Sleep
222847,2019-12-31,418,2,1469.94,4,3,2,2,432,Potential Loyalists
222999,2016-07-04,1693,1,1410.99,1,1,2,2,112,Lost
223081,2016-05-11,1747,1,1337.0,1,1,2,2,112,Lost
223142,2018-07-02,965,1,1795.38,1,1,2,2,112,Lost
223555,2017-08-08,1293,1,3845.1099999999997,1,1,3,2,113,Lost
223761,2020-01-15,403,4,7187.76,4,5,4,4,454,Loyal Customers
223904,2019-01-11,772,1,15.830000000000002,2,1,1,1,211,About To Sleep
224035,2020-05-12,285,4,14636.96,5,5,5,5,555,Champions
224111,2021-02-18,3,8,16405.2,5,5,5,5,555,Champions
224376,2019-12-18,431,3,2177.9700000000003,4,4,3,4,443,Loyal Customers
224416,2016-07-13,1684,1,3147.9,1,1,3,2,113,Lost
224418,2018-11-06,838,1,7515.700000000001,2,1,5,3,215,At Risk
224434,2017-02-23,1459,2,3916.28,1,3,3,3,133,At Risk
224588,2019-06-04,628,1,396.0,2,1,1,1,211,About To Sleep
225285,2017-08-29,1272,1,223.06,1,1,1,1,111,Lost
225768,2016-10-15,1590,2,2598.9,1,3,3,3,133,At Risk
226013,2018-11-09,835,2,11010.49,2,3,5,4,235,At Risk
226220,2019-06-15,617,4,19740.01,2,5,5,5,255,Can't Lose Them
226576,2020-06-26,240,2,5314.66,5,3,4,4,534,Loyal Customers
226740,2020-08-20,185,2,3168.88,5,3,3,3,533,Potential Loyalists
226833,2020-09-24,150,3,10873.84,5,4,5,4,545,Loyal Customers
227116,2016-11-16,1558,1,3859.5,1,1,3,2,113,Lost
227281,2019-08-22,549,3,10301.98,3,4,5,4,345,Loyal Customers
227338,2020-12-11,72,2,1591.77,5,3,2,2,532,Potential Loyalists
227416,2018-12-10,804,1,151.8,2,1,1,1,211,About To Sleep
227564,2017-06-24,1338,1,3589.8900000000003,1,1,3,2,113,Lost
227565,2019-09-07,533,2,2827.7799999999997,3,3,3,3,333,Need Attention
227646,2018-02-24,1093,4,11033.59,1,5,5,5,155,Can't Lose Them
227654,2017-12-16,1163,1,2097.0,1,1,2,2,112,Lost
227656,2020-06-24,242,2,4880.88,5,3,4,4,534,Loyal Customers
227898,2018-07-10,957,4,4298.57,1,5,4,4,154,Can't Lose Them
227946,2019-01-10,773,1,3655.95,2,1,3,2,213,About To Sleep
228402,2019-12-18,431,4,2660.28,4,5,3,4,453,Loyal Customers
228413,2018-06-25,972,1,3244.38,1,1,3,2,113,Lost
228792,2018-12-13,801,3,4468.9400000000005,2,4,4,4,244,At Risk
228850,2016-05-14,1744,1,11550.0,1,1,5,3,115,At Risk
229084,2020-09-21,153,1,765.0,5,1,1,1,511,New Customers
229104,2019-08-29,542,1,1619.91,3,1,2,2,312,Need Attention
229251,2018-12-16,798,2,1040.67,2,3,2,2,232,About To Sleep
229286,2020-02-26,361,1,8.12,4,1,1,1,411,New Customers
229582,2020-02-24,363,2,4199.39,4,3,4,4,434,Loyal Customers
229838,2019-10-14,496,4,6573.219999999999,3,5,4,4,354,Loyal Customers
229939,2017-09-22,1248,1,2226.9,1,1,3,2,113,Lost
229949,2019-09-26,514,2,7272.55,3,3,4,4,334,Loyal Customers
230391,2020-09-23,151,2,5287.5,5,3,4,4,534,Loyal Customers
230405,2019-06-21,611,2,852.12,2,3,2,2,232,About To Sleep
230521,2020-02-01,386,2,535.97,4,3,1,2,431,Potential Loyalists
230598,2020-02-08,379,1,654.88,4,1,1,1,411,New Customers
231898,2019-12-07,442,1,2550.2200000000003,3,1,3,2,313,Need Attention
231984,2019-10-29,481,4,11164.45,3,5,5,5,355,Loyal Customers
231997,2018-03-07,1082,1,2120.79,1,1,2,2,112,Lost
232195,2018-01-25,1123,1,200.0,1,1,1,1,111,Lost
232586,2018-09-05,900,3,648.97,1,4,1,2,141,Lost
232588,2019-07-23,579,1,1024.0,3,1,2,2,312,Need Attention
232740,2019-08-10,561,1,1489.78,3,1,2,2,312,Need Attention
232998,2019-11-21,458,2,2086.18,3,3,2,2,332,Need Attention
233477,2019-12-26,423,1,206.0,4,1,1,1,411,New Customers
233565,2020-03-10,348,1,6505.95,4,1,4,2,414,Potential Loyalists
233567,2019-09-17,523,1,1610.0,3,1,2,2,312,Need Attention
233698,2017-12-22,1157,1,10939.93,1,1,5,3,115,At Risk
233855,2017-05-20,1373,1,1365.78,1,1,2,2,112,Lost
233904,2020-02-10,377,3,5363.78,4,4,4,4,444,Loyal Customers
234326,2019-07-11,591,3,7128.200000000001,3,4,4,4,344,Loyal Customers
234648,2019-06-08,624,2,2891.93,2,3,3,3,233,At Risk
234726,2020-08-04,201,3,5721.95,5,4,4,4,544,Loyal Customers
235050,2018-02-15,1102,1,1696.98,1,1,2,2,112,Lost
235116,2019-11-10,469,1,2399.2,3,1,3,2,313,Need Attention
235133,2021-01-01,51,4,3192.22,5,5,3,4,553,Loyal Customers
235534,2019-08-30,541,2,2881.2799999999997,3,3,3,3,333,Need Attention
235730,2018-07-16,951,1,564.0,1,1,1,1,111,Lost
235891,2020-12-10,73,1,310.0,5,1,1,1,511,New Customers
236161,2019-01-18,765,2,3395.95,2,3,3,3,233,At Risk
236612,2020-07-22,214,4,12875.9,5,5,5,5,555,Champions
236812,2017-05-17,1376,1,499.98,1,1,1,1,111,Lost
236863,2019-06-01,631,1,149.0,2,1,1,1,211,About To Sleep
237541,2018-10-10,865,2,1524.9299999999998,2,3,2,2,232,About To Sleep
237557,2017-01-06,1507,2,3892.27,1,3,3,3,133,At Risk
237725,2019-12-19,430,3,8977.4,4,4,5,4,445,Loyal Customers
238065,2019-08-15,556,2,1923.71,3,3,2,2,332,Need Attention
238069,2018-03-06,1083,1,399.8,1,1,1,1,111,Lost
238385,2018-12-22,792,1,1407.0,2,1,2,2,212,About To Sleep
238625,2020-02-13,374,1,2189.9300000000003,4,1,3,2,413,Potential Loyalists
238678,2019-02-14,738,1,7034.96,2,1,4,2,214,About To Sleep
239066,2021-02-01,20,5,7555.4,5,5,5,5,555,Champions
239126,2019-06-22,610,3,21045.03,2,4,5,4,245,At Risk
239134,2021-01-13,39,3,1817.76,5,4,2,3,542,Potential Loyalists
239187,2018-12-02,812,1,737.9300000000001,2,1,1,1,211,About To Sleep
239297,2021-02-11,10,1,57.98,5,1,1,1,511,New Customers
239424,2020-01-08,410,1,969.0,4,1,2,2,412,Potential Loyalists
239502,2016-08-01,1665,1,4077.5699999999997,1,1,4,2,114,Lost
239571,2020-01-17,401,5,15487.22,4,5,5,5,455,Champions
239647,2017-07-07,1325,4,11295.96,1,5,5,5,155,Can't Lose Them
239991,2020-07-03,233,2,3384.25,5,3,3,3,533,Potential Loyalists
240017,2019-12-23,426,1,999.96,4,1,2,2,412,Potential Loyalists
240085,2017-09-26,1244,2,3223.66,1,3,3,3,133,At Risk
240328,2019-08-05,566,2,3194.9,3,3,3,3,333,Need Attention
240341,2018-01-08,1140,2,781.0,1,3,1,2,131,Lost
240347,2020-06-13,253,2,5078.08,5,3,4,4,534,Loyal Customers
240370,2020-05-15,282,1,2984.15,5,1,3,2,513,Potential Loyalists
240527,2016-09-19,1616,1,6772.33,1,1,4,2,114,Lost
240595,2019-11-14,465,2,5219.91,3,3,4,4,334,Loyal Customers
240609,2016-09-23,1612,1,143.85000000000002,1,1,1,1,111,Lost
240858,2019-07-07,595,1,499.98,3,1,1,1,311,Promising
241006,2020-02-15,372,3,4522.7,4,4,4,4,444,Loyal Customers
241230,2019-10-16,494,3,15506.67,3,4,5,4,345,Loyal Customers
241365,2020-01-11,407,2,6764.53,4,3,4,4,434,Loyal Customers
241436,2020-02-22,365,2,1122.67,4,3,2,2,432,Potential Loyalists
241450,2016-02-21,1827,1,3206.17,1,1,3,2,113,Lost
241513,2019-12-18,431,3,1231.84,4,4,2,3,442,Loyal Customers
241610,2016-12-28,1516,1,1772.6599999999999,1,1,2,2,112,Lost
241760,2019-12-18,431,2,14078.289999999999,4,3,5,4,435,Loyal Customers
241885,2019-07-18,584,2,18205.99,3,3,5,4,335,Loyal Customers
242098,2020-06-13,253,3,7043.91,5,4,4,4,544,Loyal Customers
242542,2021-01-07,45,5,9913.64,5,5,5,5,555,Champions
242571,2020-02-24,363,2,1927.92,4,3,2,2,432,Potential Loyalists
242781,2019-01-10,773,1,1624.2,2,1,2,2,212,About To Sleep
242897,2019-12-02,447,2,1870.87,3,3,2,2,332,Need Attention
242901,2021-01-16,36,4,6231.78,5,5,4,4,554,Loyal Customers
242920,2016-09-05,1630,1,1159.96,1,1,2,2,112,Lost
243036,2019-03-12,712,2,1169.97,2,3,2,2,232,About To Sleep
243209,2019-02-18,734,2,175.97,2,3,1,2,231,About To Sleep
243332,2020-03-12,346,1,6076.459999999999,4,1,4,2,414,Potential Loyalists
243341,2019-08-24,547,1,2284.0,3,1,3,2,313,Need Attention
243543,2020-06-09,257,2,3795.3199999999997,5,3,3,3,533,Potential Loyalists
243747,2020-09-14,160,1,1778.72,5,1,2,2,512,Potential Loyalists
243799,2020-06-02,264,1,3922.93,5,1,3,2,513,Potential Loyalists
243917,2016-01-02,1877,1,2965.98,1,1,3,2,113,Lost
244193,2019-12-14,435,4,15548.77,3,5,5,5,355,Loyal Customers
244320,2016-10-19,1586,1,235.96,1,1,1,1,111,Lost
244323,2020-01-15,403,1,1279.92,4,1,2,2,412,Potential Loyalists
244465,2020-02-08,379,1,4842.8,4,1,4,2,414,Potential Loyalists
244545,2020-10-06,138,1,1177.97,5,1,2,2,512,Potential Loyalists
244921,2019-11-02,477,3,7308.89,3,4,4,4,344,Loyal Customers
244936,2019-09-11,529,1,1801.58,3,1,2,2,312,Need Attention
245017,2019-07-13,589,1,1399.9,3,1,2,2,312,Need Attention
245143,2020-02-08,379,2,1104.94,4,3,2,2,432,Potential Loyalists
245649,2017-01-18,1495,1,143.85000000000002,1,1,1,1,111,Lost
245739,2020-08-14,191,3,6266.45,5,4,4,4,544,Loyal Customers
245912,2020-01-22,396,3,4979.73,4,4,4,4,444,Loyal Customers
245936,2019-10-10,500,1,869.0,3,1,2,2,312,Need Attention
246420,2020-03-03,355,4,9861.62,4,5,5,5,455,Champions
246656,2019-01-12,771,1,2278.0,2,1,3,2,213,About To Sleep
246888,2019-08-08,563,3,3338.58,3,4,3,4,343,Loyal Customers
247032,2020-02-18,369,3,6060.1,4,4,4,4,444,Loyal Customers
247129,2019-12-30,419,5,21453.96,4,5,5,5,455,Champions
247132,2020-07-06,230,2,7774.37,5,3,5,4,535,Loyal Customers
247443,2019-04-25,668,2,2743.84,2,3,3,3,233,At Risk
247706,2019-10-01,509,1,219.95,3,1,1,1,311,Promising
247866,2018-11-26,818,2,3299.02,2,3,3,3,233,At Risk
247966,2019-07-12,590,3,14644.59,3,4,5,4,345,Loyal Customers
247971,2020-03-12,346,4,5401.360000000001,4,5,4,4,454,Loyal Customers
248178,2020-12-30,53,3,671.4599999999999,5,4,1,2,541,Potential Loyalists
248406,2020-08-27,178,2,1797.66,5,3,2,2,532,Potential Loyalists
248476,2019-12-31,418,3,2967.12,4,4,3,4,443,Loyal Customers
248555,2021-01-05,47,3,1162.59,5,4,2,3,542,Potential Loyalists
248607,2019-03-07,717,3,2341.58,2,4,3,4,243,At Risk
248677,2018-06-15,982,2,10792.929999999998,1,3,5,4,135,Can't Lose Them
248690,2017-11-18,1191,1,5992.97,1,1,4,2,114,Lost
249261,2018-09-01,904,3,3848.41,1,4,3,4,143,Can't Lose Them
249269,2018-05-10,1018,1,826.88,1,1,1,1,111,Lost
249320,2018-09-04,901,1,790.99,1,1,1,1,111,Lost
249397,2020-08-24,181,1,1030.56,5,1,2,2,512,Potential Loyalists
249578,2019-10-17,493,3,1628.6600000000003,3,4,2,3,342,Need Attention
249893,2016-09-28,1607,1,13.98,1,1,1,1,111,Lost
249956,2018-09-04,901,1,1148.9,1,1,2,2,112,Lost
250052,2020-01-07,411,2,401.81,4,3,1,2,431,Potential Loyalists
250176,2016-09-06,1629,1,1645.69,1,1,2,2,112,Lost
250194,2019-05-31,632,1,20.97,2,1,1,1,211,About To Sleep
250884,2019-12-18,431,3,18180.88,4,4,5,4,445,Loyal Customers
250944,2020-06-22,244,4,20886.7,5,5,5,5,555,Champions
250990,2017-10-04,1236,1,4117.4,1,1,4,2,114,Lost
251045,2017-12-05,1174,1,948.0,1,1,2,2,112,Lost
251069,2019-12-21,428,1,1253.0,4,1,2,2,412,Potential Loyalists
251084,2021-01-29,23,3,10137.39,5,4,5,4,545,Loyal Customers
251282,2018-05-10,1018,1,8950.0,1,1,5,3,115,At Risk
251587,2018-08-13,923,1,47.42,1,1,1,1,111,Lost
251670,2018-06-14,983,1,416.65,1,1,1,1,111,Lost
252272,2020-05-08,289,1,3163.56,5,1,3,2,513,Potential Loyalists
252545,2019-05-08,655,3,21987.530000000002,2,4,5,4,245,At Risk
252769,2020-05-21,276,2,314.89,5,3,1,2,531,Potential Loyalists
253141,2019-01-07,776,3,2475.21,2,4,3,4,243,At Risk
253233,2017-07-22,1310,2,178.89,1,3,1,2,131,Lost
253278,2018-05-05,1023,1,9269.97,1,1,5,3,115,At Risk
253505,2020-01-30,388,5,10885.07,4,5,5,5,455,Champions
253567,2019-09-10,530,1,689.7,3,1,1,1,311,Promising
253632,2019-11-06,473,4,6937.57,3,5,4,4,354,Loyal Customers
253813,2019-02-23,729,2,10017.769999999999,2,3,5,4,235,At Risk
254142,2019-09-04,536,2,1634.94,3,3,2,2,332,Need Attention
254265,2020-03-04,354,2,4396.96,4,3,4,4,434,Loyal Customers
254402,2018-02-28,1089,1,2417.79,1,1,3,2,113,Lost
254407,2020-01-08,410,4,6096.38,4,5,4,4,454,Loyal Customers
254540,2019-12-14,435,3,2554.02,3,4,3,4,343,Loyal Customers
254779,2018-03-12,1077,1,326.0,1,1,1,1,111,Lost
254795,2019-09-25,515,1,276.98,3,1,1,1,311,Promising
254825,2020-12-29,54,3,3699.8599999999997,5,4,3,4,543,Loyal Customers
254861,2017-12-30,1149,2,552.79,1,3,1,2,131,Lost
255295,2018-01-27,1121,1,318.0,1,1,1,1,111,Lost
255312,2018-08-22,914,1,948.4000000000001,1,1,2,2,112,Lost
255479,2018-07-16,951,1,809.88,1,1,1,1,111,Lost
255536,2018-12-14,800,3,3494.91,2,4,3,4,243,At Risk
255723,2019-02-26,726,3,4988.110000000001,2,4,4,4,244,At Risk
255882,2020-10-31,113,3,2833.95,5,4,3,4,543,Loyal Customers
256114,2019-05-22,641,1,888.0,2,1,2,2,212,About To Sleep
256411,2017-01-31,1482,1,999.8,1,1,2,2,112,Lost
256475,2018-08-23,913,2,10740.63,1,3,5,4,135,Can't Lose Them
256526,2019-12-02,447,3,4158.78,3,4,4,4,344,Loyal Customers
256531,2018-12-14,800,1,2259.96,2,1,3,2,213,About To Sleep
256789,2020-02-20,367,1,1927.98,4,1,2,2,412,Potential Loyalists
256837,2019-11-05,474,1,53.97,3,1,1,1,311,Promising
257031,2020-03-11,347,1,316.17,4,1,1,1,411,New Customers
257471,2020-01-01,417,2,1040.97,4,3,2,2,432,Potential Loyalists
257642,2020-01-11,407,1,398.0,4,1,1,1,411,New Customers
258236,2020-06-27,239,3,1482.52,5,4,2,3,542,Potential Loyalists
258316,2019-07-05,597,2,1494.99,3,3,2,2,332,Need Attention
258429,2019-12-18,431,2,4867.9,4,3,4,4,434,Loyal Customers
258702,2020-10-24,120,3,6298.27,5,4,4,4,544,Loyal Customers
259102,2020-07-18,218,4,5879.7,5,5,4,4,554,Loyal Customers
259221,2019-07-11,591,1,1006.47,3,1,2,2,312,Need Attention
259407,2020-07-13,223,3,3986.77,5,4,3,4,543,Loyal Customers
259457,2016-03-05,1814,1,6378.32,1,1,4,2,114,Lost
259615,2020-01-16,402,1,19.98,4,1,1,1,411,New Customers
259651,2017-12-15,1164,2,4813.56,1,3,4,4,134,Can't Lose Them
259681,2020-09-22,152,5,7338.6900000000005,5,5,4,4,554,Loyal Customers
259842,2019-06-20,612,3,9306.33,2,4,5,4,245,At Risk
260031,2017-07-12,1320,1,301.15999999999997,1,1,1,1,111,Lost
260206,2020-02-25,362,3,5667.97,4,4,4,4,444,Loyal Customers
260521,2018-08-31,905,1,421.32,1,1,1,1,111,Lost
260889,2018-11-06,838,1,129.0,2,1,1,1,211,About To Sleep
261059,2019-03-07,717,1,326.0,2,1,1,1,211,About To Sleep
261086,2019-11-23,456,2,2423.91,3,3,3,3,333,Need Attention
261099,2019-09-30,510,1,2038.93,3,1,2,2,312,Need Attention
261111,2018-11-21,823,1,2885.11,2,1,3,2,213,About To Sleep
261122,2020-09-04,170,3,3823.51,5,4,3,4,543,Loyal Customers
261199,2016-05-05,1753,2,8114.84,1,3,5,4,135,Can't Lose Them
261256,2019-10-02,508,2,2201.04,3,3,3,3,333,Need Attention
261275,2020-11-21,92,1,2112.93,5,1,2,2,512,Potential Loyalists
261356,2019-05-31,632,2,29326.68,2,3,5,4,235,At Risk
261498,2020-06-17,249,2,1378.31,5,3,2,2,532,Potential Loyalists
261558,2019-11-25,454,1,519.98,3,1,1,1,311,Promising
261669,2019-10-16,494,1,309.0,3,1,1,1,311,Promising
261686,2019-06-11,621,3,2772.9700000000003,2,4,3,4,243,At Risk
261840,2017-02-11,1471,1,2120.0,1,1,2,2,112,Lost
261910,2020-08-26,179,2,3138.57,5,3,3,3,533,Potential Loyalists
262037,2021-02-02,19,3,5408.47,5,4,4,4,544,Loyal Customers
262050,2018-12-06,808,1,600.28,2,1,1,1,211,About To Sleep
262052,2020-06-23,243,3,8028.44,5,4,5,4,545,Loyal Customers
262089,2017-01-19,1494,1,799.96,1,1,1,1,111,Lost
262761,2019-11-27,452,2,7367.91,3,3,4,4,334,Loyal Customers
262788,2020-02-12,375,3,6255.889999999999,4,4,4,4,444,Loyal Customers
262821,2019-09-07,533,1,654.29,3,1,1,1,311,Promising
262871,2020-02-20,367,3,38813.88,4,4,5,4,445,Loyal Customers
263011,2020-02-22,365,3,6616.41,4,4,4,4,444,Loyal Customers
263308,2019-12-26,423,1,20439.99,4,1,5,3,415,Loyal Customers
263373,2019-11-30,449,1,1784.71,3,1,2,2,312,Need Attention
263808,2018-02-08,1109,3,4836.08,1,4,4,4,144,Can't Lose Them
264228,2018-12-27,787,2,6530.88,2,3,4,4,234,At Risk
264451,2016-09-15,1620,1,1925.97,1,1,2,2,112,Lost
264515,2019-02-06,746,1,1739.94,2,1,2,2,212,About To Sleep
264632,2020-01-04,414,1,2857.99,4,1,3,2,413,Potential Loyalists
264640,2018-06-18,979,2,3725.51,1,3,3,3,133,At Risk
264718,2020-01-01,417,1,458.0,4,1,1,1,411,New Customers
265007,2020-01-14,404,1,218.0,4,1,1,1,411,New Customers
265326,2018-05-14,1014,1,357.0,1,1,1,1,111,Lost
265483,2019-02-25,727,2,6594.0,2,3,4,4,234,At Risk
265593,2018-01-18,1130,2,1261.0,1,3,2,2,132,Lost
265598,2019-10-15,495,3,1461.43,3,4,2,3,342,Need Attention
265666,2019-09-13,527,2,2433.7,3,3,3,3,333,Need Attention
265712,2018-05-19,1009,1,4103.5,1,1,4,2,114,Lost
265807,2020-02-19,368,2,5279.1900000000005,4,3,4,4,434,Loyal Customers
265825,2019-10-17,493,2,455.99,3,3,1,2,331,Need Attention
265864,2020-02-20,367,3,1866.5,4,4,2,3,442,Loyal Customers
266019,2019-01-08,775,2,8002.0,2,3,5,4,235,At Risk
266254,2019-07-13,589,1,129.0,3,1,1,1,311,Promising
266399,2018-11-22,822,2,7904.93,2,3,5,4,235,At Risk
266492,2018-05-12,1016,2,12804.630000000001,1,3,5,4,135,Can't Lose Them
266658,2018-05-05,1023,1,189.98,1,1,1,1,111,Lost
267168,2020-02-19,368,3,4558.2,4,4,4,4,444,Loyal Customers
267235,2019-11-30,449,1,1186.93,3,1,2,2,312,Need Attention
267544,2020-10-03,141,5,3769.14,5,5,3,4,553,Loyal Customers
267561,2020-09-03,171,2,4817.37,5,3,4,4,534,Loyal Customers
267691,2019-01-01,782,1,664.95,2,1,1,1,211,About To Sleep
268465,2019-05-01,662,1,9090.0,2,1,5,3,215,At Risk
268540,2018-08-19,917,1,16065.0,1,1,5,3,115,At Risk
268575,2020-05-16,281,3,3199.01,5,4,3,4,543,Loyal Customers
268628,2019-05-16,647,1,1028.85,2,1,2,2,212,About To Sleep
268815,2020-02-26,361,1,620.0,4,1,1,1,411,New Customers
268820,2020-12-30,53,3,16977.19,5,4,5,4,545,Loyal Customers
268913,2020-12-30,53,2,563.13,5,3,1,2,531,Potential Loyalists
269052,2017-05-27,1366,1,2479.92,1,1,3,2,113,Lost
269337,2020-01-07,411,2,4084.8500000000004,4,3,4,4,434,Loyal Customers
269340,2017-12-23,1156,1,5462.0,1,1,4,2,114,Lost
269370,2018-10-30,845,1,22.97,2,1,1,1,211,About To Sleep
269414,2017-12-15,1164,1,6593.4,1,1,4,2,114,Lost
269713,2020-07-04,232,3,2859.62,5,4,3,4,543,Loyal Customers
269879,2019-08-22,549,2,4207.9,3,3,4,4,334,Loyal Customers
270034,2020-02-22,365,2,6877.47,4,3,4,4,434,Loyal Customers
270320,2019-09-27,513,1,3049.0,3,1,3,2,313,Need Attention
270359,2016-12-14,1530,1,113.8,1,1,1,1,111,Lost
270462,2019-12-12,437,3,2236.79,3,4,3,4,343,Loyal Customers
270614,2020-02-11,376,2,7625.97,4,3,5,4,435,Loyal Customers
270633,2019-12-14,435,2,8092.879999999999,3,3,5,4,335,Loyal Customers
270682,2020-12-10,73,2,1330.65,5,3,2,2,532,Potential Loyalists
270736,2016-01-13,1866,1,4075.49,1,1,3,2,113,Lost
270917,2019-08-21,550,3,4182.35,3,4,4,4,344,Loyal Customers
271065,2019-12-06,443,3,6682.54,3,4,4,4,344,Loyal Customers
271122,2017-11-22,1187,1,7259.92,1,1,4,2,114,Lost
271155,2019-07-09,593,2,27320.81,3,3,5,4,335,Loyal Customers
271212,2018-09-05,900,1,7992.0,1,1,5,3,115,At Risk
271416,2016-11-15,1559,2,9314.42,1,3,5,4,135,Can't Lose Them
271760,2020-03-07,351,1,3219.2300000000005,4,1,3,2,413,Potential Loyalists
271825,2019-02-24,728,3,9699.75,2,4,5,4,245,At Risk
271916,2019-09-10,530,1,730.89,3,1,1,1,311,Promising
272146,2020-05-28,269,1,237.41000000000003,5,1,1,1,511,New Customers
272295,2020-11-02,111,3,2973.18,5,4,3,4,543,Loyal Customers
272462,2019-12-07,442,1,2450.82,3,1,3,2,313,Need Attention
272601,2018-10-11,864,1,2619.8,2,1,3,2,213,About To Sleep
272662,2016-08-23,1643,1,219.0,1,1,1,1,111,Lost
272681,2020-10-13,131,1,1699.78,5,1,2,2,512,Potential Loyalists
273404,2020-07-24,212,1,5880.0,5,1,4,2,514,Potential Loyalists
273661,2019-11-27,452,1,1707.0,3,1,2,2,312,Need Attention
273887,2018-09-08,897,3,3924.58,1,4,3,4,143,Can't Lose Them
274446,2019-06-20,612,2,849.61,2,3,2,2,232,About To Sleep
274692,2017-02-23,1459,1,249.99,1,1,1,1,111,Lost
274765,2019-12-14,435,2,4340.68,3,3,4,4,334,Loyal Customers
274967,2020-06-05,261,2,1198.9,5,3,2,2,532,Potential Loyalists
275137,2019-11-15,464,1,2147.94,3,1,2,2,312,Need Attention
275140,2016-06-24,1703,1,17.99,1,1,1,1,111,Lost
275227,2019-12-18,431,1,2513.3900000000003,4,1,3,2,413,Potential Loyalists
275615,2018-06-29,968,2,3552.85,1,3,3,3,133,At Risk
275718,2019-07-04,598,3,4437.99,3,4,4,4,344,Loyal Customers
275830,2019-01-23,760,1,805.0,2,1,1,1,211,About To Sleep
275930,2017-08-30,1271,2,4064.9700000000003,1,3,3,3,133,At Risk
276050,2017-01-24,1489,1,9029.99,1,1,5,3,115,At Risk
276051,2020-01-28,390,4,15628.39,4,5,5,5,455,Champions
276091,2019-12-20,429,2,2554.87,4,3,3,3,433,Loyal Customers
276098,2018-09-11,894,2,467.05000000000007,1,3,1,2,131,Lost
276108,2017-12-28,1151,4,8563.64,1,5,5,5,155,Can't Lose Them
276325,2018-02-05,1112,1,2328.96,1,1,3,2,113,Lost
276836,2017-07-15,1317,2,2715.99,1,3,3,3,133,At Risk
276895,2018-12-29,785,1,3117.99,2,1,3,2,213,About To Sleep
276906,2020-03-06,352,1,1681.99,4,1,2,2,412,Potential Loyalists
277015,2020-02-05,382,2,10399.25,4,3,5,4,435,Loyal Customers
277538,2019-08-23,548,4,4735.82,3,5,4,4,354,Loyal Customers
277808,2019-12-25,424,2,895.09,4,3,2,2,432,Potential Loyalists
277906,2019-01-08,775,1,96.0,2,1,1,1,211,About To Sleep
277915,2018-08-10,926,2,677.39,1,3,1,2,131,Lost
278255,2019-01-07,776,2,3300.99,2,3,3,3,233,At Risk
278518,2019-08-05,566,1,64.88,3,1,1,1,311,Promising
278544,2018-10-27,848,1,1065.65,2,1,2,2,212,About To Sleep
278787,2017-02-02,1480,1,1713.84,1,1,2,2,112,Lost
278979,2018-09-15,890,1,3329.7000000000003,1,1,3,2,113,Lost
279223,2019-08-30,541,2,1927.46,3,3,2,2,332,Need Attention
279240,2018-08-04,932,1,2432.02,1,1,3,2,113,Lost
279486,2021-01-30,22,5,10423.060000000001,5,5,5,5,555,Champions
280023,2020-02-15,372,1,773.97,4,1,1,1,411,New Customers
280183,2020-03-07,351,3,7183.780000000001,4,4,4,4,444,Loyal Customers
280277,2020-07-02,234,4,7351.42,5,5,4,4,554,Loyal Customers
280641,2021-02-17,4,2,1050.9,5,3,2,2,532,Potential Loyalists
281008,2019-12-19,430,2,1094.92,4,3,2,2,432,Potential Loyalists
281485,2020-02-19,368,2,3304.42,4,3,3,3,433,Loyal Customers
281546,2019-01-28,755,3,3635.3,2,4,3,4,243,At Risk
281553,2020-02-25,362,1,299.97,4,1,1,1,411,New Customers
281638,2020-02-27,360,2,9704.0,4,3,5,4,435,Loyal Customers
281675,2021-01-08,44,1,2921.3,5,1,3,2,513,Potential Loyalists
282061,2020-01-09,409,1,2047.83,4,1,2,2,412,Potential Loyalists
282098,2016-11-01,1573,1,877.5,1,1,2,2,112,Lost
282188,2020-07-15,221,1,662.91,5,1,1,1,511,New Customers
282556,2020-11-30,83,4,4349.32,5,5,4,4,554,Loyal Customers
282615,2016-11-07,1567,1,4093.72,1,1,4,2,114,Lost
282634,2020-02-23,364,2,1177.0,4,3,2,2,432,Potential Loyalists
282724,2020-01-30,388,1,555.0,4,1,1,1,411,New Customers
283228,2020-05-12,285,1,77.99,5,1,1,1,511,New Customers
283301,2019-06-18,614,1,7479.73,2,1,4,2,214,About To Sleep
283685,2020-05-23,274,3,1182.94,5,4,2,3,542,Potential Loyalists
283837,2020-03-06,352,2,5071.57,4,3,4,4,434,Loyal Customers
283869,2020-02-27,360,2,3727.9,4,3,3,3,433,Loyal Customers
283881,2016-03-02,1817,1,809.8900000000001,1,1,1,1,111,Lost
283982,2019-12-22,427,2,3870.91,4,3,3,3,433,Loyal Customers
284243,2016-06-17,1710,1,4425.54,1,1,4,2,114,Lost
284346,2018-02-21,1096,1,1226.4,1,1,2,2,112,Lost
284579,2018-07-18,949,1,3775.3,1,1,3,2,113,Lost
284628,2019-10-31,479,1,2563.98,3,1,3,2,313,Need Attention
284716,2019-01-30,753,3,3041.94,2,4,3,4,243,At Risk
285254,2018-06-12,985,2,2324.67,1,3,3,3,133,At Risk
285421,2016-03-02,1817,1,1228.94,1,1,2,2,112,Lost
285552,2019-07-16,586,1,5899.0,3,1,4,2,314,Need Attention
285706,2020-02-15,372,1,1075.84,4,1,2,2,412,Potential Loyalists
285730,2019-01-29,754,1,12.66,2,1,1,1,211,About To Sleep
285999,2019-11-11,468,4,12798.45,3,5,5,5,355,Loyal Customers
286077,2019-09-25,515,2,605.1899999999999,3,3,1,2,331,Need Attention
286234,2018-10-17,858,1,912.99,2,1,2,2,212,About To Sleep
286855,2017-02-04,1478,2,1462.95,1,3,2,2,132,Lost
286857,2019-06-06,626,2,1739.68,2,3,2,2,232,About To Sleep
286879,2019-01-18,765,2,4358.89,2,3,4,4,234,At Risk
287047,2017-07-13,1319,1,3255.75,1,1,3,2,113,Lost
287707,2016-11-07,1567,1,645.0,1,1,1,1,111,Lost
287877,2016-11-02,1572,1,2854.0,1,1,3,2,113,Lost
288287,2016-12-10,1534,1,336.78000000000003,1,1,1,1,111,Lost
288497,2020-01-22,396,3,4181.969999999999,4,4,4,4,444,Loyal Customers
288604,2019-12-16,433,2,12.34,4,3,1,2,431,Potential Loyalists
288667,2019-03-01,723,1,1448.0,2,1,2,2,212,About To Sleep
288828,2020-02-13,374,1,3162.0,4,1,3,2,413,Potential Loyalists
289281,2021-01-09,43,1,4.98,5,1,1,1,511,New Customers
289312,2018-05-01,1027,1,5002.99,1,1,4,2,114,Lost
289320,2019-08-08,563,2,10084.82,3,3,5,4,335,Loyal Customers
289547,2020-01-17,401,1,3227.4700000000003,4,1,3,2,413,Potential Loyalists
289674,2019-11-06,473,2,6148.66,3,3,4,4,334,Loyal Customers
289810,2017-02-09,1473,1,2864.6400000000003,1,1,3,2,113,Lost
289990,2019-11-07,472,3,1583.47,3,4,2,3,342,Need Attention
290147,2018-02-26,1091,1,2965.0,1,1,3,2,113,Lost
290747,2020-03-12,346,3,4328.68,4,4,4,4,444,Loyal Customers
290812,2017-06-10,1352,2,362.94,1,3,1,2,131,Lost
290888,2019-12-25,424,3,7246.79,4,4,4,4,444,Loyal Customers
291316,2020-01-21,397,1,2694.3,4,1,3,2,413,Potential Loyalists
291325,2016-11-29,1545,1,2704.78,1,1,3,2,113,Lost
291356,2018-03-02,1087,2,2169.45,1,3,3,3,133,At Risk
291425,2019-06-08,624,1,5658.65,2,1,4,2,214,About To Sleep
291743,2019-11-08,471,3,7773.97,3,4,5,4,345,Loyal Customers
291843,2018-01-04,1144,2,462.8,1,3,1,2,131,Lost
291985,2019-08-23,548,3,8383.82,3,4,5,4,345,Loyal Customers
292054,2020-03-06,352,3,10244.67,4,4,5,4,445,Loyal Customers
292203,2017-12-18,1161,1,54.97,1,1,1,1,111,Lost
292395,2019-09-24,516,1,4349.12,3,1,4,2,314,Need Attention
292420,2018-09-03,902,3,7347.04,1,4,4,4,144,Can't Lose Them
292643,2020-11-05,108,3,15381.91,5,4,5,4,545,Loyal Customers
292797,2016-10-06,1599,1,27.78,1,1,1,1,111,Lost
292911,2020-05-21,276,5,5547.31,5,5,4,4,554,Loyal Customers
293167,2018-06-11,986,2,1947.58,1,3,2,2,132,Lost
293369,2020-11-19,94,2,4546.349999999999,5,3,4,4,534,Loyal Customers
293556,2016-04-27,1761,1,1825.2,1,1,2,2,112,Lost
293936,2020-01-04,414,2,2714.7799999999997,4,3,3,3,433,Loyal Customers
294189,2016-07-01,1696,1,2067.9,1,1,2,2,112,Lost
294210,2018-01-30,1118,2,5733.7300000000005,1,3,4,4,134,Can't Lose Them
294433,2019-09-18,522,3,537.45,3,4,1,2,341,Need Attention
294505,2020-02-25,362,2,6650.98,4,3,4,4,434,Loyal Customers
294871,2016-08-10,1656,1,857.73,1,1,2,2,112,Lost
295061,2017-01-26,1487,1,1215.76,1,1,2,2,112,Lost
295071,2019-11-07,472,1,236.98,3,1,1,1,311,Promising
295102,2020-01-04,414,3,1330.95,4,4,2,3,442,Loyal Customers
295597,2016-02-08,1840,1,2124.0,1,1,2,2,112,Lost
296584,2017-07-29,1303,1,619.85,1,1,1,1,111,Lost
297462,2018-10-31,844,2,3767.69,2,3,3,3,233,At Risk
297674,2017-08-09,1292,1,845.0,1,1,1,1,111,Lost
298606,2020-01-07,411,2,2917.6400000000003,4,3,3,3,433,Loyal Customers
299061,2018-10-10,865,2,1721.0,2,3,2,2,232,About To Sleep
299334,2020-12-24,59,3,8583.31,5,4,5,4,545,Loyal Customers
299823,2019-11-30,449,2,3625.94,3,3,3,3,333,Need Attention
299860,2019-02-14,738,3,6379.55,2,4,4,4,244,At Risk
300044,2019-09-02,538,2,8908.33,3,3,5,4,335,Loyal Customers
300324,2021-01-23,29,3,10596.11,5,4,5,4,545,Loyal Customers
300409,2018-12-28,786,1,1267.95,2,1,2,2,212,About To Sleep
300736,2019-12-26,423,2,759.97,4,3,1,2,431,Potential Loyalists
300844,2019-08-05,566,4,19042.239999999998,3,5,5,5,355,Loyal Customers
301425,2017-09-19,1251,1,6023.9,1,1,4,2,114,Lost
301503,2019-04-27,666,2,4616.77,2,3,4,4,234,At Risk
301521,2018-12-20,794,1,132.99,2,1,1,1,211,About To Sleep
301704,2019-07-27,575,1,2183.28,3,1,3,2,313,Need Attention
301736,2019-01-03,780,1,1990.0,2,1,2,2,212,About To Sleep
301925,2019-02-26,726,1,4.06,2,1,1,1,211,About To Sleep
302130,2019-11-11,468,2,8320.560000000001,3,3,5,4,335,Loyal Customers
302416,2018-10-30,845,1,899.94,2,1,2,2,212,About To Sleep
302571,2018-07-16,951,3,5175.0,1,4,4,4,144,Can't Lose Them
302645,2020-03-10,348,3,1667.2,4,4,2,3,442,Loyal Customers
302755,2020-06-04,262,4,4188.33,5,5,4,4,554,Loyal Customers
303085,2019-03-13,711,3,3774.55,2,4,3,4,243,At Risk
303116,2019-07-18,584,1,669.73,3,1,1,1,311,Promising
303506,2017-05-24,1369,1,7138.9,1,1,4,2,114,Lost
303771,2021-02-13,8,3,2664.23,5,4,3,4,543,Loyal Customers
303782,2018-03-17,1072,3,10278.83,1,4,5,4,145,Can't Lose Them
304221,2019-06-26,606,1,3366.77,3,1,3,2,313,Need Attention
304600,2019-05-24,639,2,4210.83,2,3,4,4,234,At Risk
304669,2020-02-25,362,1,2314.6,4,1,3,2,413,Potential Loyalists
304863,2020-12-17,66,2,5433.3,5,3,4,4,534,Loyal Customers
305010,2018-07-12,955,2,5490.48,1,3,4,4,134,Can't Lose Them
305074,2020-05-01,296,3,3658.35,5,4,3,4,543,Loyal Customers
305212,2019-09-11,529,1,1049.65,3,1,2,2,312,Need Attention
305226,2019-10-12,498,3,3120.3900000000003,3,4,3,4,343,Loyal Customers
305321,2018-07-04,963,4,5386.29,1,5,4,4,154,Can't Lose Them
305349,2020-01-04,414,1,1042.38,4,1,2,2,412,Potential Loyalists
305369,2019-12-21,428,3,3045.05,4,4,3,4,443,Loyal Customers
305827,2016-07-25,1672,1,4150.0,1,1,4,2,114,Lost
305926,2018-10-18,857,1,5651.05,2,1,4,2,214,About To Sleep
305962,2019-12-18,431,2,479.87,4,3,1,2,431,Potential Loyalists
306301,2019-09-07,533,6,8352.44,3,5,5,5,355,Loyal Customers
306354,2020-04-30,297,4,7773.549999999999,5,5,5,5,555,Champions
306809,2019-10-05,505,2,155.65,3,3,1,2,331,Need Attention
307023,2021-02-20,1,2,659.49,5,3,1,2,531,Potential Loyalists
307316,2019-08-01,570,1,1440.0,3,1,2,2,312,Need Attention
307595,2018-12-08,806,1,3448.95,2,1,3,2,213,About To Sleep
307671,2020-01-08,410,2,346.86,4,3,1,2,431,Potential Loyalists
307703,2019-02-09,743,2,1915.8200000000002,2,3,2,2,232,About To Sleep
307767,2016-02-11,1837,1,269.42999999999995,1,1,1,1,111,Lost
307907,2018-12-27,787,1,3673.52,2,1,3,2,213,About To Sleep
308410,2020-03-11,347,3,6437.29,4,4,4,4,444,Loyal Customers
308450,2019-07-20,582,2,3196.96,3,3,3,3,333,Need Attention
308690,2017-02-21,1461,2,8878.99,1,3,5,4,135,Can't Lose Them
308716,2018-10-31,844,1,12.99,2,1,1,1,211,About To Sleep
308773,2017-10-14,1226,1,2062.0,1,1,2,2,112,Lost
308825,2019-06-20,612,1,317.43,2,1,1,1,211,About To Sleep
308834,2018-10-17,858,1,73.96,2,1,1,1,211,About To Sleep
308920,2019-06-28,604,4,10947.009999999998,3,5,5,5,355,Loyal Customers
309028,2020-02-19,368,3,6532.549999999999,4,4,4,4,444,Loyal Customers
309363,2020-03-04,354,4,6997.12,4,5,4,4,454,Loyal Customers
309667,2018-09-21,884,2,1860.9299999999998,1,3,2,2,132,Lost
309936,2017-07-06,1326,1,125.01,1,1,1,1,111,Lost
309994,2020-05-23,274,3,8838.35,5,4,5,4,545,Loyal Customers
310143,2020-02-24,363,1,107.83,4,1,1,1,411,New Customers
310464,2020-02-06,381,2,370.08,4,3,1,2,431,Potential Loyalists
310622,2018-06-16,981,3,10190.21,1,4,5,4,145,Can't Lose Them
310707,2021-01-05,47,2,1055.29,5,3,2,2,532,Potential Loyalists
310779,2019-12-26,423,1,3439.89,4,1,3,2,413,Potential Loyalists
310815,2019-09-27,513,2,9343.96,3,3,5,4,335,Loyal Customers
311393,2018-11-15,829,2,3749.9700000000003,2,3,3,3,233,At Risk
311493,2017-10-04,1236,3,11832.089999999998,1,4,5,4,145,Can't Lose Them
311539,2019-10-21,489,1,179.94,3,1,1,1,311,Promising
311561,2018-12-18,796,1,44.0,2,1,1,1,211,About To Sleep
311575,2020-02-08,379,4,8429.25,4,5,5,5,455,Champions
311789,2018-01-03,1145,1,8474.47,1,1,5,3,115,At Risk
311805,2018-08-22,914,4,1851.9,1,5,2,4,152,Can't Lose Them
311842,2019-11-01,478,2,3039.31,3,3,3,3,333,Need Attention
312249,2020-02-25,362,2,744.6700000000001,4,3,1,2,431,Potential Loyalists
312359,2016-08-30,1636,1,299.95,1,1,1,1,111,Lost
312368,2018-05-05,1023,1,769.8,1,1,1,1,111,Lost
312519,2021-02-06,15,4,12381.560000000001,5,5,5,5,555,Champions
312530,2018-09-22,883,1,2459.5299999999997,1,1,3,2,113,Lost
312608,2018-06-22,975,2,1280.82,1,3,2,2,132,Lost
312652,2019-05-19,644,2,3827.7799999999997,2,3,3,3,233,At Risk
312676,2019-01-17,766,1,647.4,2,1,1,1,211,About To Sleep
312796,2017-08-23,1278,1,959.5799999999999,1,1,2,2,112,Lost
313127,2019-01-09,774,2,8435.99,2,3,5,4,235,At Risk
313269,2020-02-22,365,2,3312.9,4,3,3,3,433,Loyal Customers
313568,2019-09-17,523,1,279.99,3,1,1,1,311,Promising
313633,2019-12-16,433,1,310.0,4,1,1,1,411,New Customers
313652,2019-12-25,424,1,3895.0,4,1,3,2,413,Potential Loyalists
313925,2019-08-30,541,2,2206.84,3,3,3,3,333,Need Attention
313968,2016-01-28,1851,1,932.9300000000001,1,1,2,2,112,Lost
314133,2019-01-31,752,1,1399.95,2,1,2,2,212,About To Sleep
314334,2019-01-02,781,3,12590.2,2,4,5,4,245,At Risk
314470,2020-05-01,296,1,23.9,5,1,1,1,511,New Customers
314531,2019-02-18,734,2,5142.65,2,3,4,4,234,At Risk
314545,2020-02-26,361,2,1183.5900000000001,4,3,2,2,432,Potential Loyalists
314740,2019-01-15,768,3,4627.97,2,4,4,4,244,At Risk
314877,2018-10-25,850,1,3845.4300000000003,2,1,3,2,213,About To Sleep
315096,2019-12-04,445,1,8.88,3,1,1,1,311,Promising
315108,2016-11-08,1566,1,1437.45,1,1,2,2,112,Lost
315445,2018-10-02,873,2,463.36,2,3,1,2,231,About To Sleep
315725,2019-08-15,556,1,695.0,3,1,1,1,311,Promising
315768,2019-08-20,551,1,3492.0,3,1,3,2,313,Need Attention
316235,2018-06-05,992,1,1079.94,1,1,2,2,112,Lost
316341,2019-12-19,430,2,5266.38,4,3,4,4,434,Loyal Customers
316425,2018-11-05,839,1,2419.6499999999996,2,1,3,2,213,About To Sleep
316485,2016-02-14,1834,1,2449.0,1,1,3,2,113,Lost
316518,2018-02-27,1090,1,1730.55,1,1,2,2,112,Lost
316566,2018-12-22,792,1,1086.0,2,1,2,2,212,About To Sleep
317143,2019-08-22,549,2,1549.97,3,3,2,2,332,Need Attention
317235,2019-10-05,505,2,2473.87,3,3,3,3,333,Need Attention
317259,2019-02-14,738,1,265.9,2,1,1,1,211,About To Sleep
317894,2017-12-25,1154,1,2367.85,1,1,3,2,113,Lost
317971,2019-02-09,743,1,1971.0,2,1,2,2,212,About To Sleep
318058,2019-03-01,723,2,1813.99,2,3,2,2,232,About To Sleep
318123,2020-11-28,85,4,8160.78,5,5,5,5,555,Champions
318856,2019-11-02,477,1,2790.0,3,1,3,2,313,Need Attention
318893,2019-08-31,540,1,6515.86,3,1,4,2,314,Need Attention
318902,2020-01-02,416,2,2422.99,4,3,3,3,433,Loyal Customers
318935,2020-02-03,384,2,2612.96,4,3,3,3,433,Loyal Customers
318980,2018-05-14,1014,1,12.99,1,1,1,1,111,Lost
319137,2020-08-12,193,2,1748.96,5,3,2,2,532,Potential Loyalists
319202,2019-09-10,530,3,5852.02,3,4,4,4,344,Loyal Customers
319477,2019-11-07,472,1,2768.96,3,1,3,2,313,Need Attention
319579,2020-04-29,298,2,15478.62,5,3,5,4,535,Loyal Customers
319689,2020-10-03,141,5,7197.36,5,5,4,4,554,Loyal Customers
319845,2019-09-17,523,3,4204.679999999999,3,4,4,4,344,Loyal Customers
320030,2020-02-21,366,3,4708.87,4,4,4,4,444,Loyal Customers
320073,2019-09-04,536,4,15715.939999999999,3,5,5,5,355,Loyal Customers
320314,2017-11-13,1196,1,1377.0,1,1,2,2,112,Lost
320342,2020-08-19,186,1,186.9,5,1,1,1,511,New Customers
320652,2019-11-14,465,2,937.38,3,3,2,2,332,Need Attention
320854,2019-03-13,711,3,5968.65,2,4,4,4,244,At Risk
321221,2019-06-04,628,2,1877.8,2,3,2,2,232,About To Sleep
321291,2019-06-26,606,2,12847.85,3,3,5,4,335,Loyal Customers
321310,2019-10-17,493,2,4749.2,3,3,4,4,334,Loyal Customers
321313,2020-03-06,352,4,6243.5,4,5,4,4,454,Loyal Customers
321432,2017-06-29,1333,1,1651.95,1,1,2,2,112,Lost
321675,2021-01-20,32,3,7602.83,5,4,5,4,545,Loyal Customers
321954,2017-10-03,1237,1,1673.83,1,1,2,2,112,Lost
322136,2019-07-14,588,2,1523.79,3,3,2,2,332,Need Attention
322186,2019-11-30,449,3,10491.33,3,4,5,4,345,Loyal Customers
322486,2019-07-13,589,1,1398.0,3,1,2,2,312,Need Attention
322558,2019-05-21,642,3,3381.26,2,4,3,4,243,At Risk
322714,2019-08-27,544,3,12799.35,3,4,5,4,345,Loyal Customers
322734,2017-10-17,1223,2,11558.73,1,3,5,4,135,Can't Lose Them
322806,2021-01-28,24,3,22021.12,5,4,5,4,545,Loyal Customers
322907,2021-01-07,45,2,2623.0,5,3,3,3,533,Potential Loyalists
322936,2019-05-30,633,2,21513.8,2,3,5,4,235,At Risk
323119,2017-06-22,1340,2,2101.53,1,3,2,2,132,Lost
323390,2019-04-27,666,1,4252.91,2,1,4,2,214,About To Sleep
323542,2019-12-24,425,3,9390.41,4,4,5,4,445,Loyal Customers
324149,2018-08-14,922,1,1769.09,1,1,2,2,112,Lost
324163,2019-01-16,767,2,5711.58,2,3,4,4,234,At Risk
324511,2020-05-11,286,2,7848.780000000001,5,3,5,4,535,Loyal Customers
324541,2018-05-26,1002,2,1823.87,1,3,2,2,132,Lost
324575,2020-12-21,62,1,7640.88,5,1,5,3,515,Potential Loyalists
324582,2020-11-11,102,1,1957.97,5,1,2,2,512,Potential Loyalists
325088,2016-02-24,1824,1,155.99,1,1,1,1,111,Lost
325116,2019-03-14,710,2,726.83,2,3,1,2,231,About To Sleep
325443,2018-03-03,1086,1,160.23000000000002,1,1,1,1,111,Lost
325920,2019-06-14,618,1,107.94,2,1,1,1,211,About To Sleep
325936,2019-10-16,494,1,5865.31,3,1,4,2,314,Need Attention
326086,2016-06-27,1700,1,319.0,1,1,1,1,111,Lost
326292,2018-03-03,1086,2,12273.49,1,3,5,4,135,Can't Lose Them
326396,2019-12-25,424,4,16537.92,4,5,5,5,455,Champions
326510,2019-12-18,431,4,3550.88,4,5,3,4,453,Loyal Customers
326829,2019-10-21,489,3,3659.73,3,4,3,4,343,Loyal Customers
326924,2020-09-01,173,1,2966.92,5,1,3,2,513,Potential Loyalists
327053,2021-01-21,31,1,2855.58,5,1,3,2,513,Potential Loyalists
327378,2019-10-01,509,1,1322.97,3,1,2,2,312,Need Attention
327514,2021-02-16,5,3,5286.09,5,4,4,4,544,Loyal Customers
327878,2020-02-14,373,1,571.0,4,1,1,1,411,New Customers
327942,2020-01-25,393,1,768.87,4,1,1,1,411,New Customers
328350,2021-01-07,45,2,887.98,5,3,2,2,532,Potential Loyalists
328534,2019-09-14,526,2,8740.0,3,3,5,4,335,Loyal Customers
328714,2019-01-19,764,4,962.4000000000001,2,5,2,4,252,At Risk
328915,2019-02-21,731,2,4012.99,2,3,3,3,233,At Risk
328988,2021-02-17,4,4,5831.53,5,5,4,4,554,Loyal Customers
329514,2020-01-10,408,4,4623.58,4,5,4,4,454,Loyal Customers
329620,2020-10-02,142,2,1209.8899999999999,5,3,2,2,532,Potential Loyalists
329905,2020-01-27,391,2,3610.8900000000003,4,3,3,3,433,Loyal Customers
330125,2019-09-13,527,3,8940.58,3,4,5,4,345,Loyal Customers
330150,2019-11-11,468,2,926.31,3,3,2,2,332,Need Attention
330981,2018-12-27,787,3,8027.79,2,4,5,4,245,At Risk
331199,2019-11-14,465,3,3183.61,3,4,3,4,343,Loyal Customers
331277,2021-02-20,1,3,8126.65,5,4,5,4,545,Loyal Customers
331280,2016-06-17,1710,1,1175.67,1,1,2,2,112,Lost
331822,2020-02-24,363,3,5293.58,4,4,4,4,444,Loyal Customers
331914,2020-12-04,79,1,290.0,5,1,1,1,511,New Customers
331947,2018-09-26,879,1,1458.0,1,1,2,2,112,Lost
331990,2019-02-16,736,2,3128.49,2,3,3,3,233,At Risk
332217,2016-02-10,1838,1,387.0,1,1,1,1,111,Lost
332332,2020-05-06,291,4,15899.66,5,5,5,5,555,Champions
332635,2019-07-20,582,1,4320.95,3,1,4,2,314,Need Attention
333209,2020-06-06,260,3,4495.889999999999,5,4,4,4,544,Loyal Customers
333330,2018-01-31,1117,1,1099.0,1,1,2,2,112,Lost
333575,2018-09-19,886,2,6345.39,1,3,4,4,134,Can't Lose Them
333599,2017-08-26,1275,1,299.98,1,1,1,1,111,Lost
333846,2020-12-24,59,1,462.06,5,1,1,1,511,New Customers
333848,2019-05-09,654,2,1765.87,2,3,2,2,232,About To Sleep
333861,2019-09-25,515,1,5761.13,3,1,4,2,314,Need Attention
333947,2016-02-29,1819,1,1651.78,1,1,2,2,112,Lost
334483,2020-03-18,340,2,324.07,5,3,1,2,531,Potential Loyalists
334491,2020-05-01,296,1,385.70000000000005,5,1,1,1,511,New Customers
334760,2020-01-03,415,1,750.0,4,1,1,1,411,New Customers
334903,2020-02-21,366,1,2647.32,4,1,3,2,413,Potential Loyalists
334926,2018-07-07,960,1,7959.6,1,1,5,3,115,At Risk
335012,2020-02-28,359,2,750.0,4,3,1,2,431,Potential Loyalists
335032,2020-02-22,365,1,2246.6,4,1,3,2,413,Potential Loyalists
335384,2020-12-19,64,1,9593.0,5,1,5,3,515,Potential Loyalists
336090,2019-11-21,458,1,251.0,3,1,1,1,311,Promising
336182,2020-03-14,344,3,14427.01,5,4,5,4,545,Loyal Customers
336239,2018-12-03,811,3,9491.66,2,4,5,4,245,At Risk
336267,2019-11-22,457,2,772.59,3,3,1,2,331,Need Attention
336290,2020-01-10,408,2,2688.62,4,3,3,3,433,Loyal Customers
336348,2020-12-25,58,4,24379.100000000002,5,5,5,5,555,Champions
336525,2018-09-27,878,1,2639.7,1,1,3,2,113,Lost
336562,2020-03-04,354,4,11417.86,4,5,5,5,455,Champions
337002,2019-11-29,450,3,3772.96,3,4,3,4,343,Loyal Customers
337589,2020-12-08,75,3,5593.91,5,4,4,4,544,Loyal Customers
337629,2020-10-07,137,1,2609.01,5,1,3,2,513,Potential Loyalists
337695,2020-07-02,234,5,17082.6,5,5,5,5,555,Champions
337764,2019-09-09,531,4,5937.95,3,5,4,4,354,Loyal Customers
337850,2019-11-19,460,2,2913.95,3,3,3,3,333,Need Attention
338444,2019-09-07,533,2,3253.91,3,3,3,3,333,Need Attention
338683,2018-08-29,907,1,382.49,1,1,1,1,111,Lost
339050,2019-01-09,774,3,6254.66,2,4,4,4,244,At Risk
339068,2020-02-01,386,3,8744.43,4,4,5,4,445,Loyal Customers
339146,2017-06-09,1353,1,6333.0,1,1,4,2,114,Lost
339390,2018-08-22,914,1,1006.0,1,1,2,2,112,Lost
339448,2019-12-28,421,2,871.97,4,3,2,2,432,Potential Loyalists
339939,2019-11-06,473,2,788.63,3,3,1,2,331,Need Attention
340307,2019-12-16,433,2,1126.97,4,3,2,2,432,Potential Loyalists
340339,2019-02-12,740,2,837.0899999999999,2,3,1,2,231,About To Sleep
340417,2017-01-21,1492,1,7937.65,1,1,5,3,115,At Risk
340427,2018-07-11,956,2,2665.0,1,3,3,3,133,At Risk
340460,2018-06-12,985,2,1718.98,1,3,2,2,132,Lost
340665,2019-08-03,568,1,438.0,3,1,1,1,311,Promising
340771,2019-06-18,614,3,8665.76,2,4,5,4,245,At Risk
340782,2019-08-24,547,2,997.66,3,3,2,2,332,Need Attention
341191,2019-11-16,463,3,1628.3400000000001,3,4,2,3,342,Need Attention
341831,2019-05-23,640,2,4188.0,2,3,4,4,234,At Risk
342040,2018-07-04,963,2,2286.0,1,3,3,3,133,At Risk
342356,2020-11-12,101,4,3916.23,5,5,3,4,553,Loyal Customers
342393,2019-05-24,639,2,2855.39,2,3,3,3,233,At Risk
342512,2020-01-10,408,3,23229.34,4,4,5,4,445,Loyal Customers
342652,2018-12-31,783,2,4277.78,2,3,4,4,234,At Risk
342841,2019-02-14,738,1,617.6700000000001,2,1,1,1,211,About To Sleep
343007,2020-02-23,364,3,3015.04,4,4,3,4,443,Loyal Customers
343061,2019-11-16,463,3,4446.7699999999995,3,4,4,4,344,Loyal Customers
343095,2019-05-04,659,1,3024.95,2,1,3,2,213,About To Sleep
343129,2018-02-21,1096,1,1490.0,1,1,2,2,112,Lost
343183,2019-08-10,561,2,4286.78,3,3,4,4,334,Loyal Customers
343285,2019-02-02,750,1,218.0,2,1,1,1,211,About To Sleep
343632,2020-06-20,246,2,1427.5600000000002,5,3,2,2,532,Potential Loyalists
343801,2018-01-19,1129,2,10328.59,1,3,5,4,135,Can't Lose Them
343983,2020-08-13,192,1,1297.3700000000001,5,1,2,2,512,Potential Loyalists
344691,2016-10-29,1576,1,320.36,1,1,1,1,111,Lost
345044,2017-01-22,1491,1,75.96000000000001,1,1,1,1,111,Lost
345242,2019-07-05,597,3,5929.16,3,4,4,4,344,Loyal Customers
345277,2018-12-12,802,1,354.6,2,1,1,1,211,About To Sleep
345292,2019-09-12,528,2,6086.95,3,3,4,4,334,Loyal Customers
345767,2021-02-04,17,2,449.39000000000004,5,3,1,2,531,Potential Loyalists
345812,2016-01-21,1858,1,656.88,1,1,1,1,111,Lost
345910,2021-01-30,22,4,16789.67,5,5,5,5,555,Champions
346090,2020-02-04,383,2,2530.9,4,3,3,3,433,Loyal Customers
346204,2020-05-26,271,3,12717.63,5,4,5,4,545,Loyal Customers
346689,2020-06-22,244,3,4029.9,5,4,3,4,543,Loyal Customers
346994,2019-11-08,471,3,121.69999999999999,3,4,1,2,341,Need Attention
347011,2018-09-14,891,2,3260.0,1,3,3,3,133,At Risk
347058,2019-08-17,554,1,1754.96,3,1,2,2,312,Need Attention
347144,2017-10-10,1230,1,767.96,1,1,1,1,111,Lost
347206,2018-01-10,1138,1,822.76,1,1,1,1,111,Lost
347235,2018-01-03,1145,2,25471.6,1,3,5,4,135,Can't Lose Them
347240,2019-08-17,554,2,3342.78,3,3,3,3,333,Need Attention
347394,2019-01-02,781,2,1648.6,2,3,2,2,232,About To Sleep
347499,2019-12-04,445,3,1121.09,3,4,2,3,342,Need Attention
347864,2020-05-06,291,1,9034.23,5,1,5,3,515,Potential Loyalists
347907,2019-01-05,778,1,537.0,2,1,1,1,211,About To Sleep
347982,2020-02-17,370,3,1953.92,4,4,2,3,442,Loyal Customers
348102,2019-07-17,585,1,19.99,3,1,1,1,311,Promising
348248,2019-10-27,483,3,1389.55,3,4,2,3,342,Need Attention
348440,2020-02-22,365,5,7360.67,4,5,4,4,454,Loyal Customers
348521,2020-03-04,354,5,5054.009999999999,4,5,4,4,454,Loyal Customers
348548,2020-01-07,411,2,1128.53,4,3,2,2,432,Potential Loyalists
348767,2018-06-19,978,1,198.98,1,1,1,1,111,Lost
348917,2019-12-26,423,2,19920.19,4,3,5,4,435,Loyal Customers
349037,2018-03-06,1083,1,422.69,1,1,1,1,111,Lost
349086,2018-02-20,1097,2,1097.99,1,3,2,2,132,Lost
349322,2019-10-12,498,1,1698.0,3,1,2,2,312,Need Attention
349653,2019-06-11,621,1,25.32,2,1,1,1,211,About To Sleep
349815,2017-05-30,1363,1,666.99,1,1,1,1,111,Lost
350095,2018-09-17,888,2,4254.95,1,3,4,4,134,Can't Lose Them
350141,2018-01-13,1135,2,3004.89,1,3,3,3,133,At Risk
350496,2020-07-18,218,6,4512.63,5,5,4,4,554,Loyal Customers
350587,2018-03-03,1086,2,1587.99,1,3,2,2,132,Lost
350710,2019-06-28,604,2,11756.699999999999,3,3,5,4,335,Loyal Customers
350853,2017-05-31,1362,1,1729.6499999999999,1,1,2,2,112,Lost
350943,2020-09-22,152,3,5957.0,5,4,4,4,544,Loyal Customers
350949,2018-11-01,843,1,1501.89,2,1,2,2,212,About To Sleep
350979,2020-04-29,298,4,23118.23,5,5,5,5,555,Champions
351202,2018-06-05,992,1,418.0,1,1,1,1,111,Lost
351430,2017-09-27,1243,1,1035.92,1,1,2,2,112,Lost
351623,2020-01-30,388,1,482.96,4,1,1,1,411,New Customers
351747,2019-12-11,438,2,2299.95,3,3,3,3,333,Need Attention
351758,2018-10-22,853,1,4070.64,2,1,3,2,213,About To Sleep
351879,2018-03-01,1088,4,12131.79,1,5,5,5,155,Can't Lose Them
352043,2018-07-12,955,2,569.13,1,3,1,2,131,Lost
352106,2019-09-02,538,2,1578.9,3,3,2,2,332,Need Attention
352235,2019-09-25,515,1,12.99,3,1,1,1,311,Promising
352272,2020-01-13,405,1,3004.9700000000003,4,1,3,2,413,Potential Loyalists
352596,2018-08-18,918,1,2992.6,1,1,3,2,113,Lost
352719,2020-12-24,59,3,4412.65,5,4,4,4,544,Loyal Customers
352850,2019-06-04,628,1,158.83,2,1,1,1,211,About To Sleep
352933,2020-02-28,359,1,2499.5,4,1,3,2,413,Potential Loyalists
353240,2020-02-15,372,2,4126.66,4,3,4,4,434,Loyal Customers
353313,2020-02-15,372,2,2391.96,4,3,3,3,433,Loyal Customers
353352,2020-10-31,113,3,9117.7,5,4,5,4,545,Loyal Customers
353444,2020-01-16,402,1,599.0,4,1,1,1,411,New Customers
353597,2019-12-09,440,1,834.0,3,1,1,1,311,Promising
353741,2020-05-05,292,1,3178.8999999999996,5,1,3,2,513,Potential Loyalists
353750,2016-12-29,1515,2,12665.68,1,3,5,4,135,Can't Lose Them
353909,2019-07-17,585,1,769.65,3,1,1,1,311,Promising
354010,2018-12-17,797,3,7230.88,2,4,4,4,244,At Risk
354096,2020-02-15,372,3,4741.92,4,4,4,4,444,Loyal Customers
354108,2016-06-03,1724,1,5263.0,1,1,4,2,114,Lost
354142,2017-06-06,1356,2,2170.4,1,3,3,3,133,At Risk
354187,2019-03-01,723,1,12534.0,2,1,5,3,215,At Risk
354352,2019-12-28,421,2,1294.96,4,3,2,2,432,Potential Loyalists
354485,2020-01-23,395,2,5984.0,4,3,4,4,434,Loyal Customers
355288,2021-02-19,2,2,7125.88,5,3,4,4,534,Loyal Customers
355295,2019-12-10,439,3,4406.22,3,4,4,4,344,Loyal Customers
355632,2019-10-04,506,3,9099.619999999999,3,4,5,4,345,Loyal Customers
356049,2021-02-03,18,5,8938.1,5,5,5,5,555,Champions
356070,2018-07-14,953,1,369.0,1,1,1,1,111,Lost
356191,2020-02-29,358,1,93.98,4,1,1,1,411,New Customers
356576,2021-01-22,30,2,2086.89,5,3,2,2,532,Potential Loyalists
356810,2019-02-17,735,1,1.99,2,1,1,1,211,About To Sleep
356838,2019-01-11,772,2,6369.78,2,3,4,4,234,At Risk
356908,2019-12-16,433,1,369.0,4,1,1,1,411,New Customers
356963,2020-01-09,409,4,5046.54,4,5,4,4,454,Loyal Customers
357165,2017-08-05,1296,1,53.97,1,1,1,1,111,Lost
357376,2019-05-04,659,1,151.8,2,1,1,1,211,About To Sleep
357410,2019-02-23,729,1,3802.88,2,1,3,2,213,About To Sleep
357592,2020-05-09,288,2,7312.5,5,3,4,4,534,Loyal Customers
357825,2018-12-19,795,4,8146.01,2,5,5,5,255,Can't Lose Them
357853,2019-07-12,590,6,9587.47,3,5,5,5,355,Loyal Customers
358149,2018-02-10,1107,1,3053.23,1,1,3,2,113,Lost
358229,2020-01-18,400,1,6.99,4,1,1,1,411,New Customers
358489,2019-09-05,535,2,4256.06,3,3,4,4,334,Loyal Customers
358604,2021-02-13,8,1,1540.0,5,1,2,2,512,Potential Loyalists
358637,2018-02-15,1102,1,243.96,1,1,1,1,111,Lost
358749,2016-10-08,1597,1,639.97,1,1,1,1,111,Lost
358880,2020-11-27,86,3,5188.32,5,4,4,4,544,Loyal Customers
359037,2019-03-05,719,1,1202.95,2,1,2,2,212,About To Sleep
359297,2019-02-26,726,1,909.24,2,1,2,2,212,About To Sleep
359409,2018-02-22,1095,1,224.0,1,1,1,1,111,Lost
359587,2021-02-18,3,2,8913.79,5,3,5,4,535,Loyal Customers
360001,2018-09-27,878,1,1937.96,1,1,2,2,112,Lost
360241,2020-06-11,255,2,11549.77,5,3,5,4,535,Loyal Customers
360610,2017-12-18,1161,1,3188.7,1,1,3,2,113,Lost
360795,2020-12-19,64,1,1938.0,5,1,2,2,512,Potential Loyalists
360894,2018-11-03,841,1,4563.860000000001,2,1,4,2,214,About To Sleep
361214,2020-01-06,412,2,6479.95,4,3,4,4,434,Loyal Customers
361450,2019-08-29,542,1,219.98,3,1,1,1,311,Promising
361691,2018-12-03,811,1,2470.7,2,1,3,2,213,About To Sleep
361945,2020-01-22,396,2,1758.92,4,3,2,2,432,Potential Loyalists
362027,2018-12-25,789,1,699.0,2,1,1,1,211,About To Sleep
362095,2016-12-24,1520,1,3007.66,1,1,3,2,113,Lost
362120,2019-11-23,456,1,1943.99,3,1,2,2,312,Need Attention
362234,2019-09-05,535,4,4043.02,3,5,3,4,353,Loyal Customers
362263,2019-02-22,730,1,657.0,2,1,1,1,211,About To Sleep
362479,2018-10-13,862,1,867.0,2,1,2,2,212,About To Sleep
362960,2020-05-07,290,2,2400.96,5,3,3,3,533,Potential Loyalists
363462,2020-01-31,387,2,1701.13,4,3,2,2,432,Potential Loyalists
363584,2020-11-16,97,5,24753.74,5,5,5,5,555,Champions
363712,2021-02-15,6,5,6684.400000000001,5,5,4,4,554,Loyal Customers
363872,2018-01-18,1130,3,9383.91,1,4,5,4,145,Can't Lose Them
363898,2019-07-20,582,1,680.86,3,1,1,1,311,Promising
364612,2019-01-04,779,1,4349.88,2,1,4,2,214,About To Sleep
364626,2019-11-06,473,1,143.12,3,1,1,1,311,Promising
364677,2019-06-04,628,1,478.0,2,1,1,1,211,About To Sleep
364820,2020-08-13,192,3,2825.59,5,4,3,4,543,Loyal Customers
364852,2019-06-14,618,2,4630.25,2,3,4,4,234,At Risk
365088,2018-11-07,837,1,24.99,2,1,1,1,211,About To Sleep
365200,2019-02-18,734,2,9944.79,2,3,5,4,235,At Risk
365565,2019-02-11,741,2,2602.29,2,3,3,3,233,At Risk
365593,2021-02-13,8,2,1859.66,5,3,2,2,532,Potential Loyalists
365703,2020-04-30,297,3,9130.76,5,4,5,4,545,Loyal Customers
365953,2020-01-15,403,5,6377.02,4,5,4,4,454,Loyal Customers
366123,2019-07-13,589,2,10571.88,3,3,5,4,335,Loyal Customers
366153,2019-01-11,772,1,269.6,2,1,1,1,211,About To Sleep
366250,2021-01-08,44,3,6928.76,5,4,4,4,544,Loyal Customers
366365,2019-10-18,492,3,9274.24,3,4,5,4,345,Loyal Customers
366380,2019-08-17,554,1,6477.62,3,1,4,2,314,Need Attention
366500,2020-05-11,286,5,22220.83,5,5,5,5,555,Champions
366774,2018-10-13,862,1,29.97,2,1,1,1,211,About To Sleep
366856,2021-02-17,4,3,6461.3099999999995,5,4,4,4,544,Loyal Customers
366908,2020-07-04,232,2,2758.89,5,3,3,3,533,Potential Loyalists
367004,2020-03-13,345,1,209.0,4,1,1,1,411,New Customers
367131,2020-07-02,234,5,18381.0,5,5,5,5,555,Champions
367191,2018-11-02,842,1,3183.99,2,1,3,2,213,About To Sleep
367332,2020-06-23,243,1,5660.0,5,1,4,2,514,Potential Loyalists
367414,2018-05-08,1020,1,839.97,1,1,1,1,111,Lost
367715,2019-07-05,597,1,2997.0,3,1,3,2,313,Need Attention
367753,2020-06-02,264,4,3264.09,5,5,3,4,553,Loyal Customers
367824,2017-08-22,1279,3,4085.52,1,4,4,4,144,Can't Lose Them
368115,2016-08-24,1642,2,1463.74,1,3,2,2,132,Lost
368190,2019-10-03,507,4,4674.66,3,5,4,4,354,Loyal Customers
368277,2020-11-24,89,1,3254.47,5,1,3,2,513,Potential Loyalists
368295,2017-03-04,1450,1,8206.94,1,1,5,3,115,At Risk
368584,2018-10-24,851,1,1333.78,2,1,2,2,212,About To Sleep
368610,2019-09-24,516,4,9830.61,3,5,5,5,355,Loyal Customers
368827,2019-06-28,604,1,1340.12,3,1,2,2,312,Need Attention
369446,2019-12-14,435,2,3081.9700000000003,3,3,3,3,333,Need Attention
369814,2018-12-12,802,1,971.3,2,1,2,2,212,About To Sleep
369858,2019-11-09,470,1,471.02000000000004,3,1,1,1,311,Promising
370019,2019-03-13,711,1,27.78,2,1,1,1,211,About To Sleep
370077,2018-06-16,981,3,3714.88,1,4,3,4,143,Can't Lose Them
370149,2019-01-15,768,1,6069.09,2,1,4,2,214,About To Sleep
370810,2020-10-29,115,3,7641.84,5,4,5,4,545,Loyal Customers
370811,2016-06-11,1716,1,1002.99,1,1,2,2,112,Lost
370829,2017-08-12,1289,2,759.8100000000001,1,3,1,2,131,Lost
370964,2019-08-07,564,1,881.89,3,1,2,2,312,Need Attention
371426,2020-02-15,372,1,4611.99,4,1,4,2,414,Potential Loyalists
371459,2018-02-24,1093,1,308.55,1,1,1,1,111,Lost
372299,2017-05-25,1368,1,12.99,1,1,1,1,111,Lost
372304,2016-12-27,1517,1,1328.97,1,1,2,2,112,Lost
372379,2018-05-29,999,1,1173.8000000000002,1,1,2,2,112,Lost
372525,2019-02-23,729,1,111.8,2,1,1,1,211,About To Sleep
372672,2020-02-28,359,1,9592.9,4,1,5,3,415,Loyal Customers
372694,2019-12-28,421,1,1781.98,4,1,2,2,412,Potential Loyalists
373120,2019-03-18,706,2,2310.11,2,3,3,3,233,At Risk
373334,2018-05-26,1002,1,1953.0,1,1,2,2,112,Lost
373683,2019-12-14,435,4,10606.060000000001,3,5,5,5,355,Loyal Customers
373746,2020-05-16,281,5,14103.91,5,5,5,5,555,Champions
373815,2017-11-08,1201,1,458.0,1,1,1,1,111,Lost
374045,2019-05-16,647,3,4686.25,2,4,4,4,244,At Risk
374235,2021-01-30,22,2,3780.0,5,3,3,3,533,Potential Loyalists
374242,2018-06-14,983,1,71.96,1,1,1,1,111,Lost
374334,2019-10-17,493,2,6851.71,3,3,4,4,334,Loyal Customers
374720,2019-12-19,430,4,4439.46,4,5,4,4,454,Loyal Customers
375376,2019-02-22,730,2,753.87,2,3,1,2,231,About To Sleep
375384,2019-12-26,423,4,10652.7,4,5,5,5,455,Champions
375538,2019-09-03,537,4,4357.860000000001,3,5,4,4,354,Loyal Customers
376019,2019-11-30,449,3,1052.38,3,4,2,3,342,Need Attention
376037,2017-07-01,1331,1,8655.34,1,1,5,3,115,At Risk
376053,2019-02-14,738,1,3296.39,2,1,3,2,213,About To Sleep
376607,2020-02-19,368,1,67.4,4,1,1,1,411,New Customers
376933,2020-05-30,267,2,8291.86,5,3,5,4,535,Loyal Customers
376965,2019-02-19,733,2,821.98,2,3,1,2,231,About To Sleep
376977,2018-12-27,787,2,4754.6,2,3,4,4,234,At Risk
377340,2020-05-14,283,5,5023.93,5,5,4,4,554,Loyal Customers
377487,2019-11-19,460,3,3959.77,3,4,3,4,343,Loyal Customers
377521,2019-08-05,566,1,2019.0,3,1,2,2,312,Need Attention
377690,2019-09-30,510,2,3335.47,3,3,3,3,333,Need Attention
377745,2017-08-24,1277,1,10684.880000000001,1,1,5,3,115,At Risk
377854,2021-01-25,27,3,307.35,5,4,1,2,541,Potential Loyalists
378008,2020-10-02,142,2,503.48000000000013,5,3,1,2,531,Potential Loyalists
378023,2020-07-15,221,1,14.94,5,1,1,1,511,New Customers
378117,2020-11-04,109,1,2920.82,5,1,3,2,513,Potential Loyalists
378411,2020-09-30,144,1,4604.96,5,1,4,2,514,Potential Loyalists
378574,2019-12-19,430,2,6487.89,4,3,4,4,434,Loyal Customers
378833,2019-08-01,570,2,1046.28,3,3,2,2,332,Need Attention
379002,2020-01-29,389,1,958.3000000000001,4,1,2,2,412,Potential Loyalists
379142,2019-06-05,627,2,591.04,2,3,1,2,231,About To Sleep
379536,2017-05-08,1385,1,1269.98,1,1,2,2,112,Lost
379770,2020-03-07,351,2,2515.8199999999997,4,3,3,3,433,Loyal Customers
379953,2018-09-29,876,2,2375.6,2,3,3,3,233,At Risk
380032,2019-09-06,534,2,2200.2200000000003,3,3,3,3,333,Need Attention
380256,2019-02-12,740,1,605.8,2,1,1,1,211,About To Sleep
380313,2019-10-12,498,1,139.98,3,1,1,1,311,Promising
380891,2019-11-02,477,2,11925.6,3,3,5,4,335,Loyal Customers
380931,2018-11-03,841,2,12155.16,2,3,5,4,235,At Risk
381140,2021-01-30,22,2,1109.7,5,3,2,2,532,Potential Loyalists
381188,2020-06-16,250,4,3660.42,5,5,3,4,553,Loyal Customers
381223,2019-11-27,452,4,2249.73,3,5,3,4,353,Loyal Customers
381230,2019-02-23,729,2,4333.98,2,3,4,4,234,At Risk
381459,2019-05-07,656,3,9479.36,2,4,5,4,245,At Risk
381656,2017-03-04,1450,1,2039.93,1,1,2,2,112,Lost
381830,2019-12-26,423,2,2593.72,4,3,3,3,433,Loyal Customers
382095,2019-05-29,634,3,6230.139999999999,2,4,4,4,244,At Risk
382178,2019-12-11,438,5,6709.36,3,5,4,4,354,Loyal Customers
382347,2020-11-14,99,2,2264.35,5,3,3,3,533,Potential Loyalists
382379,2020-12-25,58,1,2683.98,5,1,3,2,513,Potential Loyalists
382489,2019-12-04,445,3,4089.56,3,4,4,4,344,Loyal Customers
382539,2019-11-12,467,5,4531.08,3,5,4,4,354,Loyal Customers
382565,2020-08-08,197,2,4757.59,5,3,4,4,534,Loyal Customers
382843,2018-11-10,834,4,3544.7200000000003,2,5,3,4,253,At Risk
382960,2020-01-04,414,8,11543.16,4,5,5,5,455,Champions
383007,2020-07-01,235,4,3725.29,5,5,3,4,553,Loyal Customers
383111,2019-10-09,501,3,3827.51,3,4,3,4,343,Loyal Customers
383155,2019-08-27,544,2,1809.96,3,3,2,2,332,Need Attention
383207,2019-12-24,425,1,1317.93,4,1,2,2,412,Potential Loyalists
383209,2020-06-10,256,3,4258.91,5,4,4,4,544,Loyal Customers
383279,2019-02-13,739,1,1189.0,2,1,2,2,212,About To Sleep
383459,2018-10-10,865,1,2575.88,2,1,3,2,213,About To Sleep
383528,2020-11-27,86,2,7895.71,5,3,5,4,535,Loyal Customers
383902,2019-10-12,498,2,4073.95,3,3,3,3,333,Need Attention
384783,2021-01-22,30,2,10309.15,5,3,5,4,535,Loyal Customers
384911,2020-06-04,262,6,10646.310000000001,5,5,5,5,555,Champions
385309,2019-06-10,622,2,986.98,2,3,2,2,232,About To Sleep
385392,2019-10-30,480,2,1015.94,3,3,2,2,332,Need Attention
385527,2021-01-02,50,4,5289.44,5,5,4,4,554,Loyal Customers
385590,2019-12-26,423,2,3772.0,4,3,3,3,433,Loyal Customers
385627,2019-10-26,484,2,6924.97,3,3,4,4,334,Loyal Customers
385643,2017-10-03,1237,1,360.0,1,1,1,1,111,Lost
385734,2020-05-19,278,1,2037.0,5,1,2,2,512,Potential Loyalists
385794,2020-06-18,248,1,98.11,5,1,1,1,511,New Customers
385817,2020-08-08,197,2,12022.8,5,3,5,4,535,Loyal Customers
385854,2019-09-21,519,1,149.94,3,1,1,1,311,Promising
385971,2020-06-10,256,4,11337.56,5,5,5,5,555,Champions
386552,2016-11-24,1550,1,1039.96,1,1,2,2,112,Lost
387016,2018-07-18,949,2,3203.1800000000003,1,3,3,3,133,At Risk
387148,2018-02-17,1100,1,2811.0,1,1,3,2,113,Lost
387369,2018-03-08,1081,1,6302.0,1,1,4,2,114,Lost
387372,2021-02-04,17,5,11749.9,5,5,5,5,555,Champions
387658,2020-01-01,417,3,2175.6,4,4,3,4,443,Loyal Customers
387704,2018-12-27,787,2,202.94,2,3,1,2,231,About To Sleep
388230,2018-08-16,920,2,973.88,1,3,2,2,132,Lost
388276,2019-08-03,568,1,5652.97,3,1,4,2,314,Need Attention
388302,2019-06-05,627,3,13820.36,2,4,5,4,245,At Risk
388416,2018-07-10,957,1,4159.0,1,1,4,2,114,Lost
388422,2018-07-17,950,2,1634.99,1,3,2,2,132,Lost
388648,2019-06-12,620,1,87.99000000000001,2,1,1,1,211,About To Sleep
388968,2018-08-03,933,1,291.93,1,1,1,1,111,Lost
389013,2019-06-03,629,4,11690.91,2,5,5,5,255,Can't Lose Them
389303,2020-01-04,414,2,1796.32,4,3,2,2,432,Potential Loyalists
389346,2019-02-25,727,2,5309.88,2,3,4,4,234,At Risk
389462,2019-07-17,585,3,3151.6499999999996,3,4,3,4,343,Loyal Customers
389486,2020-07-01,235,2,60.75,5,3,1,2,531,Potential Loyalists
389532,2017-09-27,1243,1,1497.67,1,1,2,2,112,Lost
389928,2018-09-12,893,1,1079.8,1,1,2,2,112,Lost
390031,2019-02-19,733,2,3559.52,2,3,3,3,233,At Risk
390201,2020-12-24,59,1,2885.7,5,1,3,2,513,Potential Loyalists
390781,2016-02-19,1829,1,1871.78,1,1,2,2,112,Lost
390807,2019-12-20,429,3,13352.7,4,4,5,4,445,Loyal Customers
390926,2020-03-05,353,3,13231.58,4,4,5,4,445,Loyal Customers
391082,2019-12-30,419,2,3890.0,4,3,3,3,433,Loyal Customers
391353,2019-01-19,764,1,1124.79,2,1,2,2,212,About To Sleep
391380,2019-12-19,430,2,2498.65,4,3,3,3,433,Loyal Customers
391464,2017-01-07,1506,1,407.99,1,1,1,1,111,Lost
391687,2019-12-28,421,1,2051.96,4,1,2,2,412,Potential Loyalists
391733,2019-05-20,643,2,8760.89,2,3,5,4,235,At Risk
391761,2020-06-11,255,1,736.94,5,1,1,1,511,New Customers
391900,2019-02-14,738,2,12804.86,2,3,5,4,235,At Risk
392118,2020-06-12,254,2,622.6800000000001,5,3,1,2,531,Potential Loyalists
392187,2020-09-12,162,1,2491.0,5,1,3,2,513,Potential Loyalists
392359,2018-10-13,862,1,988.0,2,1,2,2,212,About To Sleep
392374,2019-12-02,447,1,1460.98,3,1,2,2,312,Need Attention
392376,2019-11-06,473,3,8892.14,3,4,5,4,345,Loyal Customers
392676,2020-01-01,417,4,2507.8,4,5,3,4,453,Loyal Customers
393097,2020-02-20,367,4,4039.21,4,5,3,4,453,Loyal Customers
393616,2019-11-19,460,1,471.80000000000007,3,1,1,1,311,Promising
393641,2020-11-06,107,1,2080.91,5,1,2,2,512,Potential Loyalists
393739,2019-07-23,579,2,943.3199999999999,3,3,2,2,332,Need Attention
394173,2018-09-26,879,1,3499.3,1,1,3,2,113,Lost
394181,2020-12-17,66,1,248.0,5,1,1,1,511,New Customers
394231,2019-02-15,737,1,6.99,2,1,1,1,211,About To Sleep
394929,2019-08-24,547,2,2661.94,3,3,3,3,333,Need Attention
395197,2018-12-04,810,3,1538.99,2,4,2,3,242,At Risk
395474,2020-09-05,169,1,1919.8600000000001,5,1,2,2,512,Potential Loyalists
395664,2020-06-15,251,1,9.99,5,1,1,1,511,New Customers
395914,2017-12-07,1172,1,457.2600000000001,1,1,1,1,111,Lost
396388,2019-10-29,481,3,12639.93,3,4,5,4,345,Loyal Customers
396894,2020-05-16,281,1,2950.0,5,1,3,2,513,Potential Loyalists
396944,2020-02-08,379,8,30673.44,4,5,5,5,455,Champions
396969,2020-01-09,409,2,3049.5,4,3,3,3,433,Loyal Customers
397223,2018-10-25,850,2,2503.63,2,3,3,3,233,At Risk
397267,2019-12-04,445,2,745.69,3,3,1,2,331,Need Attention
397285,2020-04-29,298,3,2497.52,5,4,3,4,543,Loyal Customers
397698,2020-05-20,277,1,4626.69,5,1,4,2,514,Potential Loyalists
397885,2018-12-11,803,1,932.0,2,1,2,2,212,About To Sleep
397988,2019-05-09,654,3,1977.5500000000002,2,4,2,3,242,At Risk
398049,2019-12-19,430,2,1836.59,4,3,2,2,432,Potential Loyalists
398056,2019-06-24,608,3,7067.610000000001,2,4,4,4,244,At Risk
398156,2018-10-08,867,2,3238.66,2,3,3,3,233,At Risk
398523,2016-12-24,1520,1,865.97,1,1,2,2,112,Lost
398577,2016-03-16,1803,1,70.13,1,1,1,1,111,Lost
398671,2019-06-13,619,2,4839.2699999999995,2,3,4,4,234,At Risk
398708,2019-08-14,557,2,1670.6699999999998,3,3,2,2,332,Need Attention
398751,2020-07-07,229,3,1473.77,5,4,2,3,542,Potential Loyalists
398841,2019-12-07,442,3,964.2,3,4,2,3,342,Need Attention
399053,2020-10-17,127,3,6236.05,5,4,4,4,544,Loyal Customers
399145,2018-05-23,1005,1,1067.99,1,1,2,2,112,Lost
399253,2016-10-22,1583,1,1501.0,1,1,2,2,112,Lost
399805,2016-11-21,1553,1,2083.99,1,1,2,2,112,Lost
399877,2020-02-14,373,1,193.0,4,1,1,1,411,New Customers
400009,2019-10-05,505,4,7505.92,3,5,5,5,355,Loyal Customers
400031,2018-06-23,974,2,2240.0,1,3,3,3,133,At Risk
400068,2019-03-14,710,1,129.8,2,1,1,1,211,About To Sleep
400071,2019-12-14,435,3,4097.35,3,4,4,4,344,Loyal Customers
400379,2018-10-26,849,1,699.93,2,1,1,1,211,About To Sleep
400656,2018-09-15,890,1,6.89,1,1,1,1,111,Lost
400848,2019-11-27,452,4,4468.01,3,5,4,4,354,Loyal Customers
400856,2019-12-28,421,4,8694.33,4,5,5,5,455,Champions
401123,2017-07-05,1327,2,6560.96,1,3,4,4,134,Can't Lose Them
401221,2020-02-14,373,2,13541.33,4,3,5,4,435,Loyal Customers
401266,2020-02-04,383,2,19033.57,4,3,5,4,435,Loyal Customers
401301,2019-07-20,582,2,1850.72,3,3,2,2,332,Need Attention
401785,2021-01-01,51,2,9807.57,5,3,5,4,535,Loyal Customers
402065,2019-06-13,619,2,4497.98,2,3,4,4,234,At Risk
402420,2019-06-01,631,1,81.45,2,1,1,1,211,About To Sleep
402514,2019-09-14,526,4,12048.310000000001,3,5,5,5,355,Loyal Customers
402727,2020-05-30,267,1,712.98,5,1,1,1,511,New Customers
402983,2019-06-12,620,2,7844.71,2,3,5,4,235,At Risk
402995,2017-02-23,1459,2,1798.32,1,3,2,2,132,Lost
403041,2018-07-05,962,1,359.98,1,1,1,1,111,Lost
403323,2019-10-22,488,4,10431.86,3,5,5,5,355,Loyal Customers
403332,2020-02-08,379,4,9267.93,4,5,5,5,455,Champions
403534,2019-10-30,480,1,436.73,3,1,1,1,311,Promising
403860,2021-01-18,34,3,2303.12,5,4,3,4,543,Loyal Customers
403915,2020-08-29,176,6,8654.21,5,5,5,5,555,Champions
404002,2020-06-22,244,3,3759.0,5,4,3,4,543,Loyal Customers
404256,2018-01-09,1139,1,398.0,1,1,1,1,111,Lost
404359,2019-12-21,428,3,9195.0,4,4,5,4,445,Loyal Customers
404576,2020-10-19,125,2,3985.5,5,3,3,3,533,Potential Loyalists
404819,2020-01-09,409,3,2850.24,4,4,3,4,443,Loyal Customers
404860,2019-01-09,774,3,6775.92,2,4,4,4,244,At Risk
405017,2019-09-05,535,2,3012.19,3,3,3,3,333,Need Attention
405195,2020-08-15,190,2,6150.69,5,3,4,4,534,Loyal Customers
405253,2019-05-24,639,1,1447.9,2,1,2,2,212,About To Sleep
405365,2020-03-03,355,3,1731.76,4,4,2,3,442,Loyal Customers
405689,2018-01-01,1147,1,5090.97,1,1,4,2,114,Lost
405745,2016-11-16,1558,1,5644.0,1,1,4,2,114,Lost
405905,2020-02-18,369,3,8633.32,4,4,5,4,445,Loyal Customers
406079,2020-02-11,376,1,4561.72,4,1,4,2,414,Potential Loyalists
406121,2019-06-15,617,1,10760.96,2,1,5,3,215,At Risk
406124,2019-02-08,744,1,1159.96,2,1,2,2,212,About To Sleep
406676,2019-12-19,430,2,5356.0,4,3,4,4,434,Loyal Customers
406901,2020-03-04,354,3,3374.86,4,4,3,4,443,Loyal Customers
407047,2020-10-21,123,2,5305.0,5,3,4,4,534,Loyal Customers
407150,2019-08-15,556,1,1832.92,3,1,2,2,312,Need Attention
407295,2018-05-12,1016,1,1505.0,1,1,2,2,112,Lost
407478,2019-08-01,570,3,5248.13,3,4,4,4,344,Loyal Customers
407928,2020-01-09,409,2,3587.0,4,3,3,3,433,Loyal Customers
408295,2020-02-03,384,3,1368.97,4,4,2,3,442,Loyal Customers
408328,2019-05-04,659,2,3999.97,2,3,3,3,233,At Risk
408433,2019-02-27,725,1,2682.04,2,1,3,2,213,About To Sleep
408515,2019-07-13,589,1,1892.0,3,1,2,2,312,Need Attention
408519,2019-11-09,470,2,1178.99,3,3,2,2,332,Need Attention
408757,2020-11-28,85,3,7261.25,5,4,4,4,544,Loyal Customers
409154,2020-02-08,379,3,2101.77,4,4,2,3,442,Loyal Customers
409173,2019-02-28,724,2,32585.47,2,3,5,4,235,At Risk
409577,2020-01-20,398,2,1349.6699999999998,4,3,2,2,432,Potential Loyalists
409719,2017-10-14,1226,1,772.5,1,1,1,1,111,Lost
409755,2018-11-15,829,2,2529.04,2,3,3,3,233,At Risk
410032,2019-07-30,572,2,2311.98,3,3,3,3,333,Need Attention
410059,2019-12-11,438,1,340.99,3,1,1,1,311,Promising
410114,2019-12-05,444,3,3264.71,3,4,3,4,343,Loyal Customers
410205,2019-12-28,421,1,291.89,4,1,1,1,411,New Customers
410463,2020-03-07,351,1,577.0,4,1,1,1,411,New Customers
410506,2016-05-19,1739,1,2679.0,1,1,3,2,113,Lost
410798,2020-05-23,274,6,32639.2,5,5,5,5,555,Champions
410819,2019-04-25,668,2,6240.129999999999,2,3,4,4,234,At Risk
410853,2020-02-17,370,2,2528.48,4,3,3,3,433,Loyal Customers
410879,2019-08-10,561,1,14333.94,3,1,5,3,315,Need Attention
410924,2019-02-27,725,3,8858.83,2,4,5,4,245,At Risk
411322,2019-02-06,746,1,24.99,2,1,1,1,211,About To Sleep
411596,2016-11-14,1560,2,4607.43,1,3,4,4,134,Can't Lose Them
411768,2020-03-11,347,4,3998.96,4,5,3,4,453,Loyal Customers
411864,2018-10-16,859,3,5948.33,2,4,4,4,244,At Risk
412039,2017-10-05,1235,1,840.0,1,1,1,1,111,Lost
412041,2019-08-27,544,3,2591.59,3,4,3,4,343,Loyal Customers
412760,2018-12-28,786,3,6066.84,2,4,4,4,244,At Risk
413117,2019-10-31,479,2,3398.85,3,3,3,3,333,Need Attention
413286,2021-01-11,41,3,3182.72,5,4,3,4,543,Loyal Customers
413347,2020-01-24,394,4,6034.9,4,5,4,4,454,Loyal Customers
413393,2019-02-23,729,1,43.0,2,1,1,1,211,About To Sleep
413461,2019-02-23,729,1,1412.99,2,1,2,2,212,About To Sleep
413607,2019-11-05,474,1,400.0,3,1,1,1,311,Promising
413655,2021-01-09,43,1,2240.62,5,1,3,2,513,Potential Loyalists
413703,2019-12-28,421,2,2162.28,4,3,3,3,433,Loyal Customers
414070,2019-07-18,584,1,1818.0,3,1,2,2,312,Need Attention
414116,2020-02-12,375,1,999.8,4,1,2,2,412,Potential Loyalists
414123,2019-10-26,484,2,8305.9,3,3,5,4,335,Loyal Customers
414166,2018-12-21,793,2,2503.9700000000003,2,3,3,3,233,At Risk
414238,2021-01-09,43,3,4174.92,5,4,4,4,544,Loyal Customers
414750,2016-12-31,1513,1,4149.49,1,1,4,2,114,Lost
415125,2020-05-11,286,2,1608.94,5,3,2,2,532,Potential Loyalists
415347,2019-10-01,509,1,889.8,3,1,2,2,312,Need Attention
415350,2020-02-06,381,3,2208.93,4,4,3,4,443,Loyal Customers
416182,2019-05-13,650,1,359.98,2,1,1,1,211,About To Sleep
416331,2017-12-26,1153,2,4238.99,1,3,4,4,134,Can't Lose Them
416365,2021-02-10,11,1,160.0,5,1,1,1,511,New Customers
416421,2019-12-26,423,3,3333.49,4,4,3,4,443,Loyal Customers
416434,2017-09-23,1247,1,2042.5,1,1,2,2,112,Lost
416458,2018-08-30,906,1,274.87,1,1,1,1,111,Lost
416518,2018-10-27,848,1,385.95,2,1,1,1,211,About To Sleep
416834,2019-06-08,624,1,399.8,2,1,1,1,211,About To Sleep
416872,2021-01-16,36,4,13618.599999999999,5,5,5,5,555,Champions
417275,2020-09-28,146,4,20644.36,5,5,5,5,555,Champions
417360,2018-10-04,871,2,1483.97,2,3,2,2,232,About To Sleep
417535,2019-12-17,432,1,4093.9,4,1,4,2,414,Potential Loyalists
417551,2019-10-21,489,3,10459.77,3,4,5,4,345,Loyal Customers
417710,2020-02-12,375,1,350.68,4,1,1,1,411,New Customers
417789,2019-10-16,494,1,51.96,3,1,1,1,311,Promising
417932,2020-02-21,366,2,4049.6800000000003,4,3,3,3,433,Loyal Customers
417969,2018-11-24,820,2,2991.74,2,3,3,3,233,At Risk
418091,2020-12-09,74,6,20558.68,5,5,5,5,555,Champions
418500,2019-10-05,505,2,1871.94,3,3,2,2,332,Need Attention
418621,2019-05-09,654,3,4033.75,2,4,3,4,243,At Risk
418646,2018-12-18,796,2,2952.7599999999998,2,3,3,3,233,At Risk
418651,2020-02-20,367,2,7431.38,4,3,4,4,434,Loyal Customers
418689,2020-01-16,402,3,9764.78,4,4,5,4,445,Loyal Customers
418893,2020-09-08,166,5,13039.15,5,5,5,5,555,Champions
418899,2019-12-14,435,3,2041.6000000000001,3,4,2,3,342,Need Attention
419225,2019-02-02,750,2,3698.64,2,3,3,3,233,At Risk
419536,2019-05-29,634,3,1593.92,2,4,2,3,242,At Risk
420053,2019-06-29,603,3,1790.3300000000002,3,4,2,3,342,Need Attention
420128,2019-05-25,638,1,1362.22,2,1,2,2,212,About To Sleep
420184,2020-03-05,353,1,180.97,4,1,1,1,411,New Customers
420196,2020-01-14,404,2,1146.0,4,3,2,2,432,Potential Loyalists
420523,2018-08-14,922,1,2705.94,1,1,3,2,113,Lost
420688,2020-06-27,239,1,537.0,5,1,1,1,511,New Customers
420770,2019-12-07,442,2,2839.85,3,3,3,3,333,Need Attention
420977,2018-01-01,1147,2,9267.92,1,3,5,4,135,Can't Lose Them
420996,2019-02-06,746,1,474.98,2,1,1,1,211,About To Sleep
421034,2019-07-10,592,1,7340.0,3,1,4,2,314,Need Attention
421225,2018-06-08,989,1,1280.97,1,1,2,2,112,Lost
421385,2020-01-05,413,1,915.89,4,1,2,2,412,Potential Loyalists
421945,2019-02-26,726,2,1183.96,2,3,2,2,232,About To Sleep
422132,2018-10-05,870,3,3176.76,2,4,3,4,243,At Risk
422208,2019-12-07,442,1,873.44,3,1,2,2,312,Need Attention
422321,2019-06-05,627,2,670.99,2,3,1,2,231,About To Sleep
422548,2020-02-04,383,1,4936.26,4,1,4,2,414,Potential Loyalists
422579,2019-06-25,607,3,5692.84,2,4,4,4,244,At Risk
422854,2019-09-21,519,2,2896.56,3,3,3,3,333,Need Attention
422937,2019-12-27,422,1,3079.38,4,1,3,2,413,Potential Loyalists
422965,2019-01-23,760,2,3175.1099999999997,2,3,3,3,233,At Risk
423002,2020-07-28,208,2,946.0,5,3,2,2,532,Potential Loyalists
423549,2020-01-11,407,1,659.0,4,1,1,1,411,New Customers
423693,2016-05-27,1731,1,1267.0,1,1,2,2,112,Lost
423757,2018-11-10,834,1,297.0,2,1,1,1,211,About To Sleep
423898,2020-03-05,353,4,2009.84,4,5,2,4,452,Loyal Customers
424011,2019-12-26,423,3,1053.56,4,4,2,3,442,Loyal Customers
424077,2019-12-21,428,2,478.97,4,3,1,2,431,Potential Loyalists
424079,2020-03-05,353,4,4575.39,4,5,4,4,454,Loyal Customers
424110,2019-07-31,571,3,2316.9,3,4,3,4,343,Loyal Customers
424156,2017-10-17,1223,1,1079.92,1,1,2,2,112,Lost
424340,2020-02-24,363,2,5574.79,4,3,4,4,434,Loyal Customers
424546,2018-07-05,962,3,9425.58,1,4,5,4,145,Can't Lose Them
424556,2019-07-06,596,1,295.73,3,1,1,1,311,Promising
424711,2019-07-12,590,4,5600.61,3,5,4,4,354,Loyal Customers
425179,2020-05-31,266,4,7720.7,5,5,5,5,555,Champions
425389,2020-01-09,409,2,796.98,4,3,1,2,431,Potential Loyalists
425775,2020-03-05,353,1,3968.3,4,1,3,2,413,Potential Loyalists
425996,2019-12-03,446,1,1159.9,3,1,2,2,312,Need Attention
426057,2020-03-11,347,1,1299.0,4,1,2,2,412,Potential Loyalists
426309,2019-10-30,480,1,5027.29,3,1,4,2,314,Need Attention
426724,2019-12-24,425,2,4779.5599999999995,4,3,4,4,434,Loyal Customers
427098,2020-02-22,365,3,3824.75,4,4,3,4,443,Loyal Customers
427302,2020-01-16,402,3,2952.67,4,4,3,4,443,Loyal Customers
427753,2019-09-02,538,1,2259.85,3,1,3,2,313,Need Attention
427804,2020-03-14,344,2,3562.2,5,3,3,3,533,Potential Loyalists
427858,2021-01-09,43,3,5189.469999999999,5,4,4,4,544,Loyal Customers
427971,2019-11-15,464,1,2111.92,3,1,2,2,312,Need Attention
428186,2019-12-11,438,3,2327.94,3,4,3,4,343,Loyal Customers
428496,2020-12-24,59,2,362.9,5,3,1,2,531,Potential Loyalists
428561,2020-01-04,414,1,1107.0,4,1,2,2,412,Potential Loyalists
428640,2020-08-01,204,2,664.2199999999999,5,3,1,2,531,Potential Loyalists
428750,2017-02-03,1479,1,899.97,1,1,2,2,112,Lost
429294,2016-05-10,1748,1,403.98,1,1,1,1,111,Lost
429563,2020-01-09,409,2,17427.91,4,3,5,4,435,Loyal Customers
429663,2019-12-16,433,4,14849.27,4,5,5,5,455,Champions
429686,2020-12-25,58,1,1787.99,5,1,2,2,512,Potential Loyalists
430140,2017-05-10,1383,1,329.97,1,1,1,1,111,Lost
430185,2020-02-16,371,1,691.95,4,1,1,1,411,New Customers
430583,2018-01-15,1133,1,683.8,1,1,1,1,111,Lost
430762,2019-12-26,423,2,1371.68,4,3,2,2,432,Potential Loyalists
430949,2019-11-18,461,2,9101.460000000001,3,3,5,4,335,Loyal Customers
431088,2019-11-29,450,5,9788.86,3,5,5,5,355,Loyal Customers
431145,2019-06-08,624,1,1866.93,2,1,2,2,212,About To Sleep
431254,2018-12-29,785,1,7368.8,2,1,4,2,214,About To Sleep
431309,2018-05-05,1023,2,6487.860000000001,1,3,4,4,134,Can't Lose Them
431461,2018-03-10,1079,3,34343.88,1,4,5,4,145,Can't Lose Them
431618,2019-12-19,430,1,807.34,4,1,1,1,411,New Customers
431659,2018-12-14,800,1,805.6999999999999,2,1,1,1,211,About To Sleep
431735,2020-12-02,81,1,632.99,5,1,1,1,511,New Customers
431835,2020-05-29,268,2,3098.3,5,3,3,3,533,Potential Loyalists
431867,2019-12-21,428,3,10384.67,4,4,5,4,445,Loyal Customers
432061,2018-02-17,1100,1,949.9,1,1,2,2,112,Lost
432063,2020-02-28,359,4,3993.94,4,5,3,4,453,Loyal Customers
432211,2019-07-06,596,3,6493.660000000001,3,4,4,4,344,Loyal Customers
432440,2019-10-07,503,4,10992.43,3,5,5,5,355,Loyal Customers
432743,2019-08-08,563,1,10729.97,3,1,5,3,315,Need Attention
432780,2020-05-12,285,2,2762.42,5,3,3,3,533,Potential Loyalists
432814,2019-11-07,472,4,11927.57,3,5,5,5,355,Loyal Customers
432928,2018-07-14,953,1,26.18,1,1,1,1,111,Lost
432958,2018-06-01,996,2,2690.52,1,3,3,3,133,At Risk
433162,2019-08-19,552,1,80.95,3,1,1,1,311,Promising
433399,2019-02-21,731,1,1539.65,2,1,2,2,212,About To Sleep
433418,2019-12-27,422,2,2171.95,4,3,3,3,433,Loyal Customers
433554,2020-08-27,178,3,13515.779999999999,5,4,5,4,545,Loyal Customers
433811,2019-11-26,453,4,20496.2,3,5,5,5,355,Loyal Customers
434150,2018-12-31,783,1,4464.87,2,1,4,2,214,About To Sleep
434435,2019-06-05,627,2,1191.72,2,3,2,2,232,About To Sleep
434588,2018-11-09,835,2,24525.0,2,3,5,4,235,At Risk
435029,2020-02-11,376,2,1477.93,4,3,2,2,432,Potential Loyalists
435105,2019-01-26,757,1,4955.58,2,1,4,2,214,About To Sleep
435228,2018-06-18,979,2,5979.280000000001,1,3,4,4,134,Can't Lose Them
435530,2017-05-19,1374,1,1677.9,1,1,2,2,112,Lost
435599,2018-06-11,986,2,4956.0,1,3,4,4,134,Can't Lose Them
435655,2019-05-01,662,3,5960.7,2,4,4,4,244,At Risk
435697,2019-05-09,654,2,4033.86,2,3,3,3,233,At Risk
435755,2018-11-24,820,3,2053.87,2,4,2,3,242,At Risk
436081,2020-01-23,395,4,12988.58,4,5,5,5,455,Champions
436747,2019-07-20,582,2,1149.94,3,3,2,2,332,Need Attention
436818,2020-02-08,379,2,2953.3,4,3,3,3,433,Loyal Customers
436917,2019-09-09,531,1,2792.0,3,1,3,2,313,Need Attention
437165,2018-01-03,1145,1,2649.5,1,1,3,2,113,Lost
437318,2018-05-06,1022,1,870.97,1,1,2,2,112,Lost
437389,2020-02-22,365,5,17742.64,4,5,5,5,455,Champions
437422,2019-12-21,428,2,1502.0,4,3,2,2,432,Potential Loyalists
437439,2020-12-26,57,2,11738.0,5,3,5,4,535,Loyal Customers
437476,2019-11-27,452,2,1948.99,3,3,2,2,332,Need Attention
437497,2018-12-04,810,1,855.87,2,1,2,2,212,About To Sleep
438322,2017-06-03,1359,1,90.0,1,1,1,1,111,Lost
438362,2019-09-24,516,2,10361.97,3,3,5,4,335,Loyal Customers
438398,2019-04-27,666,2,5901.28,2,3,4,4,234,At Risk
438560,2019-12-26,423,4,11968.96,4,5,5,5,455,Champions
438601,2018-07-17,950,2,2196.69,1,3,3,3,133,At Risk
439416,2019-12-21,428,2,7441.9,4,3,4,4,434,Loyal Customers
439509,2019-11-16,463,2,622.22,3,3,1,2,331,Need Attention
439650,2021-01-11,41,3,8741.49,5,4,5,4,545,Loyal Customers
439738,2019-10-03,507,1,896.98,3,1,2,2,312,Need Attention
439771,2019-12-02,447,4,1664.1,3,5,2,4,352,Loyal Customers
439962,2020-02-26,361,1,2698.9300000000003,4,1,3,2,413,Potential Loyalists
439991,2021-01-28,24,3,3383.3,5,4,3,4,543,Loyal Customers
440119,2020-01-23,395,5,3263.08,4,5,3,4,453,Loyal Customers
440291,2020-06-10,256,2,8839.65,5,3,5,4,535,Loyal Customers
440410,2019-10-22,488,1,369.0,3,1,1,1,311,Promising
440522,2019-12-18,431,2,3431.9,4,3,3,3,433,Loyal Customers
440537,2018-05-26,1002,1,347.45,1,1,1,1,111,Lost
440641,2017-12-14,1165,1,8979.78,1,1,5,3,115,At Risk
440913,2020-02-28,359,2,1007.8499999999999,4,3,2,2,432,Potential Loyalists
440923,2019-12-16,433,2,2869.2799999999997,4,3,3,3,433,Loyal Customers
441038,2020-08-20,185,2,1447.61,5,3,2,2,532,Potential Loyalists
441051,2020-12-18,65,3,4433.75,5,4,4,4,544,Loyal Customers
441477,2020-08-20,185,1,969.0,5,1,2,2,512,Potential Loyalists
442109,2017-07-22,1310,1,2463.0,1,1,3,2,113,Lost
442699,2019-11-21,458,3,3472.91,3,4,3,4,343,Loyal Customers
443143,2019-12-14,435,3,6754.5,3,4,4,4,344,Loyal Customers
443446,2019-01-05,778,2,3486.92,2,3,3,3,233,At Risk
443529,2019-05-11,652,1,445.88,2,1,1,1,211,About To Sleep
443651,2020-12-30,53,2,626.2,5,3,1,2,531,Potential Loyalists
443701,2020-12-02,81,4,2906.88,5,5,3,4,553,Loyal Customers
443720,2019-02-11,741,2,481.94,2,3,1,2,231,About To Sleep
443855,2020-05-20,277,1,1675.4,5,1,2,2,512,Potential Loyalists
443858,2017-12-05,1174,3,5794.79,1,4,4,4,144,Can't Lose Them
443859,2018-03-08,1081,1,367.37,1,1,1,1,111,Lost
443881,2019-02-11,741,1,906.42,2,1,2,2,212,About To Sleep
443916,2019-09-05,535,1,1037.0,3,1,2,2,312,Need Attention
444034,2019-02-17,735,1,3012.98,2,1,3,2,213,About To Sleep
444160,2016-01-26,1853,1,195.81,1,1,1,1,111,Lost
444181,2020-06-03,263,1,1173.89,5,1,2,2,512,Potential Loyalists
444252,2019-05-04,659,2,2014.75,2,3,2,2,232,About To Sleep
444343,2019-07-22,580,3,4121.5599999999995,3,4,4,4,344,Loyal Customers
444654,2020-06-14,252,3,4480.71,5,4,4,4,544,Loyal Customers
444667,2019-01-17,766,1,26.97,2,1,1,1,211,About To Sleep
444707,2020-02-12,375,1,3982.25,4,1,3,2,413,Potential Loyalists
444719,2019-12-13,436,4,7479.52,3,5,4,4,354,Loyal Customers
444807,2018-10-16,859,4,20349.93,2,5,5,5,255,Can't Lose Them
445123,2019-02-06,746,3,4481.7,2,4,4,4,244,At Risk
445174,2019-11-12,467,1,2476.39,3,1,3,2,313,Need Attention
445298,2016-06-04,1723,1,6376.91,1,1,4,2,114,Lost
445423,2018-12-24,790,1,43.0,2,1,1,1,211,About To Sleep
445503,2019-10-24,486,3,4225.46,3,4,4,4,344,Loyal Customers
445719,2017-03-04,1450,1,758.0,1,1,1,1,111,Lost
445826,2019-01-02,781,2,4507.0,2,3,4,4,234,At Risk
445890,2018-10-20,855,1,1509.98,2,1,2,2,212,About To Sleep
445898,2019-11-19,460,2,5285.98,3,3,4,4,334,Loyal Customers
445975,2020-06-27,239,1,2181.93,5,1,3,2,513,Potential Loyalists
445998,2020-01-16,402,2,6940.3,4,3,4,4,434,Loyal Customers
446182,2019-01-05,778,1,377.98,2,1,1,1,211,About To Sleep
446358,2020-12-23,60,1,1658.0,5,1,2,2,512,Potential Loyalists
446468,2020-09-30,144,1,359.98,5,1,1,1,511,New Customers
446470,2019-09-12,528,2,12872.14,3,3,5,4,335,Loyal Customers
446515,2020-08-04,201,4,402.63,5,5,1,3,551,Potential Loyalists
446584,2018-12-04,810,2,5623.96,2,3,4,4,234,At Risk
446735,2021-02-18,3,6,7440.14,5,5,4,4,554,Loyal Customers
446752,2019-12-17,432,1,4355.55,4,1,4,2,414,Potential Loyalists
446883,2019-12-30,419,2,12943.77,4,3,5,4,435,Loyal Customers
447603,2019-01-17,766,1,264.0,2,1,1,1,211,About To Sleep
447988,2020-02-17,370,2,6503.12,4,3,4,4,434,Loyal Customers
448183,2018-06-15,982,1,870.0,1,1,2,2,112,Lost
448232,2019-10-12,498,4,12808.42,3,5,5,5,355,Loyal Customers
448802,2019-02-19,733,3,16366.44,2,4,5,4,245,At Risk
449333,2020-07-20,216,2,10635.27,5,3,5,4,535,Loyal Customers
449456,2020-10-05,139,3,7324.0,5,4,4,4,544,Loyal Customers
449672,2020-02-03,384,3,4144.43,4,4,4,4,444,Loyal Customers
449696,2020-03-11,347,1,5837.36,4,1,4,2,414,Potential Loyalists
450041,2019-12-20,429,2,2144.67,4,3,2,2,432,Potential Loyalists
450469,2018-05-19,1009,1,26.64,1,1,1,1,111,Lost
450600,2019-12-06,443,4,5653.32,3,5,4,4,354,Loyal Customers
451162,2019-12-17,432,2,3550.46,4,3,3,3,433,Loyal Customers
451222,2020-03-07,351,3,3750.41,4,4,3,4,443,Loyal Customers
451257,2016-12-31,1513,1,1543.0,1,1,2,2,112,Lost
451559,2016-08-15,1651,1,11574.25,1,1,5,3,115,At Risk
451706,2018-09-14,891,1,2680.91,1,1,3,2,113,Lost
451755,2018-12-15,799,2,5283.64,2,3,4,4,234,At Risk
451777,2020-01-03,415,1,5816.21,4,1,4,2,414,Potential Loyalists
452209,2019-11-16,463,4,10211.91,3,5,5,5,355,Loyal Customers
452441,2019-09-26,514,3,2131.84,3,4,2,3,342,Need Attention
452766,2020-01-27,391,2,640.1100000000001,4,3,1,2,431,Potential Loyalists
452881,2020-02-11,376,4,8392.73,4,5,5,5,455,Champions
452923,2016-01-29,1850,1,22.740000000000002,1,1,1,1,111,Lost
452924,2018-09-13,892,1,8898.47,1,1,5,3,115,At Risk
453171,2018-01-02,1146,1,986.0,1,1,2,2,112,Lost
453255,2020-03-11,347,3,4511.48,4,4,4,4,444,Loyal Customers
453380,2020-02-14,373,2,11646.77,4,3,5,4,435,Loyal Customers
453522,2018-08-15,921,1,1013.98,1,1,2,2,112,Lost
453602,2019-12-07,442,1,1881.0,3,1,2,2,312,Need Attention
453872,2019-06-19,613,2,14979.95,2,3,5,4,235,At Risk
453993,2019-10-10,500,3,499.99,3,4,1,2,341,Need Attention
454115,2018-12-25,789,1,544.0,2,1,1,1,211,About To Sleep
454125,2019-12-21,428,1,1145.0,4,1,2,2,412,Potential Loyalists
454192,2018-11-20,824,4,4538.32,2,5,4,4,254,At Risk
454548,2020-08-17,188,3,2525.9,5,4,3,4,543,Loyal Customers
454774,2020-02-07,380,6,14814.67,4,5,5,5,455,Champions
454833,2019-10-10,500,1,629.0,3,1,1,1,311,Promising
454932,2020-02-20,367,5,9900.8,4,5,5,5,455,Champions
455244,2017-09-20,1250,1,173.64,1,1,1,1,111,Lost
455761,2018-11-10,834,1,20.64,2,1,1,1,211,About To Sleep
456029,2019-12-01,448,2,1136.0,3,3,2,2,332,Need Attention
456306,2020-11-21,92,5,16303.29,5,5,5,5,555,Champions
456691,2019-05-07,656,2,1412.94,2,3,2,2,232,About To Sleep
456932,2019-05-12,651,1,880.0,2,1,2,2,212,About To Sleep
456958,2019-10-25,485,2,3139.99,3,3,3,3,333,Need Attention
457019,2018-12-01,813,1,627.95,2,1,1,1,211,About To Sleep
457248,2019-05-30,633,1,1270.0,2,1,2,2,212,About To Sleep
457830,2018-06-12,985,1,877.8,1,1,2,2,112,Lost
457860,2018-12-06,808,2,1278.94,2,3,2,2,232,About To Sleep
458021,2020-07-15,221,3,16412.92,5,4,5,4,545,Loyal Customers
458042,2020-01-09,409,1,1751.4499999999998,4,1,2,2,412,Potential Loyalists
458104,2017-01-19,1494,1,1295.0,1,1,2,2,112,Lost
458315,2018-09-05,900,2,785.25,1,3,1,2,131,Lost
458548,2020-12-20,63,5,17483.83,5,5,5,5,555,Champions
458601,2018-12-29,785,3,1848.96,2,4,2,3,242,At Risk
458731,2020-02-22,365,5,9366.89,4,5,5,5,455,Champions
459096,2019-06-12,620,2,1318.98,2,3,2,2,232,About To Sleep
459273,2020-05-02,295,4,3781.99,5,5,3,4,553,Loyal Customers
459343,2019-03-04,720,1,969.79,2,1,2,2,212,About To Sleep
459499,2016-08-11,1655,1,659.3000000000002,1,1,1,1,111,Lost
459544,2018-12-20,794,1,6914.37,2,1,4,2,214,About To Sleep
459567,2017-11-07,1202,1,296.0,1,1,1,1,111,Lost
459637,2020-11-10,103,1,1495.0,5,1,2,2,512,Potential Loyalists
459811,2018-06-14,983,1,4551.9400000000005,1,1,4,2,114,Lost
459891,2019-10-31,479,2,3059.94,3,3,3,3,333,Need Attention
459919,2019-01-07,776,1,1825.8,2,1,2,2,212,About To Sleep
459996,2017-05-20,1373,1,438.0,1,1,1,1,111,Lost
460245,2021-02-20,1,4,1804.24,5,5,2,4,552,Loyal Customers
460587,2016-01-08,1871,1,1796.4,1,1,2,2,112,Lost
460687,2018-11-17,827,3,7969.860000000001,2,4,5,4,245,At Risk
460999,2019-07-01,601,2,2788.65,3,3,3,3,333,Need Attention
461163,2019-05-09,654,2,1649.7199999999998,2,3,2,2,232,About To Sleep
461221,2018-09-25,880,1,690.0,1,1,1,1,111,Lost
461700,2018-10-24,851,2,4948.32,2,3,4,4,234,At Risk
461824,2019-11-21,458,2,3969.0,3,3,3,3,333,Need Attention
461853,2019-05-20,643,2,2265.18,2,3,3,3,233,At Risk
461982,2020-11-11,102,8,21502.52,5,5,5,5,555,Champions
462142,2018-12-12,802,1,841.97,2,1,1,1,211,About To Sleep
462438,2020-01-27,391,4,4025.55,4,5,3,4,453,Loyal Customers
463039,2017-12-07,1172,1,1273.49,1,1,2,2,112,Lost
463114,2019-12-18,431,4,7556.84,4,5,5,5,455,Champions
463190,2020-06-26,240,1,219.9,5,1,1,1,511,New Customers
463334,2020-05-16,281,2,5410.8,5,3,4,4,534,Loyal Customers
463529,2020-03-07,351,2,2505.24,4,3,3,3,433,Loyal Customers
463657,2020-10-01,143,2,2085.54,5,3,2,2,532,Potential Loyalists
463947,2016-02-23,1825,1,287.88,1,1,1,1,111,Lost
464491,2018-01-10,1138,1,510.0,1,1,1,1,111,Lost
464989,2019-11-09,470,1,62.89,3,1,1,1,311,Promising
465245,2016-12-31,1513,1,1179.9,1,1,2,2,112,Lost
465435,2018-11-03,841,1,3451.25,2,1,3,2,213,About To Sleep
465854,2019-11-09,470,3,5051.73,3,4,4,4,344,Loyal Customers
466143,2019-07-17,585,2,8158.49,3,3,5,4,335,Loyal Customers
466299,2020-09-23,151,1,2068.93,5,1,2,2,512,Potential Loyalists
466300,2020-01-07,411,2,6436.76,4,3,4,4,434,Loyal Customers
466301,2018-01-11,1137,1,5092.0,1,1,4,2,114,Lost
466309,2019-05-08,655,1,2938.0,2,1,3,2,213,About To Sleep
466333,2019-07-18,584,2,4823.9,3,3,4,4,334,Loyal Customers
466363,2019-11-25,454,2,6734.7,3,3,4,4,334,Loyal Customers
466634,2019-06-17,615,2,3723.3,2,3,3,3,233,At Risk
466813,2019-09-07,533,2,7913.83,3,3,5,4,335,Loyal Customers
466912,2019-10-10,500,2,4674.46,3,3,4,4,334,Loyal Customers
467049,2019-10-18,492,2,6875.93,3,3,4,4,334,Loyal Customers
467069,2020-01-06,412,2,2138.33,4,3,2,2,432,Potential Loyalists
467182,2020-10-10,134,4,6124.24,5,5,4,4,554,Loyal Customers
467252,2019-11-21,458,1,3509.45,3,1,3,2,313,Need Attention
467699,2020-07-09,227,1,2831.9300000000003,5,1,3,2,513,Potential Loyalists
467742,2017-08-04,1297,3,2992.8599999999997,1,4,3,4,143,Can't Lose Them
467801,2018-11-02,842,1,1608.16,2,1,2,2,212,About To Sleep
467886,2018-12-05,809,2,3902.58,2,3,3,3,233,At Risk
468046,2018-05-21,1007,1,1394.0,1,1,2,2,112,Lost
468124,2018-12-29,785,1,2995.0,2,1,3,2,213,About To Sleep
468359,2020-02-11,376,2,3324.94,4,3,3,3,433,Loyal Customers
468466,2019-05-04,659,1,715.97,2,1,1,1,211,About To Sleep
468899,2020-01-25,393,1,3388.7,4,1,3,2,413,Potential Loyalists
468948,2019-05-27,636,3,2247.4300000000003,2,4,3,4,243,At Risk
469225,2019-07-01,601,4,2154.39,3,5,2,4,352,Loyal Customers
469440,2019-05-22,641,4,6832.82,2,5,4,4,254,At Risk
469741,2019-07-20,582,5,10976.55,3,5,5,5,355,Loyal Customers
469786,2019-11-13,466,3,562.49,3,4,1,2,341,Need Attention
469815,2020-01-16,402,1,34.95,4,1,1,1,411,New Customers
470064,2019-06-24,608,1,2479.59,2,1,3,2,213,About To Sleep
470376,2019-12-21,428,2,1033.0700000000002,4,3,2,2,432,Potential Loyalists
470428,2020-02-17,370,1,119.0,4,1,1,1,411,New Customers
470470,2020-11-19,94,4,6015.650000000001,5,5,4,4,554,Loyal Customers
470757,2019-06-20,612,1,888.0,2,1,2,2,212,About To Sleep
470965,2020-02-21,366,3,8914.17,4,4,5,4,445,Loyal Customers
471223,2019-05-31,632,3,10879.14,2,4,5,4,245,At Risk
471236,2016-10-05,1600,1,1335.0,1,1,2,2,112,Lost
471557,2019-03-02,722,1,699.93,2,1,1,1,211,About To Sleep
471635,2016-09-09,1626,1,1847.92,1,1,2,2,112,Lost
471681,2019-07-23,579,3,8896.5,3,4,5,4,345,Loyal Customers
471768,2019-06-19,613,2,3630.9300000000003,2,3,3,3,233,At Risk
472362,2019-08-03,568,4,9439.75,3,5,5,5,355,Loyal Customers
472719,2017-09-16,1254,1,257.5,1,1,1,1,111,Lost
472797,2020-01-10,408,2,4295.860000000001,4,3,4,4,434,Loyal Customers
473267,2019-10-18,492,1,309.95,3,1,1,1,311,Promising
473349,2018-04-25,1033,1,121.65,1,1,1,1,111,Lost
473476,2019-01-19,764,1,4899.63,2,1,4,2,214,About To Sleep
473645,2020-06-24,242,2,1945.6399999999999,5,3,2,2,532,Potential Loyalists
473689,2020-06-10,256,2,15918.49,5,3,5,4,535,Loyal Customers
473791,2019-07-16,586,1,3153.0,3,1,3,2,313,Need Attention
473913,2019-07-04,598,1,34.98,3,1,1,1,311,Promising
474309,2019-10-31,479,3,20450.780000000002,3,4,5,4,345,Loyal Customers
474678,2020-02-22,365,1,2343.48,4,1,3,2,413,Potential Loyalists
474789,2020-07-13,223,2,5088.9,5,3,4,4,534,Loyal Customers
475009,2016-12-07,1537,1,2783.6,1,1,3,2,113,Lost
475071,2016-03-08,1811,1,843.72,1,1,1,1,111,Lost
475105,2019-05-18,645,2,15906.900000000001,2,3,5,4,235,At Risk
475180,2018-09-18,887,1,1034.76,1,1,2,2,112,Lost
475485,2020-03-04,354,4,8239.39,4,5,5,5,455,Champions
475534,2019-05-09,654,2,2244.7799999999997,2,3,3,3,233,At Risk
475574,2019-06-27,605,1,3148.0,3,1,3,2,313,Need Attention
475710,2020-02-22,365,2,562.52,4,3,1,2,431,Potential Loyalists
475779,2019-09-30,510,1,156.0,3,1,1,1,311,Promising
475786,2016-08-06,1660,1,131.84,1,1,1,1,111,Lost
476114,2020-02-27,360,1,2899.9,4,1,3,2,413,Potential Loyalists
476275,2020-12-17,66,2,22352.79,5,3,5,4,535,Loyal Customers
476418,2018-12-19,795,1,319.98,2,1,1,1,211,About To Sleep
476425,2018-12-17,797,1,804.0,2,1,1,1,211,About To Sleep
476441,2019-10-16,494,2,2828.49,3,3,3,3,333,Need Attention
477258,2020-05-21,276,2,2878.33,5,3,3,3,533,Potential Loyalists
477328,2020-06-06,260,3,5260.38,5,4,4,4,544,Loyal Customers
477389,2018-09-19,886,2,2125.83,1,3,2,2,132,Lost
477437,2018-09-17,888,1,2569.09,1,1,3,2,113,Lost
477948,2019-01-07,776,1,676.0,2,1,1,1,211,About To Sleep
478136,2020-07-17,219,1,1535.8700000000001,5,1,2,2,512,Potential Loyalists
478298,2020-09-17,157,8,22340.07,5,5,5,5,555,Champions
478492,2018-08-16,920,3,5753.33,1,4,4,4,144,Can't Lose Them
478554,2018-10-18,857,1,3154.62,2,1,3,2,213,About To Sleep
478557,2019-01-02,781,4,916.2,2,5,2,4,252,At Risk
478628,2019-06-22,610,1,163.14,2,1,1,1,211,About To Sleep
478863,2019-12-19,430,4,7661.33,4,5,5,5,455,Champions
478977,2019-07-12,590,4,24962.43,3,5,5,5,355,Loyal Customers
479309,2020-02-23,364,1,64.0,4,1,1,1,411,New Customers
479447,2020-02-27,360,2,18117.9,4,3,5,4,435,Loyal Customers
479605,2017-10-14,1226,1,637.96,1,1,1,1,111,Lost
479678,2019-03-02,722,2,22113.67,2,3,5,4,235,At Risk
480132,2019-09-14,526,2,3069.9300000000003,3,3,3,3,333,Need Attention
480202,2019-10-08,502,3,4044.96,3,4,3,4,343,Loyal Customers
480220,2020-08-29,176,4,8735.3,5,5,5,5,555,Champions
480505,2019-11-20,459,3,1192.0,3,4,2,3,342,Need Attention
480516,2018-12-13,801,2,3578.09,2,3,3,3,233,At Risk
480550,2020-10-31,113,3,7605.62,5,4,5,4,545,Loyal Customers
480659,2019-12-28,421,1,2469.46,4,1,3,2,413,Potential Loyalists
480894,2019-08-22,549,2,1613.8700000000001,3,3,2,2,332,Need Attention
481077,2019-12-20,429,3,3128.51,4,4,3,4,443,Loyal Customers
481104,2017-02-22,1460,1,1178.0,1,1,2,2,112,Lost
481327,2018-01-09,1139,1,651.8899999999999,1,1,1,1,111,Lost
481506,2019-01-28,755,2,1088.5500000000002,2,3,2,2,232,About To Sleep
482108,2016-12-24,1520,1,20615.59,1,1,5,3,115,At Risk
482180,2017-01-17,1496,1,232.0,1,1,1,1,111,Lost
482221,2020-01-21,397,5,14513.16,4,5,5,5,455,Champions
482346,2020-02-27,360,1,512.0,4,1,1,1,411,New Customers
482970,2020-01-03,415,2,867.6700000000001,4,3,2,2,432,Potential Loyalists
483118,2020-02-19,368,4,17863.29,4,5,5,5,455,Champions
483702,2020-01-24,394,2,151.1,4,3,1,2,431,Potential Loyalists
484181,2020-08-19,186,3,926.9200000000001,5,4,2,3,542,Potential Loyalists
484299,2017-05-06,1387,1,10599.769999999999,1,1,5,3,115,At Risk
484430,2018-07-17,950,3,3244.02,1,4,3,4,143,Can't Lose Them
484432,2020-02-07,380,2,7351.32,4,3,4,4,434,Loyal Customers
484719,2019-01-05,778,1,4068.0,2,1,3,2,213,About To Sleep
484984,2019-11-15,464,2,2676.79,3,3,3,3,333,Need Attention
485209,2021-01-15,37,2,10394.470000000001,5,3,5,4,535,Loyal Customers
485285,2018-12-24,790,2,6168.889999999999,2,3,4,4,234,At Risk
485784,2019-03-09,715,1,2308.95,2,1,3,2,213,About To Sleep
485835,2020-11-10,103,1,4716.83,5,1,4,2,514,Potential Loyalists
485922,2019-09-13,527,4,6072.17,3,5,4,4,354,Loyal Customers
486020,2020-03-13,345,3,8100.710000000001,4,4,5,4,445,Loyal Customers
486512,2019-04-26,667,3,12653.880000000001,2,4,5,4,245,At Risk
486542,2019-12-28,421,5,6796.82,4,5,4,4,454,Loyal Customers
486573,2019-12-25,424,1,2798.98,4,1,3,2,413,Potential Loyalists
486934,2019-12-10,439,3,10501.779999999999,3,4,5,4,345,Loyal Customers
487107,2019-01-02,781,2,3123.48,2,3,3,3,233,At Risk
487419,2019-12-14,435,1,262.88,3,1,1,1,311,Promising
487568,2016-10-22,1583,1,198.9,1,1,1,1,111,Lost
488029,2019-09-26,514,3,2726.52,3,4,3,4,343,Loyal Customers
488057,2019-07-11,591,2,1735.39,3,3,2,2,332,Need Attention
488381,2018-09-13,892,1,2476.0,1,1,3,2,113,Lost
488989,2019-12-14,435,1,559.98,3,1,1,1,311,Promising
489146,2019-06-13,619,2,6879.93,2,3,4,4,234,At Risk
489501,2019-07-03,599,5,7390.74,3,5,4,4,354,Loyal Customers
489742,2021-01-01,51,2,5137.0,5,3,4,4,534,Loyal Customers
489744,2020-06-15,251,4,2063.89,5,5,2,4,552,Loyal Customers
489830,2019-07-13,589,1,1413.9,3,1,2,2,312,Need Attention
490481,2018-01-04,1144,2,13069.16,1,3,5,4,135,Can't Lose Them
490731,2018-09-28,877,3,2108.2000000000003,2,4,2,3,242,At Risk
490850,2018-12-25,789,2,9128.9,2,3,5,4,235,At Risk
490933,2019-12-25,424,1,2441.9700000000003,4,1,3,2,413,Potential Loyalists
491084,2019-02-20,732,2,511.0,2,3,1,2,231,About To Sleep
491106,2019-11-09,470,2,6092.78,3,3,4,4,334,Loyal Customers
491167,2020-12-16,67,2,3537.67,5,3,3,3,533,Potential Loyalists
491289,2019-05-04,659,1,393.5,2,1,1,1,211,About To Sleep
491488,2020-07-16,220,3,7696.33,5,4,5,4,545,Loyal Customers
491529,2019-06-10,622,2,1641.92,2,3,2,2,232,About To Sleep
491918,2020-06-08,258,1,1565.5,5,1,2,2,512,Potential Loyalists
492040,2019-02-06,746,2,3374.16,2,3,3,3,233,At Risk
492147,2019-06-08,624,2,2908.86,2,3,3,3,233,At Risk
492206,2020-09-09,165,3,1399.2,5,4,2,3,542,Potential Loyalists
492768,2017-07-26,1306,1,3769.25,1,1,3,2,113,Lost
492898,2020-02-26,361,4,1027.55,4,5,2,4,452,Loyal Customers
493090,2020-09-21,153,2,438.89,5,3,1,2,531,Potential Loyalists
493252,2020-01-10,408,3,7943.65,4,4,5,4,445,Loyal Customers
493374,2020-12-23,60,4,18000.269999999997,5,5,5,5,555,Champions
493378,2020-02-18,369,5,6571.54,4,5,4,4,454,Loyal Customers
493610,2019-12-30,419,2,3764.82,4,3,3,3,433,Loyal Customers
494009,2020-05-01,296,2,777.9300000000001,5,3,1,2,531,Potential Loyalists
494032,2017-10-31,1209,1,644.99,1,1,1,1,111,Lost
494192,2020-03-02,356,3,13698.88,4,4,5,4,445,Loyal Customers
494291,2019-11-28,451,3,15260.14,3,4,5,4,345,Loyal Customers
494417,2019-09-18,522,1,5965.89,3,1,4,2,314,Need Attention
494464,2018-12-08,806,2,6383.96,2,3,4,4,234,At Risk
494472,2020-02-19,368,2,4363.32,4,3,4,4,434,Loyal Customers
494519,2019-01-09,774,2,193.81,2,3,1,2,231,About To Sleep
494890,2018-05-31,997,1,4551.280000000001,1,1,4,2,114,Lost
495181,2020-02-06,381,4,15926.39,4,5,5,5,455,Champions
495703,2020-01-09,409,2,3219.13,4,3,3,3,433,Loyal Customers
495894,2017-07-19,1313,3,5103.8,1,4,4,4,144,Can't Lose Them
496016,2018-10-10,865,1,5271.0,2,1,4,2,214,About To Sleep
496095,2020-05-04,293,4,15285.730000000001,5,5,5,5,555,Champions
496351,2019-09-14,526,1,1240.55,3,1,2,2,312,Need Attention
496836,2019-11-30,449,1,592.0,3,1,1,1,311,Promising
496867,2020-05-28,269,4,7393.43,5,5,4,4,554,Loyal Customers
497316,2019-10-17,493,3,1931.94,3,4,2,3,342,Need Attention
497370,2019-11-29,450,3,6298.639999999999,3,4,4,4,344,Loyal Customers
497679,2020-01-18,400,3,4126.25,4,4,4,4,444,Loyal Customers
497789,2019-07-02,600,2,29469.63,3,3,5,4,335,Loyal Customers
497839,2020-08-15,190,6,18991.66,5,5,5,5,555,Champions
497899,2017-09-26,1244,1,302.0,1,1,1,1,111,Lost
498323,2020-01-30,388,2,1349.5,4,3,2,2,432,Potential Loyalists
498401,2019-11-21,458,3,1591.77,3,4,2,3,342,Need Attention
498432,2020-01-01,417,1,3219.99,4,1,3,2,413,Potential Loyalists
498582,2019-08-12,559,2,1455.22,3,3,2,2,332,Need Attention
499126,2019-09-26,514,1,714.87,3,1,1,1,311,Promising
499646,2020-07-03,233,4,10183.98,5,5,5,5,555,Champions
500029,2019-12-20,429,2,3649.25,4,3,3,3,433,Loyal Customers
500144,2020-08-28,177,1,608.7,5,1,1,1,511,New Customers
500164,2019-12-31,418,1,1857.0,4,1,2,2,412,Potential Loyalists
500257,2020-02-25,362,1,897.0,4,1,2,2,412,Potential Loyalists
500289,2020-06-18,248,1,226.4,5,1,1,1,511,New Customers
500332,2018-12-18,796,5,15334.4,2,5,5,5,255,Can't Lose Them
500639,2017-12-11,1168,1,71.98,1,1,1,1,111,Lost
500746,2020-07-04,232,3,5343.6,5,4,4,4,544,Loyal Customers
501029,2019-10-26,484,4,9521.97,3,5,5,5,355,Loyal Customers
501047,2019-02-02,750,2,5303.08,2,3,4,4,234,At Risk
501361,2021-02-13,8,4,12141.369999999999,5,5,5,5,555,Champions
501427,2018-10-12,863,1,1097.98,2,1,2,2,212,About To Sleep
501476,2020-04-27,300,5,11069.89,5,5,5,5,555,Champions
501602,2018-08-25,911,1,893.9,1,1,2,2,112,Lost
501700,2020-01-08,410,1,1290.6,4,1,2,2,412,Potential Loyalists
501902,2019-11-09,470,2,3431.13,3,3,3,3,333,Need Attention
501912,2019-11-09,470,3,1135.96,3,4,2,3,342,Need Attention
502406,2021-02-03,18,4,5350.26,5,5,4,4,554,Loyal Customers
502452,2019-10-10,500,2,5090.97,3,3,4,4,334,Loyal Customers
502517,2019-05-31,632,3,2376.93,2,4,3,4,243,At Risk
502758,2019-08-21,550,2,8399.14,3,3,5,4,335,Loyal Customers
502900,2019-04-29,664,1,155.98,2,1,1,1,211,About To Sleep
503444,2018-11-03,841,3,3760.22,2,4,3,4,243,At Risk
503496,2020-02-13,374,1,591.93,4,1,1,1,411,New Customers
503508,2018-08-07,929,2,11981.1,1,3,5,4,135,Can't Lose Them
503562,2020-01-31,387,3,5339.4400000000005,4,4,4,4,444,Loyal Customers
503667,2020-07-22,214,1,80.44,5,1,1,1,511,New Customers
503734,2018-02-15,1102,1,6065.99,1,1,4,2,114,Lost
503788,2019-01-09,774,4,2963.81,2,5,3,4,253,At Risk
503789,2020-01-31,387,1,289.40000000000003,4,1,1,1,411,New Customers
503817,2020-01-04,414,1,484.98,4,1,1,1,411,New Customers
504047,2018-11-21,823,1,44.97,2,1,1,1,211,About To Sleep
504278,2020-01-23,395,1,142.32,4,1,1,1,411,New Customers
504386,2019-05-27,636,2,3996.5599999999995,2,3,3,3,233,At Risk
504517,2020-05-21,276,4,3202.23,5,5,3,4,553,Loyal Customers
504828,2020-05-18,279,4,5204.89,5,5,4,4,554,Loyal Customers
504949,2017-11-30,1179,1,240.0,1,1,1,1,111,Lost
504968,2020-02-17,370,6,13316.42,4,5,5,5,455,Champions
505034,2019-05-03,660,1,5866.91,2,1,4,2,214,About To Sleep
505288,2019-02-05,747,3,5213.98,2,4,4,4,244,At Risk
505458,2020-01-02,416,1,837.87,4,1,1,1,411,New Customers
505476,2020-01-20,398,2,1880.97,4,3,2,2,432,Potential Loyalists
505485,2019-08-10,561,4,20954.690000000002,3,5,5,5,355,Loyal Customers
505656,2017-12-18,1161,1,9924.99,1,1,5,3,115,At Risk
505731,2016-09-10,1625,1,930.0,1,1,2,2,112,Lost
506178,2018-06-12,985,1,158.96,1,1,1,1,111,Lost
506283,2019-09-28,512,3,4455.77,3,4,4,4,344,Loyal Customers
506422,2019-10-10,500,2,3576.8,3,3,3,3,333,Need Attention
506507,2019-10-24,486,2,1200.9,3,3,2,2,332,Need Attention
506515,2020-01-02,416,4,4855.52,4,5,4,4,454,Loyal Customers
507168,2018-05-02,1026,1,215.0,1,1,1,1,111,Lost
507298,2019-08-05,566,2,4276.82,3,3,4,4,334,Loyal Customers
507358,2019-12-26,423,4,19430.78,4,5,5,5,455,Champions
507454,2019-02-22,730,1,18030.86,2,1,5,3,215,At Risk
507581,2018-05-19,1009,2,559.97,1,3,1,2,131,Lost
507938,2019-07-15,587,3,6424.59,3,4,4,4,344,Loyal Customers
507981,2016-01-02,1877,1,299.23,1,1,1,1,111,Lost
508025,2019-10-11,499,1,2505.25,3,1,3,2,313,Need Attention
508168,2019-11-11,468,2,688.6800000000001,3,3,1,2,331,Need Attention
508448,2020-10-22,122,1,600.0,5,1,1,1,511,New Customers
508885,2020-08-12,193,3,8096.92,5,4,5,4,545,Loyal Customers
509010,2019-07-24,578,1,1948.77,3,1,2,2,312,Need Attention
509138,2020-07-03,233,2,3563.07,5,3,3,3,533,Potential Loyalists
509248,2019-12-20,429,3,11538.36,4,4,5,4,445,Loyal Customers
509357,2019-09-26,514,3,2175.86,3,4,3,4,343,Loyal Customers
509680,2018-08-28,908,3,5235.64,1,4,4,4,144,Can't Lose Them
509827,2019-12-25,424,1,2054.38,4,1,2,2,412,Potential Loyalists
509948,2018-07-14,953,2,3463.1800000000003,1,3,3,3,133,At Risk
510011,2020-01-04,414,1,2066.95,4,1,2,2,412,Potential Loyalists
510088,2019-08-22,549,4,2427.23,3,5,3,4,353,Loyal Customers
510491,2019-11-21,458,2,2820.57,3,3,3,3,333,Need Attention
510614,2019-07-10,592,1,3403.86,3,1,3,2,313,Need Attention
510759,2018-06-15,982,2,2050.68,1,3,2,2,132,Lost
511037,2019-02-25,727,1,4366.87,2,1,4,2,214,About To Sleep
511229,2021-02-20,1,2,496.99,5,3,1,2,531,Potential Loyalists
511230,2019-07-03,599,1,327.97,3,1,1,1,311,Promising
511301,2019-12-28,421,1,963.52,4,1,2,2,412,Potential Loyalists
511426,2018-01-19,1129,1,2392.7999999999997,1,1,3,2,113,Lost
511497,2016-06-09,1718,1,2891.6800000000003,1,1,3,2,113,Lost
511649,2019-10-23,487,1,664.0,3,1,1,1,311,Promising
512276,2019-02-15,737,3,4811.88,2,4,4,4,244,At Risk
512312,2020-07-08,228,4,3391.98,5,5,3,4,553,Loyal Customers
512415,2019-10-16,494,2,2897.0,3,3,3,3,333,Need Attention
512630,2020-07-17,219,3,4096.75,5,4,4,4,544,Loyal Customers
512757,2019-11-23,456,1,579.0,3,1,1,1,311,Promising
513130,2020-01-13,405,1,8230.95,4,1,5,3,415,Loyal Customers
513256,2018-05-03,1025,1,4257.389999999999,1,1,4,2,114,Lost
513301,2019-05-23,640,2,6725.58,2,3,4,4,234,At Risk
513320,2018-07-14,953,1,290.89,1,1,1,1,111,Lost
513424,2020-02-25,362,3,8685.49,4,4,5,4,445,Loyal Customers
513426,2020-01-21,397,1,2310.6499999999996,4,1,3,2,413,Potential Loyalists
513501,2019-06-07,625,2,8136.0,2,3,5,4,235,At Risk
513548,2020-01-11,407,2,411.4,4,3,1,2,431,Potential Loyalists
514015,2019-09-19,521,2,11618.64,3,3,5,4,335,Loyal Customers
514089,2019-01-09,774,1,2362.67,2,1,3,2,213,About To Sleep
514111,2019-07-02,600,1,382.95,3,1,1,1,311,Promising
514299,2019-12-16,433,2,3305.48,4,3,3,3,433,Loyal Customers
514540,2020-05-22,275,2,4315.1,5,3,4,4,534,Loyal Customers
515050,2019-06-12,620,2,11021.49,2,3,5,4,235,At Risk
515527,2018-12-24,790,2,2181.95,2,3,3,3,233,At Risk
516226,2019-01-02,781,2,413.96000000000004,2,3,1,2,231,About To Sleep
516324,2019-11-04,475,3,1425.76,3,4,2,3,342,Need Attention
516663,2020-11-19,94,5,6921.030000000001,5,5,4,4,554,Loyal Customers
516858,2019-01-02,781,1,563.9,2,1,1,1,211,About To Sleep
516944,2019-01-03,780,2,312.68,2,3,1,2,231,About To Sleep
517158,2019-01-03,780,1,419.97,2,1,1,1,211,About To Sleep
517515,2020-02-20,367,1,598.0,4,1,1,1,411,New Customers
517556,2019-08-31,540,4,13094.74,3,5,5,5,355,Loyal Customers
517558,2019-09-07,533,3,2058.9300000000003,3,4,2,3,342,Need Attention
517561,2019-07-13,589,3,2730.94,3,4,3,4,343,Loyal Customers
517822,2019-12-21,428,1,1268.94,4,1,2,2,412,Potential Loyalists
517972,2018-11-22,822,1,4173.429999999999,2,1,4,2,214,About To Sleep
517979,2019-07-06,596,4,3582.05,3,5,3,4,353,Loyal Customers
518368,2019-11-08,471,2,17573.579999999998,3,3,5,4,335,Loyal Customers
519237,2017-12-27,1152,1,5032.99,1,1,4,2,114,Lost
519361,2019-09-04,536,2,5246.75,3,3,4,4,334,Loyal Customers
519438,2020-04-30,297,4,3951.21,5,5,3,4,553,Loyal Customers
519586,2020-06-19,247,4,19564.18,5,5,5,5,555,Champions
519679,2017-02-06,1476,1,259.8,1,1,1,1,111,Lost
519726,2019-05-03,660,1,84.45,2,1,1,1,211,About To Sleep
519936,2017-09-16,1254,1,1454.0,1,1,2,2,112,Lost
520709,2019-05-28,635,1,2277.64,2,1,3,2,213,About To Sleep
520831,2018-08-08,928,1,807.23,1,1,1,1,111,Lost
520991,2019-01-02,781,3,738.0,2,4,1,2,241,About To Sleep
521070,2019-10-05,505,1,2257.85,3,1,3,2,313,Need Attention
521492,2020-05-07,290,3,27534.88,5,4,5,4,545,Loyal Customers
521700,2019-06-15,617,2,1359.94,2,3,2,2,232,About To Sleep
521809,2019-12-27,422,1,2817.99,4,1,3,2,413,Potential Loyalists
522159,2019-12-20,429,3,6119.43,4,4,4,4,444,Loyal Customers
522323,2019-11-26,453,1,759.73,3,1,1,1,311,Promising
522334,2019-12-27,422,4,6174.78,4,5,4,4,454,Loyal Customers
522474,2020-05-12,285,1,3802.23,5,1,3,2,513,Potential Loyalists
522503,2020-03-12,346,1,494.99,4,1,1,1,411,New Customers
522542,2018-08-10,926,1,181.0,1,1,1,1,111,Lost
522564,2020-06-15,251,5,8286.36,5,5,5,5,555,Champions
522581,2017-10-07,1233,1,2406.89,1,1,3,2,113,Lost
522615,2020-05-14,283,2,1710.11,5,3,2,2,532,Potential Loyalists
522652,2018-06-06,991,2,18278.06,1,3,5,4,135,Can't Lose Them
522798,2021-02-18,3,1,269.9,5,1,1,1,511,New Customers
522806,2019-12-14,435,10,17522.04,3,5,5,5,355,Loyal Customers
522923,2018-12-12,802,1,1208.99,2,1,2,2,212,About To Sleep
522945,2021-01-22,30,3,4182.97,5,4,4,4,544,Loyal Customers
522979,2020-05-22,275,4,8305.49,5,5,5,5,555,Champions
523197,2019-02-19,733,2,4150.389999999999,2,3,4,4,234,At Risk
523379,2020-10-27,117,3,797.75,5,4,1,2,541,Potential Loyalists
523604,2020-12-10,73,2,10797.94,5,3,5,4,535,Loyal Customers
523615,2019-09-04,536,2,3127.94,3,3,3,3,333,Need Attention
524021,2020-02-14,373,4,1529.01,4,5,2,4,452,Loyal Customers
524042,2020-01-01,417,2,1031.16,4,3,2,2,432,Potential Loyalists
524077,2019-07-20,582,1,1671.0,3,1,2,2,312,Need Attention
524438,2019-06-15,617,1,7936.9,2,1,5,3,215,At Risk
524697,2019-08-19,552,5,7790.820000000001,3,5,5,5,355,Loyal Customers
524848,2020-01-29,389,3,6402.04,4,4,4,4,444,Loyal Customers
524890,2020-06-17,249,2,1188.9,5,3,2,2,532,Potential Loyalists
524920,2019-02-14,738,3,4706.0,2,4,4,4,244,At Risk
525178,2018-12-05,809,1,1795.38,2,1,2,2,212,About To Sleep
525298,2020-06-30,236,3,4679.34,5,4,4,4,544,Loyal Customers
525719,2018-01-07,1141,2,1659.55,1,3,2,2,132,Lost
525739,2019-11-30,449,3,26161.17,3,4,5,4,345,Loyal Customers
525835,2017-02-25,1457,1,2815.5,1,1,3,2,113,Lost
526078,2020-02-15,372,3,646.98,4,4,1,2,441,Potential Loyalists
526164,2020-07-18,218,3,1471.93,5,4,2,3,542,Potential Loyalists
526271,2018-10-29,846,4,11717.67,2,5,5,5,255,Can't Lose Them
526411,2021-01-25,27,3,11324.119999999999,5,4,5,4,545,Loyal Customers
526582,2018-10-20,855,1,7336.97,2,1,4,2,214,About To Sleep
526851,2019-10-03,507,4,8535.19,3,5,5,5,355,Loyal Customers
527183,2020-11-07,106,4,9441.76,5,5,5,5,555,Champions
527329,2020-10-28,116,2,4347.68,5,3,4,4,534,Loyal Customers
527409,2016-12-14,1530,2,6126.47,1,3,4,4,134,Can't Lose Them
527421,2019-12-25,424,4,4667.13,4,5,4,4,454,Loyal Customers
527547,2016-11-03,1571,1,2520.0,1,1,3,2,113,Lost
527586,2020-09-02,172,3,5253.87,5,4,4,4,544,Loyal Customers
527697,2020-08-25,180,3,3939.49,5,4,3,4,543,Loyal Customers
527886,2018-11-17,827,1,67.4,2,1,1,1,211,About To Sleep
527912,2019-03-11,713,2,11604.99,2,3,5,4,235,At Risk
528022,2019-03-12,712,4,6024.53,2,5,4,4,254,At Risk
528140,2019-06-07,625,2,2278.92,2,3,3,3,233,At Risk
528147,2017-02-22,1460,1,2100.0,1,1,2,2,112,Lost
528361,2020-01-01,417,3,5697.97,4,4,4,4,444,Loyal Customers
528376,2021-02-06,15,6,21081.68,5,5,5,5,555,Champions
528629,2019-02-05,747,2,250.35,2,3,1,2,231,About To Sleep
528765,2020-08-12,193,3,3080.0,5,4,3,4,543,Loyal Customers
528793,2020-06-25,241,1,4616.85,5,1,4,2,514,Potential Loyalists
529156,2019-08-17,554,1,1185.99,3,1,2,2,312,Need Attention
529180,2020-03-02,356,2,8291.779999999999,4,3,5,4,435,Loyal Customers
529316,2019-10-21,489,1,311.95,3,1,1,1,311,Promising
529509,2019-01-05,778,2,8229.0,2,3,5,4,235,At Risk
529702,2019-05-28,635,1,55.760000000000005,2,1,1,1,211,About To Sleep
529779,2018-11-19,825,1,15711.9,2,1,5,3,215,At Risk
529903,2020-02-14,373,5,18328.32,4,5,5,5,455,Champions
530451,2021-02-11,10,4,16858.440000000002,5,5,5,5,555,Champions
530536,2019-12-30,419,1,277.99,4,1,1,1,411,New Customers
530592,2016-11-25,1549,1,7066.98,1,1,4,2,114,Lost
530618,2019-10-07,503,3,5899.13,3,4,4,4,344,Loyal Customers
531153,2019-10-24,486,1,5454.95,3,1,4,2,314,Need Attention
531198,2018-01-18,1130,2,333.96000000000004,1,3,1,2,131,Lost
531478,2019-09-12,528,2,15183.51,3,3,5,4,335,Loyal Customers
532138,2020-07-25,211,2,926.97,5,3,2,2,532,Potential Loyalists
532184,2020-05-13,284,3,4506.9,5,4,4,4,544,Loyal Customers
532320,2020-05-18,279,2,2018.9,5,3,2,2,532,Potential Loyalists
532533,2019-07-17,585,2,779.0,3,3,1,2,331,Need Attention
532684,2020-03-11,347,3,3216.5,4,4,3,4,443,Loyal Customers
532701,2019-12-28,421,2,11608.8,4,3,5,4,435,Loyal Customers
532793,2019-11-14,465,3,9813.56,3,4,5,4,345,Loyal Customers
533358,2019-01-23,760,3,20754.12,2,4,5,4,245,At Risk
533499,2019-12-20,429,1,198.0,4,1,1,1,411,New Customers
533705,2020-02-17,370,5,7108.6900000000005,4,5,4,4,454,Loyal Customers
534048,2020-03-07,351,2,1792.94,4,3,2,2,432,Potential Loyalists
534614,2019-05-08,655,1,879.8,2,1,2,2,212,About To Sleep
534885,2019-11-19,460,1,299.98,3,1,1,1,311,Promising
535159,2018-10-20,855,2,6773.13,2,3,4,4,234,At Risk
535180,2019-03-12,712,1,677.92,2,1,1,1,211,About To Sleep
535359,2019-06-04,628,2,3386.79,2,3,3,3,233,At Risk
535370,2019-01-02,781,3,2555.7200000000003,2,4,3,4,243,At Risk
535496,2018-11-24,820,3,41521.53,2,4,5,4,245,At Risk
535607,2016-08-13,1653,1,697.94,1,1,1,1,111,Lost
535791,2019-05-02,661,2,2185.0,2,3,3,3,233,At Risk
536119,2021-01-09,43,2,2836.77,5,3,3,3,533,Potential Loyalists
536215,2016-11-21,1553,1,109.0,1,1,1,1,111,Lost
536221,2017-06-03,1359,1,1704.99,1,1,2,2,112,Lost
536368,2019-08-23,548,4,8431.57,3,5,5,5,355,Loyal Customers
536409,2020-02-04,383,3,5639.8,4,4,4,4,444,Loyal Customers
536477,2020-01-01,417,1,765.9,4,1,1,1,411,New Customers
536845,2019-03-05,719,3,9882.6,2,4,5,4,245,At Risk
537045,2019-07-19,583,1,1045.0,3,1,2,2,312,Need Attention
537277,2019-06-18,614,1,47.44,2,1,1,1,211,About To Sleep
537509,2019-12-26,423,3,24592.83,4,4,5,4,445,Loyal Customers
537704,2019-07-02,600,2,4962.98,3,3,4,4,334,Loyal Customers
537736,2020-05-30,267,1,1514.5,5,1,2,2,512,Potential Loyalists
537758,2019-12-31,418,2,6995.82,4,3,4,4,434,Loyal Customers
538047,2019-06-25,607,2,2214.96,2,3,3,3,233,At Risk
538152,2020-02-13,374,4,4448.43,4,5,4,4,454,Loyal Customers
538259,2019-10-08,502,1,3578.0,3,1,3,2,313,Need Attention
538285,2018-11-23,821,1,1830.99,2,1,2,2,212,About To Sleep
538326,2018-10-27,848,1,9236.97,2,1,5,3,215,At Risk
538374,2019-06-22,610,1,223.0,2,1,1,1,211,About To Sleep
538801,2019-03-11,713,2,5134.92,2,3,4,4,234,At Risk
538941,2016-10-14,1591,1,577.95,1,1,1,1,111,Lost
539097,2018-02-12,1105,1,115.98,1,1,1,1,111,Lost
539150,2020-07-17,219,3,12979.9,5,4,5,4,545,Loyal Customers
539203,2017-07-05,1327,1,362.0,1,1,1,1,111,Lost
539314,2020-10-01,143,2,5483.29,5,3,4,4,534,Loyal Customers
539789,2016-11-22,1552,2,4012.49,1,3,3,3,133,At Risk
539920,2020-06-24,242,2,333.74,5,3,1,2,531,Potential Loyalists
540119,2018-12-21,793,2,4051.63,2,3,3,3,233,At Risk
540122,2018-12-26,788,4,5615.8099999999995,2,5,4,4,254,At Risk
540301,2019-10-09,501,2,3239.87,3,3,3,3,333,Need Attention
540397,2019-09-18,522,1,598.9,3,1,1,1,311,Promising
540609,2020-05-14,283,3,8736.74,5,4,5,4,545,Loyal Customers
540791,2020-01-31,387,2,2168.0,4,3,3,3,433,Loyal Customers
541128,2017-12-21,1158,1,599.9399999999999,1,1,1,1,111,Lost
541324,2019-06-15,617,2,1041.68,2,3,2,2,232,About To Sleep
541442,2019-12-03,446,2,6096.9,3,3,4,4,334,Loyal Customers
541458,2020-02-04,383,4,2831.02,4,5,3,4,453,Loyal Customers
541598,2019-10-28,482,4,12324.18,3,5,5,5,355,Loyal Customers
542020,2018-12-06,808,2,3098.0,2,3,3,3,233,At Risk
542450,2020-08-10,195,1,2645.67,5,1,3,2,513,Potential Loyalists
542461,2019-10-05,505,1,2108.98,3,1,2,2,312,Need Attention
542485,2019-07-27,575,3,7606.62,3,4,5,4,345,Loyal Customers
542584,2020-06-01,265,3,4916.47,5,4,4,4,544,Loyal Customers
542632,2020-09-30,144,4,13626.1,5,5,5,5,555,Champions
542678,2019-12-21,428,2,13044.92,4,3,5,4,435,Loyal Customers
542913,2017-11-11,1198,1,902.0,1,1,2,2,112,Lost
542943,2020-01-11,407,3,6153.51,4,4,4,4,444,Loyal Customers
543038,2017-08-04,1297,1,3175.95,1,1,3,2,113,Lost
543610,2019-07-13,589,4,5182.15,3,5,4,4,354,Loyal Customers
543834,2020-01-28,390,6,17534.09,4,5,5,5,455,Champions
544035,2020-10-01,143,9,8708.21,5,5,5,5,555,Champions
544047,2020-12-16,67,2,651.96,5,3,1,2,531,Potential Loyalists
544127,2018-01-08,1140,2,5986.08,1,3,4,4,134,Can't Lose Them
544134,2019-12-07,442,2,3117.59,3,3,3,3,333,Need Attention
544176,2018-09-19,886,1,631.89,1,1,1,1,111,Lost
544315,2020-07-04,232,3,5427.6900000000005,5,4,4,4,544,Loyal Customers
544347,2020-12-17,66,1,13.9,5,1,1,1,511,New Customers
544650,2020-02-20,367,1,1268.95,4,1,2,2,412,Potential Loyalists
544656,2018-08-28,908,2,2679.83,1,3,3,3,133,At Risk
544822,2018-02-23,1094,2,623.98,1,3,1,2,131,Lost
544830,2020-11-25,88,1,6293.0,5,1,4,2,514,Potential Loyalists
545287,2020-06-18,248,2,8008.51,5,3,5,4,535,Loyal Customers
545755,2019-06-01,631,3,9591.369999999999,2,4,5,4,245,At Risk
545764,2016-04-30,1758,1,4132.780000000001,1,1,4,2,114,Lost
545914,2019-09-21,519,1,759.56,3,1,1,1,311,Promising
546334,2019-07-12,590,3,519.85,3,4,1,2,341,Need Attention
546432,2020-02-10,377,4,11189.83,4,5,5,5,455,Champions
546471,2020-06-29,237,4,6136.07,5,5,4,4,554,Loyal Customers
546598,2019-12-20,429,2,5560.889999999999,4,3,4,4,434,Loyal Customers
547106,2018-08-18,918,1,761.0,1,1,1,1,111,Lost
547310,2019-12-17,432,1,2561.0,4,1,3,2,413,Potential Loyalists
547324,2019-07-08,594,3,5164.54,3,4,4,4,344,Loyal Customers
547514,2016-06-24,1703,1,258.0,1,1,1,1,111,Lost
547701,2019-06-24,608,2,2912.8199999999997,2,3,3,3,233,At Risk
547714,2018-03-03,1086,1,349.0,1,1,1,1,111,Lost
547989,2020-10-17,127,2,1529.5800000000002,5,3,2,2,532,Potential Loyalists
548183,2016-05-21,1737,1,2476.0,1,1,3,2,113,Lost
548685,2019-02-09,743,2,2855.26,2,3,3,3,233,At Risk
548775,2019-12-16,433,2,430.0,4,3,1,2,431,Potential Loyalists
548802,2020-01-16,402,3,3516.71,4,4,3,4,443,Loyal Customers
549312,2020-12-21,62,2,1515.88,5,3,2,2,532,Potential Loyalists
549766,2019-12-19,430,2,3149.59,4,3,3,3,433,Loyal Customers
549819,2018-09-01,904,5,8258.14,1,5,5,5,155,Can't Lose Them
549889,2019-02-21,731,1,4022.54,2,1,3,2,213,About To Sleep
549936,2020-05-30,267,3,4394.57,5,4,4,4,544,Loyal Customers
549970,2019-12-17,432,2,2099.35,4,3,2,2,432,Potential Loyalists
549983,2017-09-23,1247,2,24067.53,1,3,5,4,135,Can't Lose Them
550082,2020-05-07,290,3,13993.0,5,4,5,4,545,Loyal Customers
550274,2019-05-29,634,2,2207.7799999999997,2,3,3,3,233,At Risk
550432,2019-10-05,505,2,1538.99,3,3,2,2,332,Need Attention
550501,2020-02-08,379,1,2692.66,4,1,3,2,413,Potential Loyalists
550677,2017-12-26,1153,1,1135.99,1,1,2,2,112,Lost
550786,2019-05-07,656,1,852.27,2,1,2,2,212,About To Sleep
551006,2020-02-09,378,3,6682.64,4,4,4,4,444,Loyal Customers
551036,2020-12-25,58,4,40556.54,5,5,5,5,555,Champions
551331,2020-01-15,403,2,3711.75,4,3,3,3,433,Loyal Customers
551501,2019-10-18,492,2,19581.47,3,3,5,4,335,Loyal Customers
551508,2019-05-24,639,1,2077.0,2,1,2,2,212,About To Sleep
551706,2019-03-15,709,1,755.47,2,1,1,1,211,About To Sleep
552019,2018-05-12,1016,3,1286.69,1,4,2,3,142,At Risk
552079,2019-09-02,538,2,10431.25,3,3,5,4,335,Loyal Customers
552222,2018-08-11,925,1,627.9300000000001,1,1,1,1,111,Lost
552431,2019-12-21,428,3,5458.97,4,4,4,4,444,Loyal Customers
553084,2020-07-01,235,1,738.0,5,1,1,1,511,New Customers
553207,2019-08-02,569,4,8926.05,3,5,5,5,355,Loyal Customers
553241,2018-06-28,969,1,129.0,1,1,1,1,111,Lost
553365,2018-05-19,1009,1,6185.93,1,1,4,2,114,Lost
553840,2020-07-13,223,3,6436.59,5,4,4,4,544,Loyal Customers
554027,2019-07-05,597,3,10093.9,3,4,5,4,345,Loyal Customers
554151,2017-11-10,1199,1,1418.0,1,1,2,2,112,Lost
554210,2019-05-30,633,2,10477.87,2,3,5,4,235,At Risk
554606,2018-08-21,915,1,2266.91,1,1,3,2,113,Lost
554726,2019-05-23,640,2,3201.94,2,3,3,3,233,At Risk
554882,2019-11-06,473,3,2713.5,3,4,3,4,343,Loyal Customers
555530,2021-01-05,47,3,3686.13,5,4,3,4,543,Loyal Customers
555903,2019-12-14,435,3,16049.39,3,4,5,4,345,Loyal Customers
556064,2020-09-07,167,5,8353.79,5,5,5,5,555,Champions
556099,2018-09-28,877,1,1910.85,2,1,2,2,212,About To Sleep
556177,2020-06-04,262,3,3898.63,5,4,3,4,543,Loyal Customers
556220,2018-05-16,1012,3,9245.79,1,4,5,4,145,Can't Lose Them
556289,2020-01-02,416,1,553.0,4,1,1,1,411,New Customers
556312,2019-06-18,614,2,5972.32,2,3,4,4,234,At Risk
556465,2019-01-08,775,2,2713.6,2,3,3,3,233,At Risk
556482,2019-08-14,557,2,1809.93,3,3,2,2,332,Need Attention
556621,2020-05-26,271,1,2850.44,5,1,3,2,513,Potential Loyalists
556707,2018-09-15,890,2,6770.6900000000005,1,3,4,4,134,Can't Lose Them
556780,2017-09-23,1247,1,1790.53,1,1,2,2,112,Lost
556871,2020-02-01,386,3,2402.84,4,4,3,4,443,Loyal Customers
557051,2021-02-09,12,2,13838.970000000001,5,3,5,4,535,Loyal Customers
557814,2019-05-04,659,2,3928.7,2,3,3,3,233,At Risk
557922,2018-10-31,844,1,1279.0,2,1,2,2,212,About To Sleep
558163,2019-11-27,452,5,9223.46,3,5,5,5,355,Loyal Customers
558259,2016-09-21,1614,1,275.75,1,1,1,1,111,Lost
558387,2017-08-17,1284,1,730.78,1,1,1,1,111,Lost
558445,2019-12-25,424,3,2763.78,4,4,3,4,443,Loyal Customers
558614,2018-02-16,1101,2,1420.18,1,3,2,2,132,Lost
558886,2019-11-20,459,1,899.6999999999999,3,1,2,2,312,Need Attention
559221,2019-06-29,603,2,2083.39,3,3,2,2,332,Need Attention
559303,2019-02-14,738,1,474.95,2,1,1,1,211,About To Sleep
559320,2020-06-08,258,2,1107.93,5,3,2,2,532,Potential Loyalists
559585,2019-02-13,739,2,2244.95,2,3,3,3,233,At Risk
559822,2020-08-11,194,3,5517.74,5,4,4,4,544,Loyal Customers
559829,2019-10-08,502,3,2149.94,3,4,2,3,342,Need Attention
560505,2021-02-15,6,2,8591.16,5,3,5,4,535,Loyal Customers
560662,2020-10-21,123,3,5441.33,5,4,4,4,544,Loyal Customers
560714,2020-03-03,355,1,449.3,4,1,1,1,411,New Customers
560943,2018-12-06,808,1,1627.21,2,1,2,2,212,About To Sleep
561001,2019-05-01,662,1,5048.98,2,1,4,2,214,About To Sleep
561223,2019-08-07,564,1,3666.0,3,1,3,2,313,Need Attention
561584,2020-02-15,372,3,5910.79,4,4,4,4,444,Loyal Customers
561796,2018-12-28,786,1,10834.7,2,1,5,3,215,At Risk
562005,2017-01-01,1512,1,75.97,1,1,1,1,111,Lost
562011,2020-07-15,221,2,3249.4399999999996,5,3,3,3,533,Potential Loyalists
562019,2020-05-09,288,4,2908.33,5,5,3,4,553,Loyal Customers
562080,2017-02-24,1458,1,599.96,1,1,1,1,111,Lost
562147,2020-12-19,64,4,10400.16,5,5,5,5,555,Champions
562181,2018-12-21,793,2,1983.69,2,3,2,2,232,About To Sleep
562418,2021-02-13,8,1,817.95,5,1,1,1,511,New Customers
563205,2019-05-14,649,2,1068.0,2,3,2,2,232,About To Sleep
563344,2020-01-04,414,2,6483.33,4,3,4,4,434,Loyal Customers
563427,2019-03-02,722,3,12831.65,2,4,5,4,245,At Risk
564024,2019-06-17,615,3,3894.2799999999997,2,4,3,4,243,At Risk
564321,2019-07-30,572,2,6661.91,3,3,4,4,334,Loyal Customers
564341,2019-03-12,712,1,17977.56,2,1,5,3,215,At Risk
564676,2019-12-29,420,4,9183.83,4,5,5,5,455,Champions
564709,2019-12-19,430,4,2619.98,4,5,3,4,453,Loyal Customers
564970,2019-12-19,430,2,1336.06,4,3,2,2,432,Potential Loyalists
565369,2020-11-19,94,5,20956.24,5,5,5,5,555,Champions
565489,2019-07-26,576,3,8270.64,3,4,5,4,345,Loyal Customers
565589,2017-12-06,1173,1,4337.68,1,1,4,2,114,Lost
565683,2020-01-08,410,2,1352.8400000000001,4,3,2,2,432,Potential Loyalists
565690,2020-01-22,396,2,1609.58,4,3,2,2,432,Potential Loyalists
565707,2020-07-13,223,3,1895.21,5,4,2,3,542,Potential Loyalists
565776,2020-01-24,394,5,10019.4,4,5,5,5,455,Champions
565827,2019-07-18,584,2,3800.24,3,3,3,3,333,Need Attention
566172,2018-02-19,1098,2,1261.2,1,3,2,2,132,Lost
566319,2019-09-28,512,2,2153.4,3,3,2,2,332,Need Attention
566465,2020-02-13,374,2,5839.18,4,3,4,4,434,Loyal Customers
566538,2020-01-03,415,1,3685.6,4,1,3,2,413,Potential Loyalists
566552,2019-02-20,732,1,293.0,2,1,1,1,211,About To Sleep
566856,2019-11-27,452,1,687.95,3,1,1,1,311,Promising
567032,2020-05-21,276,4,9944.39,5,5,5,5,555,Champions
567059,2020-12-19,64,3,3995.33,5,4,3,4,543,Loyal Customers
567076,2021-02-09,12,3,4822.9,5,4,4,4,544,Loyal Customers
567108,2017-11-04,1205,2,1068.41,1,3,2,2,132,Lost
567521,2019-08-21,550,3,7410.71,3,4,4,4,344,Loyal Customers
567932,2020-09-18,156,5,18069.61,5,5,5,5,555,Champions
567953,2019-12-15,434,1,1563.95,3,1,2,2,312,Need Attention
568043,2019-07-30,572,1,26.1,3,1,1,1,311,Promising
568160,2019-01-28,755,2,3201.92,2,3,3,3,233,At Risk
568333,2018-12-08,806,2,257.92,2,3,1,2,231,About To Sleep
568959,2019-10-07,503,1,708.96,3,1,1,1,311,Promising
569079,2020-01-02,416,2,5753.0,4,3,4,4,434,Loyal Customers
569256,2020-01-08,410,1,1164.0,4,1,2,2,412,Potential Loyalists
569283,2019-01-05,778,1,3474.06,2,1,3,2,213,About To Sleep
569695,2016-12-01,1543,1,1358.0,1,1,2,2,112,Lost
569853,2018-10-30,845,2,26255.85,2,3,5,4,235,At Risk
569989,2019-06-03,629,1,903.0,2,1,2,2,212,About To Sleep
570046,2019-10-02,508,2,3709.8700000000003,3,3,3,3,333,Need Attention
570146,2017-09-20,1250,1,1020.0,1,1,2,2,112,Lost
570476,2018-12-21,793,3,10606.91,2,4,5,4,245,At Risk
570530,2019-02-12,740,2,2653.0,2,3,3,3,233,At Risk
570710,2017-01-04,1509,1,1199.97,1,1,2,2,112,Lost
570797,2018-08-29,907,1,9093.0,1,1,5,3,115,At Risk
570994,2016-07-22,1675,1,1074.0,1,1,2,2,112,Lost
571117,2019-11-18,461,1,8984.0,3,1,5,3,315,Need Attention
571187,2019-10-08,502,3,5992.86,3,4,4,4,344,Loyal Customers
571339,2019-12-23,426,4,8201.41,4,5,5,5,455,Champions
571454,2019-09-30,510,2,1822.98,3,3,2,2,332,Need Attention
571622,2020-02-14,373,5,7062.5199999999995,4,5,4,4,454,Loyal Customers
571853,2020-06-24,242,2,1102.93,5,3,2,2,532,Potential Loyalists
572163,2017-07-22,1310,1,6437.55,1,1,4,2,114,Lost
572339,2018-09-03,902,1,1500.0,1,1,2,2,112,Lost
572803,2017-05-15,1378,1,1993.98,1,1,2,2,112,Lost
572998,2019-08-24,547,1,2794.94,3,1,3,2,313,Need Attention
573465,2018-10-03,872,2,328.47,2,3,1,2,231,About To Sleep
573969,2017-06-29,1333,1,718.8,1,1,1,1,111,Lost
574056,2019-12-05,444,1,43.56,3,1,1,1,311,Promising
574104,2018-10-12,863,1,1001.94,2,1,2,2,212,About To Sleep
574109,2019-05-10,653,1,1665.79,2,1,2,2,212,About To Sleep
574327,2020-01-13,405,10,16379.02,4,5,5,5,455,Champions
574408,2016-12-06,1538,1,1757.0,1,1,2,2,112,Lost
574445,2019-12-18,431,2,4112.71,4,3,4,4,434,Loyal Customers
574566,2020-07-07,229,4,3268.8999999999996,5,5,3,4,553,Loyal Customers
574579,2017-03-03,1451,1,230.9,1,1,1,1,111,Lost
574956,2016-02-18,1830,1,99.56,1,1,1,1,111,Lost
574975,2018-11-27,817,2,1390.55,2,3,2,2,232,About To Sleep
575184,2020-03-10,348,2,966.73,4,3,2,2,432,Potential Loyalists
575230,2020-10-24,120,1,2377.4,5,1,3,2,513,Potential Loyalists
575362,2017-12-04,1175,2,5730.68,1,3,4,4,134,Can't Lose Them
575507,2020-12-19,64,4,2160.37,5,5,2,4,552,Loyal Customers
576875,2020-12-17,66,5,11113.91,5,5,5,5,555,Champions
576913,2019-01-07,776,1,13.4,2,1,1,1,211,About To Sleep
577141,2019-08-06,565,3,668.57,3,4,1,2,341,Need Attention
577143,2019-11-20,459,4,12945.83,3,5,5,5,355,Loyal Customers
577183,2018-10-17,858,1,513.09,2,1,1,1,211,About To Sleep
577201,2021-02-18,3,3,1553.63,5,4,2,3,542,Potential Loyalists
577280,2019-12-28,421,2,2396.9700000000003,4,3,3,3,433,Loyal Customers
577367,2019-06-03,629,2,3770.0,2,3,3,3,233,At Risk
578075,2016-07-13,1684,1,1313.6100000000001,1,1,2,2,112,Lost
578407,2021-02-06,15,4,14473.68,5,5,5,5,555,Champions
578608,2019-08-01,570,1,1258.96,3,1,2,2,312,Need Attention
578764,2020-10-09,135,4,11651.2,5,5,5,5,555,Champions
578888,2018-06-05,992,3,1536.99,1,4,2,3,142,At Risk
579037,2018-12-26,788,3,6492.67,2,4,4,4,244,At Risk
579165,2019-12-18,431,4,10578.63,4,5,5,5,455,Champions
579195,2019-11-30,449,4,3719.12,3,5,3,4,353,Loyal Customers
579293,2019-06-28,604,2,71.64,3,3,1,2,331,Need Attention
579330,2020-12-29,54,4,3785.37,5,5,3,4,553,Loyal Customers
579463,2019-10-17,493,1,484.0,3,1,1,1,311,Promising
579567,2020-11-26,87,4,5134.83,5,5,4,4,554,Loyal Customers
579674,2018-02-20,1097,1,452.85,1,1,1,1,111,Lost
579757,2020-12-30,53,2,7568.360000000001,5,3,5,4,535,Loyal Customers
579875,2020-05-05,292,2,1963.5100000000002,5,3,2,2,532,Potential Loyalists
579994,2020-10-22,122,5,14321.98,5,5,5,5,555,Champions
580026,2018-10-24,851,2,3970.98,2,3,3,3,233,At Risk
580116,2020-05-01,296,2,2543.95,5,3,3,3,533,Potential Loyalists
580291,2020-02-05,382,3,4261.85,4,4,4,4,444,Loyal Customers
580536,2020-01-16,402,1,1260.92,4,1,2,2,412,Potential Loyalists
580600,2020-02-19,368,1,112.0,4,1,1,1,411,New Customers
580710,2019-12-31,418,4,2821.0,4,5,3,4,453,Loyal Customers
580881,2019-11-12,467,3,882.19,3,4,2,3,342,Need Attention
581047,2020-06-06,260,3,7534.62,5,4,5,4,545,Loyal Customers
581252,2019-12-26,423,1,1392.91,4,1,2,2,412,Potential Loyalists
581404,2019-03-15,709,3,5357.95,2,4,4,4,244,At Risk
581757,2020-03-02,356,2,11419.130000000001,4,3,5,4,435,Loyal Customers
581789,2018-12-22,792,3,7591.45,2,4,5,4,245,At Risk
581812,2016-02-13,1835,1,1971.8600000000001,1,1,2,2,112,Lost
581940,2017-07-12,1320,1,6482.0,1,1,4,2,114,Lost
582375,2019-06-10,622,2,8650.699999999999,2,3,5,4,235,At Risk
582423,2019-12-06,443,2,2766.42,3,3,3,3,333,Need Attention
582819,2016-02-09,1839,1,424.97,1,1,1,1,111,Lost
582917,2019-12-13,436,2,2723.38,3,3,3,3,333,Need Attention
582975,2019-10-15,495,2,2314.2,3,3,3,3,333,Need Attention
583424,2019-05-23,640,1,654.0,2,1,1,1,211,About To Sleep
583886,2018-05-31,997,1,13678.919999999998,1,1,5,3,115,At Risk
584064,2018-01-13,1135,1,632.0,1,1,1,1,111,Lost
584095,2019-10-08,502,3,4883.38,3,4,4,4,344,Loyal Customers
584186,2018-12-06,808,1,3993.99,2,1,3,2,213,About To Sleep
584350,2018-10-31,844,1,3107.9,2,1,3,2,213,About To Sleep
584429,2019-12-26,423,1,436.0,4,1,1,1,411,New Customers
584463,2018-08-04,932,2,8076.0,1,3,5,4,135,Can't Lose Them
584719,2020-02-27,360,2,2278.55,4,3,3,3,433,Loyal Customers
584796,2018-09-03,902,1,17.98,1,1,1,1,111,Lost
584827,2018-11-26,818,2,24359.26,2,3,5,4,235,At Risk
584863,2018-09-19,886,2,2049.0,1,3,2,2,132,Lost
584893,2019-05-12,651,1,129.0,2,1,1,1,211,About To Sleep
584901,2019-09-11,529,2,2804.8,3,3,3,3,333,Need Attention
585202,2019-01-22,761,1,460.0,2,1,1,1,211,About To Sleep
585492,2019-11-16,463,2,5557.89,3,3,4,4,334,Loyal Customers
585500,2019-11-09,470,2,3160.91,3,3,3,3,333,Need Attention
585505,2020-03-03,355,1,89.94999999999999,4,1,1,1,411,New Customers
585598,2018-10-20,855,3,5441.88,2,4,4,4,244,At Risk
585610,2018-07-07,960,3,3507.66,1,4,3,4,143,Can't Lose Them
585968,2019-06-26,606,2,3740.56,3,3,3,3,333,Need Attention
586005,2019-07-25,577,1,1725.24,3,1,2,2,312,Need Attention
586087,2020-08-20,185,2,5139.33,5,3,4,4,534,Loyal Customers
586218,2020-10-08,136,4,9774.25,5,5,5,5,555,Champions
586442,2017-02-16,1466,1,4270.97,1,1,4,2,114,Lost
586687,2019-06-06,626,5,11941.310000000001,2,5,5,5,255,Can't Lose Them
587457,2018-12-18,796,1,2777.1,2,1,3,2,213,About To Sleep
587501,2019-05-11,652,1,38.97,2,1,1,1,211,About To Sleep
587649,2020-07-16,220,3,33229.48,5,4,5,4,545,Loyal Customers
587703,2017-02-25,1457,1,5838.34,1,1,4,2,114,Lost
587974,2020-04-24,303,1,3.35,5,1,1,1,511,New Customers
588045,2020-07-10,226,3,3161.84,5,4,3,4,543,Loyal Customers
588090,2018-07-24,943,1,4248.9,1,1,4,2,114,Lost
588122,2019-12-26,423,1,3725.83,4,1,3,2,413,Potential Loyalists
588221,2020-05-07,290,5,11033.38,5,5,5,5,555,Champions
588584,2019-02-16,736,1,1800.0,2,1,2,2,212,About To Sleep
588654,2020-06-18,248,3,4002.13,5,4,3,4,543,Loyal Customers
588748,2016-12-05,1539,1,3503.91,1,1,3,2,113,Lost
589882,2020-08-04,201,1,919.6,5,1,2,2,512,Potential Loyalists
589984,2019-11-02,477,2,8412.0,3,3,5,4,335,Loyal Customers
590232,2018-08-09,927,1,6427.8,1,1,4,2,114,Lost
590386,2020-12-28,55,1,1032.43,5,1,2,2,512,Potential Loyalists
590749,2020-07-22,214,1,1313.39,5,1,2,2,512,Potential Loyalists
590793,2019-09-12,528,1,2765.9,3,1,3,2,313,Need Attention
590930,2021-01-06,46,3,4064.87,5,4,3,4,543,Loyal Customers
590943,2019-02-25,727,1,2657.6899999999996,2,1,3,2,213,About To Sleep
590960,2020-02-03,384,6,8050.82,4,5,5,5,455,Champions
591028,2016-02-20,1828,1,11749.6,1,1,5,3,115,At Risk
591240,2020-10-27,117,4,14634.26,5,5,5,5,555,Champions
591374,2018-02-26,1091,3,4625.24,1,4,4,4,144,Can't Lose Them
591678,2019-12-17,432,3,4630.87,4,4,4,4,444,Loyal Customers
592147,2020-01-18,400,4,21480.4,4,5,5,5,455,Champions
593068,2019-03-14,710,1,373.98,2,1,1,1,211,About To Sleep
593404,2019-11-27,452,2,7084.0,3,3,4,4,334,Loyal Customers
593774,2019-09-18,522,1,293.97,3,1,1,1,311,Promising
593904,2020-02-21,366,3,5301.17,4,4,4,4,444,Loyal Customers
594060,2020-11-25,88,1,497.39,5,1,1,1,511,New Customers
594127,2019-12-22,427,2,7891.97,4,3,5,4,435,Loyal Customers
594401,2019-11-20,459,1,1255.75,3,1,2,2,312,Need Attention
594507,2019-10-31,479,2,1638.97,3,3,2,2,332,Need Attention
594570,2019-02-16,736,1,8078.95,2,1,5,3,215,At Risk
594645,2020-05-07,290,2,4792.89,5,3,4,4,534,Loyal Customers
594796,2019-07-19,583,2,798.76,3,3,1,2,331,Need Attention
594800,2019-02-25,727,3,3120.66,2,4,3,4,243,At Risk
595017,2019-06-26,606,1,536.0,3,1,1,1,311,Promising
595267,2018-10-18,857,2,1138.95,2,3,2,2,232,About To Sleep
595271,2019-09-30,510,3,3026.64,3,4,3,4,343,Loyal Customers
595540,2019-07-20,582,3,11192.23,3,4,5,4,345,Loyal Customers
595856,2018-12-21,793,1,707.58,2,1,1,1,211,About To Sleep
595971,2019-01-14,769,1,615.99,2,1,1,1,211,About To Sleep
596106,2019-11-27,452,2,7286.93,3,3,4,4,334,Loyal Customers
596325,2018-08-23,913,1,1443.12,1,1,2,2,112,Lost
596422,2020-01-01,417,2,1287.55,4,3,2,2,432,Potential Loyalists
596705,2019-12-06,443,3,4078.68,3,4,4,4,344,Loyal Customers
596820,2017-12-25,1154,1,1078.0,1,1,2,2,112,Lost
597051,2018-12-06,808,1,5028.96,2,1,4,2,214,About To Sleep
597262,2020-06-13,253,3,11260.43,5,4,5,4,545,Loyal Customers
598323,2019-12-30,419,5,20180.53,4,5,5,5,455,Champions
598454,2021-01-02,50,3,1100.8200000000002,5,4,2,3,542,Potential Loyalists
598482,2020-02-15,372,2,4278.2699999999995,4,3,4,4,434,Loyal Customers
598788,2019-11-26,453,1,1666.58,3,1,2,2,312,Need Attention
599044,2019-06-15,617,4,15112.91,2,5,5,5,255,Can't Lose Them
599105,2018-09-13,892,3,4329.31,1,4,4,4,144,Can't Lose Them
599141,2019-02-18,734,3,12134.05,2,4,5,4,245,At Risk
599203,2019-11-13,466,1,435.8,3,1,1,1,311,Promising
599339,2016-12-23,1521,1,1109.95,1,1,2,2,112,Lost
599433,2019-06-10,622,2,4954.76,2,3,4,4,234,At Risk
599656,2020-05-22,275,4,4089.32,5,5,4,4,554,Loyal Customers
599823,2019-01-24,759,2,4358.9400000000005,2,3,4,4,234,At Risk
600354,2017-10-19,1221,1,3000.0,1,1,3,2,113,Lost
600524,2019-11-21,458,2,3939.6,3,3,3,3,333,Need Attention
600597,2020-06-20,246,1,1019.9200000000001,5,1,2,2,512,Potential Loyalists
600979,2020-11-17,96,1,454.89,5,1,1,1,511,New Customers
601099,2016-08-25,1641,2,6819.62,1,3,4,4,134,Can't Lose Them
601173,2017-01-05,1508,1,340.0,1,1,1,1,111,Lost
601654,2019-09-23,517,1,7517.85,3,1,5,3,315,Need Attention
601806,2020-11-07,106,2,2445.59,5,3,3,3,533,Potential Loyalists
601837,2019-06-07,625,2,4641.89,2,3,4,4,234,At Risk
601921,2019-10-14,496,1,483.0,3,1,1,1,311,Promising
602239,2019-11-13,466,1,1777.0,3,1,2,2,312,Need Attention
602244,2020-05-23,274,2,2795.91,5,3,3,3,533,Potential Loyalists
602720,2019-07-05,597,2,6479.83,3,3,4,4,334,Loyal Customers
603634,2020-10-10,134,2,2339.91,5,3,3,3,533,Potential Loyalists
604415,2019-01-19,764,2,1175.88,2,3,2,2,232,About To Sleep
604553,2020-01-01,417,2,1505.24,4,3,2,2,432,Potential Loyalists
604733,2018-01-19,1129,1,17.98,1,1,1,1,111,Lost
605306,2019-10-14,496,2,3613.9700000000003,3,3,3,3,333,Need Attention
605471,2018-05-22,1006,1,2053.0,1,1,2,2,112,Lost
605532,2019-02-16,736,1,175.99,2,1,1,1,211,About To Sleep
605605,2019-06-19,613,1,2464.96,2,1,3,2,213,About To Sleep
605797,2019-05-30,633,2,1897.83,2,3,2,2,232,About To Sleep
606402,2020-07-30,206,1,859.56,5,1,2,2,512,Potential Loyalists
606749,2020-05-23,274,1,2779.0,5,1,3,2,513,Potential Loyalists
606808,2016-02-04,1844,1,1741.97,1,1,2,2,112,Lost
607356,2019-11-16,463,5,3980.96,3,5,3,4,353,Loyal Customers
607598,2020-10-08,136,5,5377.92,5,5,4,4,554,Loyal Customers
607615,2019-07-18,584,1,121.96000000000001,3,1,1,1,311,Promising
607841,2020-01-22,396,2,501.45,4,3,1,2,431,Potential Loyalists
607852,2019-06-28,604,3,7696.8,3,4,5,4,345,Loyal Customers
607949,2019-11-05,474,1,32.0,3,1,1,1,311,Promising
608441,2017-12-23,1156,1,1925.3500000000001,1,1,2,2,112,Lost
608461,2019-03-11,713,3,6419.92,2,4,4,4,244,At Risk
608788,2020-02-26,361,2,350.98,4,3,1,2,431,Potential Loyalists
608829,2020-05-04,293,1,25.69,5,1,1,1,511,New Customers
608957,2017-02-15,1467,2,4557.82,1,3,4,4,134,Can't Lose Them
609198,2018-12-15,799,1,18003.53,2,1,5,3,215,At Risk
609259,2018-10-11,864,1,755.4699999999999,2,1,1,1,211,About To Sleep
609499,2018-12-21,793,1,3737.0,2,1,3,2,213,About To Sleep
609680,2018-05-29,999,1,1566.78,1,1,2,2,112,Lost
609715,2020-09-02,172,3,3855.8,5,4,3,4,543,Loyal Customers
610088,2019-02-13,739,1,3657.25,2,1,3,2,213,About To Sleep
610146,2021-01-20,32,1,20.64,5,1,1,1,511,New Customers
610264,2020-06-03,263,3,10369.92,5,4,5,4,545,Loyal Customers
610431,2019-06-01,631,2,2212.9700000000003,2,3,3,3,233,At Risk
610468,2020-01-11,407,2,424.99,4,3,1,2,431,Potential Loyalists
610596,2019-11-16,463,2,2179.84,3,3,3,3,333,Need Attention
610602,2019-12-05,444,1,9518.95,3,1,5,3,315,Need Attention
610697,2017-01-26,1487,1,47.95,1,1,1,1,111,Lost
610968,2019-12-11,438,1,1710.17,3,1,2,2,312,Need Attention
611198,2020-11-10,103,1,2107.96,5,1,2,2,512,Potential Loyalists
611213,2019-11-05,474,1,759.99,3,1,1,1,311,Promising
611310,2018-10-27,848,1,1866.99,2,1,2,2,212,About To Sleep
611367,2018-02-19,1098,1,3071.0,1,1,3,2,113,Lost
611635,2019-12-22,427,2,4737.52,4,3,4,4,434,Loyal Customers
612329,2020-01-22,396,1,8590.88,4,1,5,3,415,Loyal Customers
613382,2019-01-30,753,1,2603.88,2,1,3,2,213,About To Sleep
613510,2019-05-03,660,1,229.0,2,1,1,1,211,About To Sleep
613639,2019-08-21,550,2,5687.889999999999,3,3,4,4,334,Loyal Customers
613693,2016-02-13,1835,1,820.0,1,1,1,1,111,Lost
614234,2021-02-17,4,3,16101.8,5,4,5,4,545,Loyal Customers
614937,2020-06-11,255,2,3594.45,5,3,3,3,533,Potential Loyalists
615131,2018-09-14,891,1,5120.36,1,1,4,2,114,Lost
615362,2018-10-18,857,2,2444.93,2,3,3,3,233,At Risk
615603,2016-07-09,1688,1,219.0,1,1,1,1,111,Lost
615726,2019-11-22,457,1,3876.0,3,1,3,2,313,Need Attention
615834,2019-09-28,512,1,94.88,3,1,1,1,311,Promising
616214,2020-01-07,411,1,2652.0,4,1,3,2,413,Potential Loyalists
616327,2020-05-19,278,4,8147.34,5,5,5,5,555,Champions
616346,2019-11-09,470,4,12894.529999999999,3,5,5,5,355,Loyal Customers
616537,2020-02-24,363,1,802.0,4,1,1,1,411,New Customers
616656,2020-07-03,233,2,220.92000000000002,5,3,1,2,531,Potential Loyalists
616775,2020-02-12,375,1,436.2,4,1,1,1,411,New Customers
616828,2020-01-15,403,1,6364.88,4,1,4,2,414,Potential Loyalists
616956,2019-05-15,648,1,349.95,2,1,1,1,211,About To Sleep
617656,2019-10-10,500,1,4854.51,3,1,4,2,314,Need Attention
618287,2020-12-29,54,3,3521.45,5,4,3,4,543,Loyal Customers
618556,2017-08-21,1280,1,1769.3,1,1,2,2,112,Lost
618809,2019-03-08,716,1,3486.0,2,1,3,2,213,About To Sleep
619018,2020-03-10,348,4,9787.84,4,5,5,5,455,Champions
619130,2019-08-08,563,2,1203.4,3,3,2,2,332,Need Attention
619242,2019-05-21,642,1,368.4,2,1,1,1,211,About To Sleep
619428,2020-02-04,383,3,3428.42,4,4,3,4,443,Loyal Customers
619459,2019-08-19,552,1,1008.68,3,1,2,2,312,Need Attention
619712,2018-09-27,878,1,1156.89,1,1,2,2,112,Lost
619863,2018-02-05,1112,1,149.99,1,1,1,1,111,Lost
620075,2019-11-09,470,1,1845.93,3,1,2,2,312,Need Attention
620099,2018-02-16,1101,1,1314.0,1,1,2,2,112,Lost
620489,2019-08-03,568,1,1019.96,3,1,2,2,312,Need Attention
620797,2017-11-23,1186,1,6352.0,1,1,4,2,114,Lost
620894,2016-09-16,1619,1,2168.94,1,1,3,2,113,Lost
621610,2021-01-01,51,4,10581.58,5,5,5,5,555,Champions
622003,2018-05-11,1017,2,1284.47,1,3,2,2,132,Lost
622011,2016-02-09,1839,1,632.02,1,1,1,1,111,Lost
622253,2020-02-16,371,2,9113.83,4,3,5,4,435,Loyal Customers
622267,2017-02-18,1464,1,872.4,1,1,2,2,112,Lost
622276,2020-01-08,410,2,7653.92,4,3,5,4,435,Loyal Customers
622483,2020-02-11,376,2,5470.48,4,3,4,4,434,Loyal Customers
622606,2020-02-22,365,2,1122.37,4,3,2,2,432,Potential Loyalists
622740,2021-02-19,2,4,7216.53,5,5,4,4,554,Loyal Customers
622786,2019-05-10,653,1,219.0,2,1,1,1,211,About To Sleep
623004,2019-12-14,435,2,6044.26,3,3,4,4,334,Loyal Customers
623021,2020-06-10,256,1,1775.93,5,1,2,2,512,Potential Loyalists
623181,2019-08-09,562,2,2800.26,3,3,3,3,333,Need Attention
623186,2018-10-07,868,1,109.0,2,1,1,1,211,About To Sleep
623241,2018-03-08,1081,1,205.95,1,1,1,1,111,Lost
623256,2016-11-16,1558,1,2477.72,1,1,3,2,113,Lost
623323,2017-08-16,1285,1,472.0,1,1,1,1,111,Lost
623659,2019-07-27,575,3,1684.79,3,4,2,3,342,Need Attention
623892,2019-10-02,508,2,1709.37,3,3,2,2,332,Need Attention
624165,2019-02-21,731,5,5728.19,2,5,4,4,254,At Risk
624293,2019-11-16,463,3,10727.4,3,4,5,4,345,Loyal Customers
624392,2020-01-06,412,1,667.0,4,1,1,1,411,New Customers
624622,2019-10-02,508,2,2240.95,3,3,3,3,333,Need Attention
624742,2020-02-12,375,4,3592.0800000000004,4,5,3,4,453,Loyal Customers
624813,2017-12-29,1150,1,528.47,1,1,1,1,111,Lost
625005,2019-08-27,544,2,1378.82,3,3,2,2,332,Need Attention
625297,2016-02-23,1825,1,983.96,1,1,2,2,112,Lost
625370,2018-09-16,889,1,543.0,1,1,1,1,111,Lost
625495,2019-01-25,758,1,3283.0,2,1,3,2,213,About To Sleep
625689,2020-01-06,412,1,2581.99,4,1,3,2,413,Potential Loyalists
626560,2017-03-04,1450,2,8075.73,1,3,5,4,135,Can't Lose Them
626896,2018-12-04,810,1,2495.26,2,1,3,2,213,About To Sleep
626983,2020-01-27,391,3,1310.93,4,4,2,3,442,Loyal Customers
627006,2019-12-27,422,1,1840.0,4,1,2,2,412,Potential Loyalists
627190,2016-06-02,1725,1,471.80000000000007,1,1,1,1,111,Lost
627709,2016-05-24,1734,1,339.0,1,1,1,1,111,Lost
627789,2016-01-15,1864,1,507.0,1,1,1,1,111,Lost
627901,2018-06-20,977,2,2509.3,1,3,3,3,133,At Risk
627996,2020-01-13,405,1,1161.0,4,1,2,2,412,Potential Loyalists
628139,2019-11-20,459,1,20457.88,3,1,5,3,315,Need Attention
628245,2017-12-27,1152,1,1140.0,1,1,2,2,112,Lost
628320,2016-05-03,1755,1,2526.23,1,1,3,2,113,Lost
629074,2020-03-07,351,1,1608.76,4,1,2,2,412,Potential Loyalists
629413,2019-11-15,464,1,3452.75,3,1,3,2,313,Need Attention
629572,2019-06-14,618,1,1211.98,2,1,2,2,212,About To Sleep
629819,2020-05-27,270,1,3366.0,5,1,3,2,513,Potential Loyalists
630481,2019-01-28,755,1,7414.46,2,1,4,2,214,About To Sleep
631471,2017-09-17,1253,1,1671.43,1,1,2,2,112,Lost
631500,2017-12-18,1161,1,652.98,1,1,1,1,111,Lost
631557,2020-12-11,72,1,160.23000000000002,5,1,1,1,511,New Customers
631580,2020-06-23,243,3,14491.39,5,4,5,4,545,Loyal Customers
631631,2017-12-13,1166,1,4821.0,1,1,4,2,114,Lost
632425,2020-06-04,262,3,2794.31,5,4,3,4,543,Loyal Customers
632482,2018-01-27,1121,1,1222.24,1,1,2,2,112,Lost
632575,2016-06-29,1698,1,2940.91,1,1,3,2,113,Lost
632752,2019-08-31,540,3,5842.68,3,4,4,4,344,Loyal Customers
633008,2019-03-15,709,1,2926.66,2,1,3,2,213,About To Sleep
633033,2020-11-12,101,1,555.74,5,1,1,1,511,New Customers
633039,2020-11-30,83,1,877.5,5,1,2,2,512,Potential Loyalists
633269,2018-12-04,810,1,1533.87,2,1,2,2,212,About To Sleep
633328,2019-05-28,635,2,7392.02,2,3,4,4,234,At Risk
633348,2019-12-19,430,2,2005.95,4,3,2,2,432,Potential Loyalists
633448,2019-02-12,740,2,3410.14,2,3,3,3,233,At Risk
633593,2017-12-28,1151,2,8924.630000000001,1,3,5,4,135,Can't Lose Them
633649,2018-10-17,858,1,1507.4,2,1,2,2,212,About To Sleep
633846,2019-09-05,535,2,2597.85,3,3,3,3,333,Need Attention
633904,2019-12-07,442,2,1860.9,3,3,2,2,332,Need Attention
634317,2017-12-23,1156,3,13109.63,1,4,5,4,145,Can't Lose Them
634686,2020-06-16,250,2,2717.94,5,3,3,3,533,Potential Loyalists
634713,2018-10-12,863,1,3196.4,2,1,3,2,213,About To Sleep
634965,2020-10-14,130,1,19.96,5,1,1,1,511,New Customers
635391,2018-06-20,977,1,1523.99,1,1,2,2,112,Lost
635546,2019-12-28,421,1,350.87,4,1,1,1,411,New Customers
635766,2019-11-19,460,2,1380.83,3,3,2,2,332,Need Attention
636035,2016-05-19,1739,1,29.97,1,1,1,1,111,Lost
636256,2020-11-05,108,1,869.97,5,1,2,2,512,Potential Loyalists
636266,2019-12-16,433,1,11891.43,4,1,5,3,415,Loyal Customers
636431,2018-10-23,852,1,299.98,2,1,1,1,211,About To Sleep
636729,2016-10-13,1592,1,5007.0,1,1,4,2,114,Lost
637629,2019-03-07,717,1,1499.96,2,1,2,2,212,About To Sleep
637682,2019-02-27,725,1,6177.0,2,1,4,2,214,About To Sleep
637759,2020-06-18,248,2,3269.28,5,3,3,3,533,Potential Loyalists
637824,2020-11-27,86,1,879.0,5,1,2,2,512,Potential Loyalists
637976,2019-09-22,518,1,31.310000000000002,3,1,1,1,311,Promising
638156,2020-02-02,385,1,4771.0,4,1,4,2,414,Potential Loyalists
638172,2017-07-06,1326,1,1959.93,1,1,2,2,112,Lost
638283,2018-06-30,967,1,4392.76,1,1,4,2,114,Lost
638569,2020-10-16,128,1,4529.97,5,1,4,2,514,Potential Loyalists
638652,2021-02-16,5,1,4092.6899999999996,5,1,4,2,514,Potential Loyalists
638661,2019-10-12,498,2,11923.619999999999,3,3,5,4,335,Loyal Customers
638759,2019-07-09,593,1,69.45,3,1,1,1,311,Promising
639067,2020-02-20,367,2,8988.66,4,3,5,4,435,Loyal Customers
639072,2020-12-29,54,2,7683.5,5,3,5,4,535,Loyal Customers
639433,2020-01-11,407,3,2972.81,4,4,3,4,443,Loyal Customers
639665,2020-06-18,248,1,600.0,5,1,1,1,511,New Customers
639758,2017-08-31,1270,1,159.99,1,1,1,1,111,Lost
639839,2018-06-01,996,1,310.0,1,1,1,1,111,Lost
639966,2019-12-30,419,2,98.94999999999999,4,3,1,2,431,Potential Loyalists
640942,2020-02-12,375,1,539.97,4,1,1,1,411,New Customers
641275,2019-11-23,456,1,536.0,3,1,1,1,311,Promising
641659,2018-08-10,926,1,340.37,1,1,1,1,111,Lost
641841,2018-12-27,787,1,12.18,2,1,1,1,211,About To Sleep
641997,2018-11-08,836,1,9998.89,2,1,5,3,215,At Risk
642418,2020-03-02,356,2,9049.939999999999,4,3,5,4,435,Loyal Customers
642546,2018-01-20,1128,3,2706.85,1,4,3,4,143,Can't Lose Them
642856,2018-05-10,1018,1,1199.0,1,1,2,2,112,Lost
643159,2017-12-19,1160,1,981.0,1,1,2,2,112,Lost
643186,2016-02-17,1831,1,217.97,1,1,1,1,111,Lost
643248,2018-11-03,841,1,491.76,2,1,1,1,211,About To Sleep
643461,2016-08-31,1635,1,80.38,1,1,1,1,111,Lost
643526,2016-08-24,1642,1,499.9,1,1,1,1,111,Lost
643597,2018-10-06,869,2,552.97,2,3,1,2,231,About To Sleep
643624,2019-02-11,741,1,2778.0,2,1,3,2,213,About To Sleep
643628,2018-05-06,1022,1,595.99,1,1,1,1,111,Lost
643711,2018-09-03,902,1,1173.0,1,1,2,2,112,Lost
644237,2019-12-09,440,1,745.97,3,1,1,1,311,Promising
644560,2017-12-07,1172,1,877.5,1,1,2,2,112,Lost
644729,2020-12-31,52,3,3504.33,5,4,3,4,543,Loyal Customers
644763,2021-01-09,43,3,5454.94,5,4,4,4,544,Loyal Customers
644807,2020-01-02,416,1,439.9,4,1,1,1,411,New Customers
644830,2019-12-28,421,1,3492.0,4,1,3,2,413,Potential Loyalists
645350,2017-08-03,1298,1,4796.95,1,1,4,2,114,Lost
645472,2019-03-08,716,2,2029.97,2,3,2,2,232,About To Sleep
645487,2020-01-11,407,1,810.0600000000001,4,1,1,1,411,New Customers
645495,2020-12-23,60,2,6450.88,5,3,4,4,534,Loyal Customers
646010,2020-05-22,275,3,8213.39,5,4,5,4,545,Loyal Customers
646248,2020-05-18,279,1,877.5,5,1,2,2,512,Potential Loyalists
646341,2020-05-15,282,1,32.0,5,1,1,1,511,New Customers
646871,2020-07-16,220,4,8794.64,5,5,5,5,555,Champions
647019,2018-12-25,789,1,2372.2000000000003,2,1,3,2,213,About To Sleep
647154,2019-02-11,741,2,1774.54,2,3,2,2,232,About To Sleep
647509,2020-01-25,393,1,2614.0,4,1,3,2,413,Potential Loyalists
647622,2021-02-17,4,2,4489.01,5,3,4,4,534,Loyal Customers
647665,2019-01-31,752,1,7214.0,2,1,4,2,214,About To Sleep
647743,2020-02-28,359,2,5045.45,4,3,4,4,434,Loyal Customers
648080,2020-05-13,284,1,2123.35,5,1,2,2,512,Potential Loyalists
648385,2020-03-03,355,2,1633.97,4,3,2,2,432,Potential Loyalists
648749,2018-10-24,851,1,3438.0,2,1,3,2,213,About To Sleep
648856,2019-12-03,446,1,77.68,3,1,1,1,311,Promising
648966,2019-12-23,426,2,3583.0,4,3,3,3,433,Loyal Customers
649018,2019-08-08,563,1,3815.94,3,1,3,2,313,Need Attention
649267,2019-02-11,741,1,5514.0,2,1,4,2,214,About To Sleep
649370,2018-12-14,800,2,2195.7,2,3,3,3,233,At Risk
650219,2018-08-14,922,1,43.14,1,1,1,1,111,Lost
650854,2018-10-09,866,1,101.94,2,1,1,1,211,About To Sleep
650898,2021-01-01,51,2,44.940000000000005,5,3,1,2,531,Potential Loyalists
651347,2019-01-31,752,1,13.98,2,1,1,1,211,About To Sleep
651518,2019-11-27,452,1,13.89,3,1,1,1,311,Promising
651767,2016-01-27,1852,1,2784.0299999999997,1,1,3,2,113,Lost
652486,2016-10-01,1604,1,14068.6,1,1,5,3,115,At Risk
652496,2019-10-30,480,1,1610.39,3,1,2,2,312,Need Attention
652732,2020-02-14,373,1,1499.94,4,1,2,2,412,Potential Loyalists
652959,2020-05-01,296,1,11828.4,5,1,5,3,515,Potential Loyalists
653188,2020-08-22,183,3,5041.389999999999,5,4,4,4,544,Loyal Customers
654027,2018-08-14,922,1,1752.0,1,1,2,2,112,Lost
654092,2018-07-05,962,1,865.98,1,1,2,2,112,Lost
654459,2019-05-04,659,4,7250.61,2,5,4,4,254,At Risk
654485,2019-07-23,579,4,15801.42,3,5,5,5,355,Loyal Customers
654572,2017-12-27,1152,1,2622.5299999999997,1,1,3,2,113,Lost
655010,2020-02-03,384,1,1622.97,4,1,2,2,412,Potential Loyalists
655495,2017-02-17,1465,1,199.0,1,1,1,1,111,Lost
655922,2018-12-22,792,1,17.76,2,1,1,1,211,About To Sleep
655976,2018-12-29,785,2,3243.9,2,3,3,3,233,At Risk
656319,2016-10-31,1574,1,3103.94,1,1,3,2,113,Lost
656353,2019-11-23,456,3,2371.91,3,4,3,4,343,Loyal Customers
656387,2019-06-05,627,2,581.26,2,3,1,2,231,About To Sleep
656633,2019-12-10,439,2,4363.0,3,3,4,4,334,Loyal Customers
656637,2019-11-18,461,1,501.47,3,1,1,1,311,Promising
657271,2017-09-20,1250,1,3145.5,1,1,3,2,113,Lost
657671,2020-06-04,262,1,1791.0,5,1,2,2,512,Potential Loyalists
657787,2020-06-17,249,1,22.89,5,1,1,1,511,New Customers
658305,2019-02-16,736,1,600.0,2,1,1,1,211,About To Sleep
658552,2020-08-18,187,2,20742.940000000002,5,3,5,4,535,Loyal Customers
658701,2020-12-26,57,1,3632.3100000000004,5,1,3,2,513,Potential Loyalists
658759,2019-06-14,618,1,380.0,2,1,1,1,211,About To Sleep
658900,2019-10-22,488,4,11979.4,3,5,5,5,355,Loyal Customers
658999,2019-03-07,717,1,2093.0,2,1,2,2,212,About To Sleep
659008,2020-01-15,403,2,1740.78,4,3,2,2,432,Potential Loyalists
659211,2019-10-24,486,2,10932.92,3,3,5,4,335,Loyal Customers
659827,2020-03-11,347,3,7510.5599999999995,4,4,5,4,445,Loyal Customers
659962,2020-01-01,417,3,3106.29,4,4,3,4,443,Loyal Customers
660232,2020-06-20,246,3,980.27,5,4,2,3,542,Potential Loyalists
660319,2019-10-12,498,2,8122.740000000001,3,3,5,4,335,Loyal Customers
660527,2020-08-08,197,7,21470.27,5,5,5,5,555,Champions
660924,2020-02-22,365,4,16044.4,4,5,5,5,455,Champions
660940,2020-06-19,247,4,10898.98,5,5,5,5,555,Champions
661206,2019-06-13,619,1,1259.39,2,1,2,2,212,About To Sleep
661265,2020-04-29,298,1,595.78,5,1,1,1,511,New Customers
661295,2019-12-25,424,2,1154.97,4,3,2,2,432,Potential Loyalists
661453,2020-01-03,415,1,1797.0,4,1,2,2,412,Potential Loyalists
661620,2019-12-19,430,1,738.0,4,1,1,1,411,New Customers
661636,2019-11-11,468,2,1779.7,3,3,2,2,332,Need Attention
662154,2018-01-01,1147,2,7713.98,1,3,5,4,135,Can't Lose Them
662571,2020-02-15,372,2,15021.89,4,3,5,4,435,Loyal Customers
662638,2020-05-09,288,1,8055.81,5,1,5,3,515,Potential Loyalists
662960,2020-02-22,365,2,3415.87,4,3,3,3,433,Loyal Customers
663278,2020-08-25,180,2,3375.96,5,3,3,3,533,Potential Loyalists
663778,2016-09-03,1632,1,1358.73,1,1,2,2,112,Lost
663849,2016-06-15,1712,1,5380.88,1,1,4,2,114,Lost
664411,2018-12-28,786,1,5481.88,2,1,4,2,214,About To Sleep
664438,2018-02-03,1114,1,2240.65,1,1,3,2,113,Lost
664687,2018-07-19,948,1,2598.92,1,1,3,2,113,Lost
664762,2019-05-27,636,1,6885.0,2,1,4,2,214,About To Sleep
665370,2019-10-26,484,3,1549.94,3,4,2,3,342,Need Attention
665472,2020-03-12,346,1,1257.98,4,1,2,2,412,Potential Loyalists
665776,2016-01-09,1870,1,5515.2,1,1,4,2,114,Lost
666173,2020-03-04,354,3,1288.59,4,4,2,3,442,Loyal Customers
666608,2021-02-13,8,1,2604.0,5,1,3,2,513,Potential Loyalists
666716,2020-03-17,341,2,309.98,5,3,1,2,531,Potential Loyalists
666979,2021-01-18,34,2,2345.87,5,3,3,3,533,Potential Loyalists
666994,2020-01-07,411,1,2383.94,4,1,3,2,413,Potential Loyalists
667014,2020-06-04,262,2,5241.45,5,3,4,4,534,Loyal Customers
667318,2016-01-20,1859,1,655.0,1,1,1,1,111,Lost
667393,2019-12-30,419,4,14828.6,4,5,5,5,455,Champions
667669,2019-01-22,761,1,4293.76,2,1,4,2,214,About To Sleep
667725,2020-02-15,372,2,2246.31,4,3,3,3,433,Loyal Customers
667919,2020-08-07,198,2,2565.9700000000003,5,3,3,3,533,Potential Loyalists
668117,2017-12-28,1151,3,14609.199999999999,1,4,5,4,145,Can't Lose Them
668140,2019-06-29,603,1,2409.9300000000003,3,1,3,2,313,Need Attention
668236,2019-07-25,577,1,3971.9700000000003,3,1,3,2,313,Need Attention
668660,2019-06-28,604,2,3105.57,3,3,3,3,333,Need Attention
668718,2017-02-25,1457,1,91.0,1,1,1,1,111,Lost
669715,2021-02-08,13,2,3450.52,5,3,3,3,533,Potential Loyalists
670000,2019-01-10,773,1,3116.42,2,1,3,2,213,About To Sleep
670143,2018-06-14,983,1,1414.0,1,1,2,2,112,Lost
670551,2019-05-25,638,1,129.8,2,1,1,1,211,About To Sleep
670666,2018-12-27,787,1,7629.64,2,1,5,3,215,At Risk
670977,2020-06-29,237,2,342.94,5,3,1,2,531,Potential Loyalists
671129,2019-12-24,425,1,6329.05,4,1,4,2,414,Potential Loyalists
671305,2017-02-07,1475,1,156.0,1,1,1,1,111,Lost
671569,2019-03-14,710,1,3366.3,2,1,3,2,213,About To Sleep
672129,2019-01-26,757,1,53.94,2,1,1,1,211,About To Sleep
672139,2020-01-29,389,3,6468.59,4,4,4,4,444,Loyal Customers
672148,2019-08-01,570,2,1790.41,3,3,2,2,332,Need Attention
672150,2017-12-13,1166,1,2347.21,1,1,3,2,113,Lost
672326,2020-07-01,235,2,2603.6,5,3,3,3,533,Potential Loyalists
672584,2020-02-12,375,2,22466.65,4,3,5,4,435,Loyal Customers
672896,2021-01-06,46,4,6015.95,5,5,4,4,554,Loyal Customers
673346,2020-01-20,398,2,160.9,4,3,1,2,431,Potential Loyalists
673348,2020-01-15,403,2,4574.16,4,3,4,4,434,Loyal Customers
674424,2017-11-30,1179,1,3086.7599999999998,1,1,3,2,113,Lost
674468,2020-01-30,388,2,268.90999999999997,4,3,1,2,431,Potential Loyalists
674569,2020-02-22,365,2,2797.86,4,3,3,3,433,Loyal Customers
674984,2019-12-07,442,2,2589.89,3,3,3,3,333,Need Attention
675240,2019-02-16,736,2,3072.54,2,3,3,3,233,At Risk
675324,2019-06-02,630,1,2029.93,2,1,2,2,212,About To Sleep
675600,2016-07-13,1684,1,6797.97,1,1,4,2,114,Lost
675714,2018-12-26,788,1,6.88,2,1,1,1,211,About To Sleep
676036,2018-12-29,785,1,1450.53,2,1,2,2,212,About To Sleep
676059,2018-06-07,990,2,7561.39,1,3,5,4,135,Can't Lose Them
676146,2018-09-19,886,1,139.0,1,1,1,1,111,Lost
676383,2019-09-02,538,1,3257.6000000000004,3,1,3,2,313,Need Attention
676423,2018-12-25,789,1,635.99,2,1,1,1,211,About To Sleep
676732,2019-10-05,505,1,1056.88,3,1,2,2,312,Need Attention
677564,2019-05-16,647,1,607.9699999999999,2,1,1,1,211,About To Sleep
678055,2020-12-29,54,5,12401.94,5,5,5,5,555,Champions
678665,2021-01-09,43,2,1847.03,5,3,2,2,532,Potential Loyalists
678808,2018-04-27,1031,1,497.95,1,1,1,1,111,Lost
678886,2018-02-24,1093,1,17923.84,1,1,5,3,115,At Risk
678925,2019-05-21,642,3,5601.85,2,4,4,4,244,At Risk
679190,2016-02-24,1824,1,780.9000000000001,1,1,1,1,111,Lost
679405,2018-12-29,785,1,299.98,2,1,1,1,211,About To Sleep
679886,2020-02-12,375,2,7240.88,4,3,4,4,434,Loyal Customers
680259,2019-05-28,635,4,16396.69,2,5,5,5,255,Can't Lose Them
680268,2019-01-16,767,1,510.44,2,1,1,1,211,About To Sleep
680422,2019-09-07,533,2,1055.0,3,3,2,2,332,Need Attention
680779,2020-09-19,155,1,3961.7,5,1,3,2,513,Potential Loyalists
680858,2021-02-19,2,2,10190.27,5,3,5,4,535,Loyal Customers
681072,2019-04-29,664,3,1601.85,2,4,2,3,242,At Risk
681493,2018-12-27,787,1,1856.0,2,1,2,2,212,About To Sleep
681898,2016-09-26,1609,2,2748.4700000000003,1,3,3,3,133,At Risk
682276,2020-01-19,399,1,5995.99,4,1,4,2,414,Potential Loyalists
682544,2019-01-17,766,2,3742.24,2,3,3,3,233,At Risk
682759,2020-04-30,297,1,1400.0,5,1,2,2,512,Potential Loyalists
683209,2019-06-19,613,1,462.0,2,1,1,1,211,About To Sleep
683751,2019-02-22,730,2,7619.86,2,3,5,4,235,At Risk
683827,2019-12-25,424,2,8151.96,4,3,5,4,435,Loyal Customers
684027,2018-09-04,901,1,2788.0,1,1,3,2,113,Lost
684747,2020-01-04,414,3,10497.02,4,4,5,4,445,Loyal Customers
684862,2020-01-20,398,1,1832.0,4,1,2,2,412,Potential Loyalists
685356,2019-12-26,423,1,236.0,4,1,1,1,411,New Customers
685457,2017-05-27,1366,1,848.97,1,1,1,1,111,Lost
685916,2020-01-18,400,2,7175.98,4,3,4,4,434,Loyal Customers
686082,2018-10-23,852,1,2236.0,2,1,3,2,213,About To Sleep
686119,2021-01-25,27,1,1918.65,5,1,2,2,512,Potential Loyalists
686451,2019-02-14,738,1,259.8,2,1,1,1,211,About To Sleep
686625,2020-02-26,361,5,7726.11,4,5,5,5,455,Champions
686657,2019-11-04,475,1,146.78,3,1,1,1,311,Promising
686677,2020-01-13,405,2,2618.37,4,3,3,3,433,Loyal Customers
686739,2020-02-16,371,1,3927.0,4,1,3,2,413,Potential Loyalists
686760,2018-11-10,834,2,9459.35,2,3,5,4,235,At Risk
687250,2019-05-24,639,2,6283.96,2,3,4,4,234,At Risk
687324,2017-05-29,1364,2,3769.99,1,3,3,3,133,At Risk
687377,2016-02-03,1845,1,430.0,1,1,1,1,111,Lost
687812,2018-01-05,1143,1,88.62,1,1,1,1,111,Lost
688148,2019-12-21,428,2,417.39,4,3,1,2,431,Potential Loyalists
688222,2019-09-18,522,1,520.51,3,1,1,1,311,Promising
689013,2021-01-27,25,5,3838.26,5,5,3,4,553,Loyal Customers
689695,2020-02-25,362,4,6776.87,4,5,4,4,454,Loyal Customers
690042,2020-02-15,372,3,10102.99,4,4,5,4,445,Loyal Customers
690102,2019-01-03,780,3,4681.6900000000005,2,4,4,4,244,At Risk
690190,2019-10-31,479,2,3716.98,3,3,3,3,333,Need Attention
690253,2018-05-31,997,1,2238.65,1,1,3,2,113,Lost
690270,2019-05-10,653,1,214.9,2,1,1,1,211,About To Sleep
691420,2018-05-28,1000,2,4666.950000000001,1,3,4,4,134,Can't Lose Them
691863,2020-05-29,268,2,4304.1,5,3,4,4,534,Loyal Customers
692231,2018-09-14,891,1,2500.46,1,1,3,2,113,Lost
692257,2018-10-17,858,1,198.0,2,1,1,1,211,About To Sleep
692328,2019-12-21,428,2,6716.55,4,3,4,4,434,Loyal Customers
692519,2017-03-04,1450,1,6953.99,1,1,4,2,114,Lost
692544,2019-07-03,599,3,2769.69,3,4,3,4,343,Loyal Customers
692591,2020-03-04,354,2,913.06,4,3,2,2,432,Potential Loyalists
692661,2019-12-19,430,1,1544.98,4,1,2,2,412,Potential Loyalists
692856,2019-02-09,743,1,2246.97,2,1,3,2,213,About To Sleep
692928,2018-11-29,815,1,1717.0,2,1,2,2,212,About To Sleep
693285,2016-01-02,1877,1,14.97,1,1,1,1,111,Lost
693417,2018-12-24,790,1,715.4200000000001,2,1,1,1,211,About To Sleep
693644,2020-01-29,389,2,5887.47,4,3,4,4,434,Loyal Customers
693684,2020-12-16,67,1,5172.17,5,1,4,2,514,Potential Loyalists
693870,2020-02-01,386,1,2278.2200000000003,4,1,3,2,413,Potential Loyalists
693900,2020-08-26,179,2,482.0,5,3,1,2,531,Potential Loyalists
693988,2016-08-27,1639,1,1196.92,1,1,2,2,112,Lost
694125,2019-09-28,512,1,1514.7,3,1,2,2,312,Need Attention
694539,2017-06-07,1355,1,47.95,1,1,1,1,111,Lost
694742,2018-12-29,785,1,788.4499999999999,2,1,1,1,211,About To Sleep
695043,2021-02-02,19,3,634.99,5,4,1,2,541,Potential Loyalists
695272,2019-11-28,451,2,3022.98,3,3,3,3,333,Need Attention
695433,2019-02-20,732,2,3004.84,2,3,3,3,233,At Risk
695498,2018-01-04,1144,1,91.96,1,1,1,1,111,Lost
695534,2016-03-01,1818,1,755.0,1,1,1,1,111,Lost
695540,2020-03-07,351,2,3933.8,4,3,3,3,433,Loyal Customers
695718,2019-07-18,584,1,3701.99,3,1,3,2,313,Need Attention
696397,2020-01-16,402,1,2574.0,4,1,3,2,413,Potential Loyalists
696759,2020-02-15,372,1,5036.200000000001,4,1,4,2,414,Potential Loyalists
696791,2020-10-10,134,1,789.9,5,1,1,1,511,New Customers
696874,2019-10-23,487,1,3074.42,3,1,3,2,313,Need Attention
696960,2020-10-06,138,1,1535.0,5,1,2,2,512,Potential Loyalists
697182,2016-12-31,1513,1,419.97,1,1,1,1,111,Lost
697365,2020-12-10,73,1,11267.82,5,1,5,3,515,Potential Loyalists
698196,2020-11-05,108,2,4432.36,5,3,4,4,534,Loyal Customers
698421,2016-12-27,1517,1,4146.96,1,1,4,2,114,Lost
698533,2018-12-20,794,1,175.26,2,1,1,1,211,About To Sleep
698624,2019-11-16,463,2,2873.39,3,3,3,3,333,Need Attention
698703,2020-09-12,162,2,5175.860000000001,5,3,4,4,534,Loyal Customers
698960,2019-12-19,430,1,637.05,4,1,1,1,411,New Customers
699820,2020-06-15,251,1,436.2,5,1,1,1,511,New Customers
699830,2019-06-11,621,2,4128.98,2,3,4,4,234,At Risk
700308,2018-12-08,806,1,449.97,2,1,1,1,211,About To Sleep
700354,2019-09-19,521,3,1029.5,3,4,2,3,342,Need Attention
700619,2019-03-07,717,2,330.99,2,3,1,2,231,About To Sleep
700909,2020-03-07,351,1,3021.7,4,1,3,2,413,Potential Loyalists
701241,2017-01-11,1502,1,5018.15,1,1,4,2,114,Lost
701397,2019-12-28,421,3,11671.2,4,4,5,4,445,Loyal Customers
701474,2020-01-06,412,2,1457.67,4,3,2,2,432,Potential Loyalists
701625,2019-05-18,645,5,19876.7,2,5,5,5,255,Can't Lose Them
701698,2019-12-28,421,2,4962.95,4,3,4,4,434,Loyal Customers
701706,2018-01-12,1136,1,460.89,1,1,1,1,111,Lost
702273,2017-05-11,1382,1,2270.49,1,1,3,2,113,Lost
702340,2019-12-06,443,5,8169.95,3,5,5,5,355,Loyal Customers
702544,2019-01-02,781,2,4176.43,2,3,4,4,234,At Risk
702870,2019-10-10,500,3,2871.21,3,4,3,4,343,Loyal Customers
703000,2020-01-16,402,3,2763.61,4,4,3,4,443,Loyal Customers
703212,2018-12-18,796,2,3043.79,2,3,3,3,233,At Risk
703247,2017-05-13,1380,1,867.78,1,1,2,2,112,Lost
703705,2018-05-03,1025,1,3359.6,1,1,3,2,113,Lost
703716,2018-10-06,869,1,817.98,2,1,1,1,211,About To Sleep
703936,2020-04-25,302,3,8887.75,5,4,5,4,545,Loyal Customers
703938,2019-06-25,607,4,9970.97,2,5,5,5,255,Can't Lose Them
704350,2017-01-28,1485,1,1807.97,1,1,2,2,112,Lost
704565,2019-11-20,459,3,5504.84,3,4,4,4,344,Loyal Customers
705074,2019-02-10,742,1,6337.24,2,1,4,2,214,About To Sleep
705717,2019-01-28,755,1,77.68,2,1,1,1,211,About To Sleep
706108,2017-11-25,1184,1,4811.23,1,1,4,2,114,Lost
706132,2020-01-02,416,2,9372.69,4,3,5,4,435,Loyal Customers
706542,2019-09-05,535,1,687.0,3,1,1,1,311,Promising
706638,2019-02-04,748,1,1491.98,2,1,2,2,212,About To Sleep
706651,2020-05-05,292,1,2273.0,5,1,3,2,513,Potential Loyalists
706792,2020-01-01,417,1,4375.95,4,1,4,2,414,Potential Loyalists
706898,2019-05-18,645,1,319.0,2,1,1,1,211,About To Sleep
706964,2019-12-19,430,2,355.97,4,3,1,2,431,Potential Loyalists
707089,2016-01-13,1866,1,1157.73,1,1,2,2,112,Lost
707360,2018-12-13,801,1,3744.0,2,1,3,2,213,About To Sleep
707559,2019-12-26,423,1,1299.0,4,1,2,2,412,Potential Loyalists
707750,2020-01-07,411,2,8227.33,4,3,5,4,435,Loyal Customers
707884,2018-11-10,834,1,6047.380000000001,2,1,4,2,214,About To Sleep
708076,2018-02-22,1095,3,13482.65,1,4,5,4,145,Can't Lose Them
708182,2019-12-25,424,1,299.0,4,1,1,1,411,New Customers
708260,2018-02-24,1093,2,10879.22,1,3,5,4,135,Can't Lose Them
708287,2020-01-16,402,2,4113.94,4,3,4,4,434,Loyal Customers
708460,2018-12-19,795,1,866.54,2,1,2,2,212,About To Sleep
708522,2019-10-01,509,3,7002.66,3,4,4,4,344,Loyal Customers
708914,2019-06-19,613,1,1292.0,2,1,2,2,212,About To Sleep
709049,2019-01-12,771,1,3209.95,2,1,3,2,213,About To Sleep
709368,2019-07-10,592,2,4985.0,3,3,4,4,334,Loyal Customers
709437,2017-05-06,1387,1,116.84,1,1,1,1,111,Lost
709485,2017-09-25,1245,1,5095.63,1,1,4,2,114,Lost
709822,2020-03-04,354,2,2501.4,4,3,3,3,433,Loyal Customers
709983,2020-12-12,71,1,801.85,5,1,1,1,511,New Customers
710058,2019-05-18,645,1,5028.0,2,1,4,2,214,About To Sleep
710555,2018-10-19,856,4,19590.62,2,5,5,5,255,Can't Lose Them
710592,2020-02-06,381,3,1706.79,4,4,2,3,442,Loyal Customers
710673,2016-10-29,1576,1,1907.98,1,1,2,2,112,Lost
710996,2018-09-03,902,2,3574.94,1,3,3,3,133,At Risk
711038,2020-06-11,255,1,795.98,5,1,1,1,511,New Customers
711449,2016-01-07,1872,1,8.549999999999999,1,1,1,1,111,Lost
711877,2019-11-28,451,2,645.92,3,3,1,2,331,Need Attention
712403,2016-10-06,1599,1,1507.2400000000002,1,1,2,2,112,Lost
713013,2019-06-01,631,1,10103.39,2,1,5,3,215,At Risk
713137,2017-06-02,1360,1,539.97,1,1,1,1,111,Lost
713185,2020-05-02,295,2,13056.79,5,3,5,4,535,Loyal Customers
713338,2019-08-17,554,2,4306.94,3,3,4,4,334,Loyal Customers
713424,2019-10-12,498,3,4437.89,3,4,4,4,344,Loyal Customers
713533,2020-06-16,250,2,8237.79,5,3,5,4,535,Loyal Customers
713687,2018-09-07,898,1,4495.0,1,1,4,2,114,Lost
713731,2018-09-27,878,1,2617.0,1,1,3,2,113,Lost
714362,2018-07-17,950,2,1490.75,1,3,2,2,132,Lost
714400,2017-07-19,1313,1,793.98,1,1,1,1,111,Lost
714472,2020-03-07,351,6,34963.76,4,5,5,5,455,Champions
715102,2020-08-18,187,6,13549.7,5,5,5,5,555,Champions
715258,2020-07-07,229,1,118.58999999999999,5,1,1,1,511,New Customers
715317,2019-10-10,500,1,565.97,3,1,1,1,311,Promising
715379,2019-11-13,466,6,7265.31,3,5,4,4,354,Loyal Customers
715406,2019-01-11,772,3,2773.9900000000002,2,4,3,4,243,At Risk
715599,2020-02-28,359,2,6395.84,4,3,4,4,434,Loyal Customers
715709,2017-01-18,1495,1,559.0,1,1,1,1,111,Lost
715740,2019-05-29,634,1,264.90999999999997,2,1,1,1,211,About To Sleep
716015,2016-01-14,1865,1,3643.95,1,1,3,2,113,Lost
716065,2018-09-05,900,1,27.78,1,1,1,1,111,Lost
716463,2020-05-15,282,1,12.18,5,1,1,1,511,New Customers
716491,2020-02-18,369,2,852.9200000000001,4,3,2,2,432,Potential Loyalists
716838,2019-12-07,442,2,10222.89,3,3,5,4,335,Loyal Customers
716868,2016-10-01,1604,1,6027.49,1,1,4,2,114,Lost
717000,2020-06-04,262,4,21917.95,5,5,5,5,555,Champions
717070,2016-03-03,1816,1,1776.67,1,1,2,2,112,Lost
717074,2019-08-31,540,2,2894.55,3,3,3,3,333,Need Attention
717147,2020-02-27,360,2,3246.9799999999996,4,3,3,3,433,Loyal Customers
717325,2017-08-30,1271,1,969.0,1,1,2,2,112,Lost
717492,2020-01-04,414,1,2027.0,4,1,2,2,412,Potential Loyalists
717682,2019-12-24,425,9,6054.59,4,5,4,4,454,Loyal Customers
718064,2017-06-27,1335,1,1210.91,1,1,2,2,112,Lost
718151,2019-01-08,775,1,319.98,2,1,1,1,211,About To Sleep
718173,2017-02-10,1472,1,1064.23,1,1,2,2,112,Lost
718217,2018-12-25,789,2,10732.33,2,3,5,4,235,At Risk
718462,2020-02-17,370,6,18192.34,4,5,5,5,455,Champions
718811,2017-09-13,1257,1,689.7,1,1,1,1,111,Lost
718876,2019-06-13,619,3,13975.68,2,4,5,4,245,At Risk
719193,2019-08-23,548,3,2738.8,3,4,3,4,343,Loyal Customers
719537,2018-02-15,1102,1,2831.83,1,1,3,2,113,Lost
719846,2019-08-24,547,3,5769.29,3,4,4,4,344,Loyal Customers
719881,2017-02-22,1460,1,10963.94,1,1,5,3,115,At Risk
720281,2018-06-22,975,1,29429.870000000003,1,1,5,3,115,At Risk
720460,2019-07-08,594,1,1854.73,3,1,2,2,312,Need Attention
720712,2019-12-21,428,2,1908.21,4,3,2,2,432,Potential Loyalists
720913,2020-02-19,368,1,3909.0,4,1,3,2,413,Potential Loyalists
721118,2020-03-18,340,6,12866.21,5,5,5,5,555,Champions
721329,2018-10-29,846,2,3974.25,2,3,3,3,233,At Risk
721480,2016-09-07,1628,1,399.9,1,1,1,1,111,Lost
721654,2019-07-13,589,1,1040.0,3,1,2,2,312,Need Attention
722293,2017-10-25,1215,1,3040.0,1,1,3,2,113,Lost
722377,2021-01-14,38,1,1552.6,5,1,2,2,512,Potential Loyalists
722428,2019-12-14,435,3,3979.02,3,4,3,4,343,Loyal Customers
722794,2020-01-03,415,2,1419.59,4,3,2,2,432,Potential Loyalists
722869,2019-05-20,643,2,2360.84,2,3,3,3,233,At Risk
722960,2019-10-05,505,2,3788.71,3,3,3,3,333,Need Attention
723572,2021-02-20,1,14,40225.01,5,5,5,5,555,Champions
723850,2016-12-01,1543,1,357.87,1,1,1,1,111,Lost
724336,2020-08-15,190,1,4023.9,5,1,3,2,513,Potential Loyalists
724370,2020-01-11,407,3,2251.3,4,4,3,4,443,Loyal Customers
724504,2020-02-28,359,4,7804.76,4,5,5,5,455,Champions
724534,2020-06-30,236,8,15551.39,5,5,5,5,555,Champions
724604,2020-05-30,267,2,338.67,5,3,1,2,531,Potential Loyalists
724641,2018-08-02,934,1,955.0,1,1,2,2,112,Lost
724827,2020-01-23,395,2,10067.1,4,3,5,4,435,Loyal Customers
724985,2020-02-21,366,1,4665.91,4,1,4,2,414,Potential Loyalists
725349,2020-02-22,365,2,2589.9,4,3,3,3,433,Loyal Customers
725383,2019-12-26,423,4,15370.05,4,5,5,5,455,Champions
725672,2020-05-09,288,4,9393.7,5,5,5,5,555,Champions
725725,2019-08-21,550,1,607.85,3,1,1,1,311,Promising
725795,2019-11-08,471,3,3304.0,3,4,3,4,343,Loyal Customers
725929,2019-06-13,619,1,159.9,2,1,1,1,211,About To Sleep
726123,2018-04-24,1034,2,6709.87,1,3,4,4,134,Can't Lose Them
726750,2019-09-24,516,2,1341.86,3,3,2,2,332,Need Attention
726934,2019-05-18,645,1,5468.88,2,1,4,2,214,About To Sleep
726955,2021-02-16,5,4,5640.25,5,5,4,4,554,Loyal Customers
727060,2019-02-12,740,1,259.86,2,1,1,1,211,About To Sleep
727094,2018-12-26,788,2,5101.07,2,3,4,4,234,At Risk
727109,2019-08-23,548,4,3158.55,3,5,3,4,353,Loyal Customers
727274,2020-01-23,395,2,1955.33,4,3,2,2,432,Potential Loyalists
727285,2018-10-19,856,3,1809.77,2,4,2,3,242,At Risk
727770,2018-11-02,842,1,1025.9,2,1,2,2,212,About To Sleep
728022,2019-01-19,764,3,5601.82,2,4,4,4,244,At Risk
728048,2019-06-08,624,2,3031.98,2,3,3,3,233,At Risk
728116,2018-10-08,867,2,4754.85,2,3,4,4,234,At Risk
728312,2017-06-19,1343,2,4004.9700000000003,1,3,3,3,133,At Risk
728541,2017-01-04,1509,2,8893.12,1,3,5,4,135,Can't Lose Them
728834,2019-05-25,638,3,2412.13,2,4,3,4,243,At Risk
728891,2020-05-04,293,1,269.95,5,1,1,1,511,New Customers
728967,2016-06-30,1697,1,3911.8,1,1,3,2,113,Lost
729368,2019-12-28,421,2,4215.5,4,3,4,4,434,Loyal Customers
729531,2020-02-27,360,2,3209.0,4,3,3,3,433,Loyal Customers
729681,2017-05-02,1391,2,8009.650000000001,1,3,5,4,135,Can't Lose Them
730054,2019-08-31,540,2,1330.6000000000001,3,3,2,2,332,Need Attention
730203,2017-06-22,1340,3,2620.66,1,4,3,4,143,Can't Lose Them
730335,2019-09-03,537,3,2831.04,3,4,3,4,343,Loyal Customers
730418,2019-09-14,526,1,4082.57,3,1,4,2,314,Need Attention
730530,2016-07-16,1681,1,9714.94,1,1,5,3,115,At Risk
730747,2018-09-25,880,1,356.0,1,1,1,1,111,Lost
730928,2018-05-26,1002,1,989.04,1,1,2,2,112,Lost
731381,2019-01-24,759,2,2886.44,2,3,3,3,233,At Risk
731416,2016-08-18,1648,1,6067.370000000001,1,1,4,2,114,Lost
731556,2018-11-07,837,3,5129.58,2,4,4,4,244,At Risk
732008,2019-12-28,421,3,1210.97,4,4,2,3,442,Loyal Customers
732289,2016-02-06,1842,1,2029.95,1,1,2,2,112,Lost
732580,2019-09-25,515,1,3700.87,3,1,3,2,313,Need Attention
732772,2019-08-10,561,1,828.0,3,1,1,1,311,Promising
733080,2016-01-09,1870,1,6089.0,1,1,4,2,114,Lost
733862,2020-05-30,267,3,8363.68,5,4,5,4,545,Loyal Customers
733915,2018-10-19,856,1,4024.44,2,1,3,2,213,About To Sleep
734195,2019-03-14,710,1,961.13,2,1,2,2,212,About To Sleep
734455,2019-07-16,586,3,4993.32,3,4,4,4,344,Loyal Customers
734558,2017-05-30,1363,1,77.07000000000001,1,1,1,1,111,Lost
734605,2019-09-24,516,2,170.67000000000002,3,3,1,2,331,Need Attention
734688,2019-09-12,528,2,1614.98,3,3,2,2,332,Need Attention
734689,2019-12-14,435,2,1130.99,3,3,2,2,332,Need Attention
735046,2017-03-09,1445,1,598.78,1,1,1,1,111,Lost
735424,2019-05-04,659,2,1478.9099999999999,2,3,2,2,232,About To Sleep
735519,2019-10-28,482,1,4529.39,3,1,4,2,314,Need Attention
735657,2017-07-13,1319,2,2611.99,1,3,3,3,133,At Risk
735746,2018-12-04,810,3,4439.95,2,4,4,4,244,At Risk
735816,2016-05-11,1747,1,1685.07,1,1,2,2,112,Lost
735859,2019-10-22,488,1,349.0,3,1,1,1,311,Promising
736272,2017-08-17,1284,1,334.76,1,1,1,1,111,Lost
736718,2019-07-30,572,2,536.41,3,3,1,2,331,Need Attention
737021,2018-05-24,1004,1,26.99,1,1,1,1,111,Lost
737166,2019-06-26,606,3,2417.62,3,4,3,4,343,Loyal Customers
737216,2017-10-14,1226,3,9499.14,1,4,5,4,145,Can't Lose Them
737327,2017-10-13,1227,2,2629.52,1,3,3,3,133,At Risk
737815,2020-03-07,351,3,3089.99,4,4,3,4,443,Loyal Customers
737978,2019-07-19,583,4,10959.289999999999,3,5,5,5,355,Loyal Customers
738133,2018-03-10,1079,1,6098.8,1,1,4,2,114,Lost
738255,2018-12-25,789,1,1819.93,2,1,2,2,212,About To Sleep
738305,2019-07-04,598,1,6076.41,3,1,4,2,314,Need Attention
738388,2019-12-02,447,4,23317.77,3,5,5,5,355,Loyal Customers
738446,2020-02-01,386,1,73.29,4,1,1,1,411,New Customers
738549,2019-06-06,626,3,1472.0900000000001,2,4,2,3,242,At Risk
738786,2019-12-28,421,1,1382.74,4,1,2,2,412,Potential Loyalists
738874,2019-02-05,747,2,1396.9,2,3,2,2,232,About To Sleep
739091,2019-01-23,760,3,6999.8,2,4,4,4,244,At Risk
739214,2018-07-04,963,1,598.0,1,1,1,1,111,Lost
739444,2019-12-26,423,2,242.83999999999997,4,3,1,2,431,Potential Loyalists
739625,2020-02-17,370,7,8418.73,4,5,5,5,455,Champions
739922,2019-10-31,479,2,7989.09,3,3,5,4,335,Loyal Customers
740028,2017-11-01,1208,2,2813.93,1,3,3,3,133,At Risk
740612,2018-02-01,1116,1,2297.8,1,1,3,2,113,Lost
740875,2019-01-05,778,1,14034.89,2,1,5,3,215,At Risk
740990,2019-11-09,470,1,398.97,3,1,1,1,311,Promising
741037,2019-12-19,430,4,14750.46,4,5,5,5,455,Champions
741056,2019-12-11,438,1,868.1400000000001,3,1,2,2,312,Need Attention
741257,2020-01-07,411,3,11352.210000000001,4,4,5,4,445,Loyal Customers
741381,2019-06-06,626,4,5205.14,2,5,4,4,254,At Risk
741665,2019-06-29,603,1,2426.69,3,1,3,2,313,Need Attention
741824,2019-06-29,603,2,2286.65,3,3,3,3,333,Need Attention
742026,2017-11-22,1187,1,1825.69,1,1,2,2,112,Lost
742886,2017-11-21,1188,1,499.0,1,1,1,1,111,Lost
743343,2019-09-11,529,1,319.98,3,1,1,1,311,Promising
743399,2019-12-19,430,3,4145.32,4,4,4,4,444,Loyal Customers
743482,2018-08-24,912,2,2045.94,1,3,2,2,132,Lost
743546,2016-12-29,1515,1,5482.150000000001,1,1,4,2,114,Lost
743610,2018-06-30,967,3,7421.599999999999,1,4,4,4,144,Can't Lose Them
743879,2019-06-01,631,2,2516.6600000000003,2,3,3,3,233,At Risk
744371,2018-06-21,976,1,1199.94,1,1,2,2,112,Lost
744459,2021-01-01,51,6,12396.39,5,5,5,5,555,Champions
744512,2020-01-16,402,2,1138.88,4,3,2,2,432,Potential Loyalists
744667,2019-02-12,740,2,2053.95,2,3,2,2,232,About To Sleep
744791,2018-02-03,1114,2,5395.58,1,3,4,4,134,Can't Lose Them
744822,2018-05-26,1002,1,1012.76,1,1,2,2,112,Lost
744922,2018-06-23,974,1,2175.94,1,1,3,2,113,Lost
745253,2020-01-07,411,2,9796.17,4,3,5,4,435,Loyal Customers
745462,2019-10-20,490,3,15796.27,3,4,5,4,345,Loyal Customers
746112,2016-06-11,1716,2,4535.09,1,3,4,4,134,Can't Lose Them
746187,2018-08-27,909,2,4907.89,1,3,4,4,134,Can't Lose Them
746778,2019-05-29,634,2,431.18,2,3,1,2,231,About To Sleep
746817,2020-01-15,403,2,336.96000000000004,4,3,1,2,431,Potential Loyalists
746898,2019-09-05,535,2,2205.51,3,3,3,3,333,Need Attention
747344,2018-01-13,1135,1,275.94,1,1,1,1,111,Lost
747526,2018-12-01,813,2,1074.98,2,3,2,2,232,About To Sleep
747567,2017-02-20,1462,1,2908.99,1,1,3,2,113,Lost
747984,2020-03-02,356,2,12297.970000000001,4,3,5,4,435,Loyal Customers
748190,2019-03-06,718,2,2322.87,2,3,3,3,233,At Risk
748353,2019-09-23,517,3,7177.28,3,4,4,4,344,Loyal Customers
748710,2019-05-11,652,4,8784.36,2,5,5,5,255,Can't Lose Them
748749,2017-10-21,1219,2,3065.8,1,3,3,3,133,At Risk
748788,2019-08-17,554,2,8412.0,3,3,5,4,335,Loyal Customers
748823,2018-11-13,831,2,1159.0,2,3,2,2,232,About To Sleep
748876,2018-10-12,863,2,2570.8,2,3,3,3,233,At Risk
749016,2019-08-10,561,3,4454.34,3,4,4,4,344,Loyal Customers
749068,2020-05-29,268,2,3022.01,5,3,3,3,533,Potential Loyalists
749261,2020-09-03,171,2,9132.099999999999,5,3,5,4,535,Loyal Customers
749457,2019-12-21,428,2,10017.84,4,3,5,4,435,Loyal Customers
750104,2020-01-25,393,2,3989.33,4,3,3,3,433,Loyal Customers
750139,2017-06-06,1356,1,518.0,1,1,1,1,111,Lost
750180,2017-01-20,1493,1,313.09,1,1,1,1,111,Lost
750228,2020-01-08,410,1,183.61999999999998,4,1,1,1,411,New Customers
750677,2019-12-21,428,1,7878.93,4,1,5,3,415,Loyal Customers
750880,2017-06-24,1338,1,2145.84,1,1,2,2,112,Lost
751036,2020-02-26,361,2,1965.34,4,3,2,2,432,Potential Loyalists
751446,2018-10-02,873,2,378.5,2,3,1,2,231,About To Sleep
751680,2019-10-12,498,2,3207.38,3,3,3,3,333,Need Attention
751961,2018-08-08,928,1,3430.34,1,1,3,2,113,Lost
752186,2018-05-19,1009,1,1845.0,1,1,2,2,112,Lost
752187,2020-07-04,232,2,4501.62,5,3,4,4,534,Loyal Customers
752229,2019-06-01,631,1,4802.47,2,1,4,2,214,About To Sleep
752396,2019-01-04,779,2,2686.98,2,3,3,3,233,At Risk
752411,2019-08-28,543,2,3102.19,3,3,3,3,333,Need Attention
753406,2017-07-24,1308,1,5139.98,1,1,4,2,114,Lost
753461,2020-05-21,276,6,1667.95,5,5,2,4,552,Loyal Customers
753796,2020-06-25,241,1,181.0,5,1,1,1,511,New Customers
753804,2020-02-21,366,3,3206.85,4,4,3,4,443,Loyal Customers
754542,2019-09-09,531,4,20961.41,3,5,5,5,355,Loyal Customers
754804,2016-10-26,1579,1,3880.92,1,1,3,2,113,Lost
754897,2016-09-14,1621,1,149.99,1,1,1,1,111,Lost
755042,2019-01-14,769,2,6528.35,2,3,4,4,234,At Risk
755259,2018-12-19,795,1,84.0,2,1,1,1,211,About To Sleep
755279,2019-10-03,507,1,1499.94,3,1,2,2,312,Need Attention
755367,2020-01-09,409,1,932.98,4,1,2,2,412,Potential Loyalists
755462,2020-10-31,113,4,1314.78,5,5,2,4,552,Loyal Customers
755504,2019-11-28,451,2,1266.92,3,3,2,2,332,Need Attention
755735,2019-08-07,564,4,4831.25,3,5,4,4,354,Loyal Customers
755845,2020-02-20,367,3,10588.38,4,4,5,4,445,Loyal Customers
756078,2017-08-03,1298,1,2876.99,1,1,3,2,113,Lost
756093,2018-11-22,822,1,11359.769999999999,2,1,5,3,215,At Risk
756173,2019-07-04,598,1,3915.76,3,1,3,2,313,Need Attention
756380,2018-06-08,989,1,809.71,1,1,1,1,111,Lost
756402,2020-02-27,360,1,6735.3,4,1,4,2,414,Potential Loyalists
756504,2019-09-23,517,2,3926.98,3,3,3,3,333,Need Attention
757027,2019-07-04,598,2,489.98,3,3,1,2,331,Need Attention
757031,2020-05-14,283,3,9551.02,5,4,5,4,545,Loyal Customers
757547,2017-07-22,1310,1,1784.8799999999999,1,1,2,2,112,Lost
757767,2018-09-13,892,2,3007.9,1,3,3,3,133,At Risk
758065,2018-12-08,806,1,758.0,2,1,1,1,211,About To Sleep
758280,2020-07-15,221,5,6432.41,5,5,4,4,554,Loyal Customers
758321,2019-09-14,526,4,19082.99,3,5,5,5,355,Loyal Customers
758494,2019-10-11,499,2,1469.88,3,3,2,2,332,Need Attention
758534,2017-09-15,1255,2,4488.120000000001,1,3,4,4,134,Can't Lose Them
758568,2018-06-11,986,1,2629.8,1,1,3,2,113,Lost
758863,2019-12-27,422,2,4447.67,4,3,4,4,434,Loyal Customers
758899,2018-02-21,1096,1,5632.0,1,1,4,2,114,Lost
759049,2020-02-15,372,1,4453.89,4,1,4,2,414,Potential Loyalists
759132,2020-03-03,355,2,3467.5699999999997,4,3,3,3,433,Loyal Customers
759498,2019-11-14,465,4,3604.99,3,5,3,4,353,Loyal Customers
759569,2018-09-22,883,1,2871.45,1,1,3,2,113,Lost
759602,2020-02-06,381,1,1589.9,4,1,2,2,412,Potential Loyalists
759633,2019-08-16,555,2,13251.330000000002,3,3,5,4,335,Loyal Customers
759676,2020-05-06,291,1,692.9300000000001,5,1,1,1,511,New Customers
759705,2017-06-21,1341,2,14045.06,1,3,5,4,135,Can't Lose Them
759874,2017-08-24,1277,1,2467.84,1,1,3,2,113,Lost
760031,2019-06-29,603,2,51.010000000000005,3,3,1,2,331,Need Attention
760553,2020-02-06,381,2,1693.31,4,3,2,2,432,Potential Loyalists
760816,2016-02-01,1847,1,2201.69,1,1,3,2,113,Lost
760889,2019-07-10,592,2,1453.5300000000002,3,3,2,2,332,Need Attention
760987,2019-11-02,477,3,9727.51,3,4,5,4,345,Loyal Customers
761177,2019-06-07,625,3,5894.27,2,4,4,4,244,At Risk
761297,2019-10-24,486,4,5313.74,3,5,4,4,354,Loyal Customers
761306,2020-01-14,404,3,14496.689999999999,4,4,5,4,445,Loyal Customers
761433,2018-11-10,834,3,3164.73,2,4,3,4,243,At Risk
761495,2019-01-26,757,4,15627.27,2,5,5,5,255,Can't Lose Them
761908,2020-06-06,260,4,15047.0,5,5,5,5,555,Champions
761955,2016-05-12,1746,1,17.99,1,1,1,1,111,Lost
762108,2019-08-12,559,2,1896.97,3,3,2,2,332,Need Attention
762498,2017-04-29,1394,1,2880.0,1,1,3,2,113,Lost
762540,2017-02-16,1466,1,499.9,1,1,1,1,111,Lost
762585,2020-09-02,172,1,151.48,5,1,1,1,511,New Customers
762652,2020-01-19,399,3,3817.79,4,4,3,4,443,Loyal Customers
762782,2019-07-02,600,2,7839.320000000001,3,3,5,4,335,Loyal Customers
762959,2017-11-28,1181,3,4995.9400000000005,1,4,4,4,144,Can't Lose Them
763033,2020-02-05,382,4,19517.91,4,5,5,5,455,Champions
763246,2016-01-02,1877,1,9599.97,1,1,5,3,115,At Risk
763336,2016-12-30,1514,1,919.0,1,1,2,2,112,Lost
763337,2019-05-01,662,2,3919.96,2,3,3,3,233,At Risk
763509,2018-10-23,852,1,213.53,2,1,1,1,211,About To Sleep
763573,2021-02-20,1,3,27017.1,5,4,5,4,545,Loyal Customers
763597,2019-12-23,426,3,3854.83,4,4,3,4,443,Loyal Customers
763606,2019-01-30,753,1,1958.95,2,1,2,2,212,About To Sleep
763798,2019-06-22,610,1,5879.959999999999,2,1,4,2,214,About To Sleep
764100,2016-12-26,1518,1,1207.0,1,1,2,2,112,Lost
764618,2019-11-30,449,2,1869.06,3,3,2,2,332,Need Attention
764628,2018-02-15,1102,3,4011.5,1,4,3,4,143,Can't Lose Them
765589,2019-05-30,633,1,775.98,2,1,1,1,211,About To Sleep
765629,2018-12-14,800,1,27.9,2,1,1,1,211,About To Sleep
765879,2019-07-04,598,1,347.29,3,1,1,1,311,Promising
765944,2020-02-04,383,1,429.65,4,1,1,1,411,New Customers
765949,2018-05-26,1002,3,2381.74,1,4,3,4,143,Can't Lose Them
766410,2019-02-16,736,1,2819.34,2,1,3,2,213,About To Sleep
766452,2020-02-15,372,1,529.73,4,1,1,1,411,New Customers
766472,2019-02-28,724,1,460.0,2,1,1,1,211,About To Sleep
766542,2016-10-17,1588,1,154.14,1,1,1,1,111,Lost
766566,2020-06-06,260,1,59.96,5,1,1,1,511,New Customers
766850,2018-05-01,1027,1,7020.97,1,1,4,2,114,Lost
768089,2019-08-09,562,1,1653.99,3,1,2,2,312,Need Attention
768197,2016-12-31,1513,1,2946.87,1,1,3,2,113,Lost
768280,2020-07-06,230,3,5084.99,5,4,4,4,544,Loyal Customers
768377,2018-11-19,825,2,15334.380000000001,2,3,5,4,235,At Risk
768386,2017-07-19,1313,1,102.0,1,1,1,1,111,Lost
768430,2021-02-18,3,1,513.32,5,1,1,1,511,New Customers
768850,2018-11-14,830,2,3137.8,2,3,3,3,233,At Risk
768882,2020-03-01,357,4,14622.37,4,5,5,5,455,Champions
769090,2018-05-19,1009,3,3672.05,1,4,3,4,143,Can't Lose Them
769121,2020-02-08,379,2,13002.51,4,3,5,4,435,Loyal Customers
769211,2019-06-03,629,3,4320.23,2,4,4,4,244,At Risk
769462,2019-08-28,543,1,1234.91,3,1,2,2,312,Need Attention
769587,2016-11-19,1555,1,89.91,1,1,1,1,111,Lost
769777,2018-11-10,834,1,370.90000000000003,2,1,1,1,211,About To Sleep
769851,2020-01-05,413,5,5885.91,4,5,4,4,454,Loyal Customers
770066,2018-05-03,1025,1,196.9,1,1,1,1,111,Lost
770288,2020-02-08,379,3,8473.97,4,4,5,4,445,Loyal Customers
770299,2019-08-03,568,1,1328.85,3,1,2,2,312,Need Attention
770404,2017-09-06,1264,1,2441.4,1,1,3,2,113,Lost
770560,2020-05-07,290,5,14098.25,5,5,5,5,555,Champions
770856,2021-02-10,11,2,7234.87,5,3,4,4,534,Loyal Customers
771127,2019-11-25,454,1,2663.76,3,1,3,2,313,Need Attention
771158,2018-10-10,865,1,4512.0,2,1,4,2,214,About To Sleep
771291,2019-01-16,767,1,782.0,2,1,1,1,211,About To Sleep
771348,2019-10-19,491,3,17316.9,3,4,5,4,345,Loyal Customers
771697,2020-01-03,415,2,10521.8,4,3,5,4,435,Loyal Customers
771803,2020-08-07,198,1,610.55,5,1,1,1,511,New Customers
771868,2019-06-07,625,1,950.0,2,1,2,2,212,About To Sleep
771968,2018-07-10,957,1,1179.0,1,1,2,2,112,Lost
772324,2017-07-08,1324,2,2021.5300000000002,1,3,2,2,132,Lost
772646,2019-10-17,493,8,6787.55,3,5,4,4,354,Loyal Customers
772732,2018-02-22,1095,1,1278.04,1,1,2,2,112,Lost
772817,2018-07-19,948,1,750.0,1,1,1,1,111,Lost
772975,2020-02-05,382,3,2836.62,4,4,3,4,443,Loyal Customers
773180,2019-07-20,582,1,329.97,3,1,1,1,311,Promising
773234,2017-12-01,1178,1,6594.92,1,1,4,2,114,Lost
773587,2019-02-12,740,1,3994.6,2,1,3,2,213,About To Sleep
773896,2019-12-24,425,6,22010.53,4,5,5,5,455,Champions
774165,2020-01-01,417,4,9382.85,4,5,5,5,455,Champions
774205,2020-01-25,393,3,13086.95,4,4,5,4,445,Loyal Customers
774483,2019-09-03,537,5,13581.230000000001,3,5,5,5,355,Loyal Customers
774618,2016-12-02,1542,1,720.0,1,1,1,1,111,Lost
774742,2019-12-28,421,3,19436.61,4,4,5,4,445,Loyal Customers
775116,2019-09-04,536,1,1730.0,3,1,2,2,312,Need Attention
775223,2018-06-09,988,3,4633.7,1,4,4,4,144,Can't Lose Them
775239,2019-10-05,505,5,14444.8,3,5,5,5,355,Loyal Customers
775588,2020-01-03,415,3,13724.41,4,4,5,4,445,Loyal Customers
775606,2020-03-11,347,3,3394.9700000000003,4,4,3,4,443,Loyal Customers
775966,2020-06-08,258,3,5394.97,5,4,4,4,544,Loyal Customers
776200,2020-02-22,365,1,28.0,4,1,1,1,411,New Customers
776266,2019-08-08,563,3,3875.46,3,4,3,4,343,Loyal Customers
776308,2019-02-25,727,1,3915.8900000000003,2,1,3,2,213,About To Sleep
776341,2019-07-11,591,2,3846.39,3,3,3,3,333,Need Attention
776422,2019-12-19,430,1,2703.7,4,1,3,2,413,Potential Loyalists
776431,2016-01-23,1856,1,1154.5,1,1,2,2,112,Lost
776865,2019-12-20,429,1,955.0,4,1,2,2,412,Potential Loyalists
777143,2018-02-22,1095,2,6220.78,1,3,4,4,134,Can't Lose Them
777144,2020-01-01,417,3,7080.71,4,4,4,4,444,Loyal Customers
777192,2019-02-27,725,1,1183.52,2,1,2,2,212,About To Sleep
777391,2020-02-13,374,2,1788.0,4,3,2,2,432,Potential Loyalists
777495,2019-12-28,421,2,1603.76,4,3,2,2,432,Potential Loyalists
777688,2019-11-05,474,3,11108.61,3,4,5,4,345,Loyal Customers
777813,2018-08-15,921,2,3079.56,1,3,3,3,133,At Risk
777904,2016-11-05,1569,1,6.88,1,1,1,1,111,Lost
777994,2018-09-25,880,1,2183.99,1,1,3,2,113,Lost
778127,2019-12-25,424,3,1523.5,4,4,2,3,442,Loyal Customers
778259,2018-07-14,953,2,6841.73,1,3,4,4,134,Can't Lose Them
778498,2019-10-19,491,6,22542.15,3,5,5,5,355,Loyal Customers
778574,2018-01-20,1128,1,169.0,1,1,1,1,111,Lost
778636,2020-12-21,62,8,11685.19,5,5,5,5,555,Champions
779320,2019-12-28,421,2,2658.5,4,3,3,3,433,Loyal Customers
779729,2020-12-31,52,1,888.8900000000001,5,1,2,2,512,Potential Loyalists
780145,2019-09-26,514,1,899.94,3,1,2,2,312,Need Attention
780607,2019-01-30,753,1,835.97,2,1,1,1,211,About To Sleep
780674,2016-12-08,1536,2,1105.95,1,3,2,2,132,Lost
780806,2019-02-23,729,2,2658.14,2,3,3,3,233,At Risk
780834,2019-09-19,521,2,1407.0,3,3,2,2,332,Need Attention
780974,2020-12-11,72,9,24847.98,5,5,5,5,555,Champions
781667,2019-10-09,501,2,3945.97,3,3,3,3,333,Need Attention
781703,2020-02-13,374,2,1620.5700000000002,4,3,2,2,432,Potential Loyalists
781865,2017-12-21,1158,1,2317.96,1,1,3,2,113,Lost
782107,2019-11-07,472,3,2747.5,3,4,3,4,343,Loyal Customers
782381,2019-10-04,506,1,29.95,3,1,1,1,311,Promising
782571,2019-10-23,487,1,1376.0,3,1,2,2,312,Need Attention
782741,2018-12-24,790,1,1149.5,2,1,2,2,212,About To Sleep
783060,2020-02-07,380,2,6247.18,4,3,4,4,434,Loyal Customers
783323,2020-08-17,188,1,3695.48,5,1,3,2,513,Potential Loyalists
783542,2018-12-22,792,2,1181.58,2,3,2,2,232,About To Sleep
783691,2016-03-11,1808,2,22569.85,1,3,5,4,135,Can't Lose Them
784001,2019-01-04,779,4,5430.56,2,5,4,4,254,At Risk
784075,2016-01-07,1872,1,1049.93,1,1,2,2,112,Lost
784276,2019-12-16,433,3,4138.0,4,4,4,4,444,Loyal Customers
784296,2018-10-27,848,3,1230.6999999999998,2,4,2,3,242,At Risk
784331,2019-01-01,782,2,5808.99,2,3,4,4,234,At Risk
784521,2017-01-14,1499,1,3068.0,1,1,3,2,113,Lost
784536,2017-07-01,1331,1,5097.0,1,1,4,2,114,Lost
784572,2019-07-23,579,3,25330.97,3,4,5,4,345,Loyal Customers
784640,2020-02-27,360,2,715.42,4,3,1,2,431,Potential Loyalists
784983,2019-12-30,419,4,16764.76,4,5,5,5,455,Champions
785234,2018-06-30,967,1,2013.93,1,1,2,2,112,Lost
785245,2019-12-14,435,3,2851.25,3,4,3,4,343,Loyal Customers
785344,2019-12-25,424,4,3250.87,4,5,3,4,453,Loyal Customers
785353,2019-07-23,579,3,4057.99,3,4,3,4,343,Loyal Customers
785381,2019-11-11,468,2,10263.0,3,3,5,4,335,Loyal Customers
785441,2020-02-29,358,4,2939.41,4,5,3,4,453,Loyal Customers
785565,2020-01-25,393,2,13239.07,4,3,5,4,435,Loyal Customers
785749,2017-08-17,1284,1,1897.62,1,1,2,2,112,Lost
785861,2016-12-13,1531,1,2661.91,1,1,3,2,113,Lost
786030,2020-01-29,389,4,9036.23,4,5,5,5,455,Champions
786094,2020-01-01,417,3,3157.7400000000002,4,4,3,4,443,Loyal Customers
786238,2019-12-27,422,2,3696.94,4,3,3,3,433,Loyal Customers
786466,2016-09-08,1627,1,694.47,1,1,1,1,111,Lost
786560,2017-02-10,1472,1,2557.27,1,1,3,2,113,Lost
786832,2019-12-21,428,4,12699.32,4,5,5,5,455,Champions
786890,2019-06-06,626,2,4188.8,2,3,4,4,234,At Risk
786926,2019-12-20,429,1,2017.36,4,1,2,2,412,Potential Loyalists
787315,2019-11-16,463,7,14963.81,3,5,5,5,355,Loyal Customers
788145,2018-06-30,967,1,399.8,1,1,1,1,111,Lost
788244,2020-02-07,380,3,5016.85,4,4,4,4,444,Loyal Customers
788408,2018-02-23,1094,1,8936.26,1,1,5,3,115,At Risk
788414,2019-02-13,739,2,6265.66,2,3,4,4,234,At Risk
788420,2019-11-25,454,1,660.0,3,1,1,1,311,Promising
788625,2018-04-26,1032,2,3586.45,1,3,3,3,133,At Risk
788834,2019-06-27,605,2,3374.95,3,3,3,3,333,Need Attention
789061,2019-07-16,586,1,644.0400000000001,3,1,1,1,311,Promising
789108,2018-10-24,851,3,2605.29,2,4,3,4,243,At Risk
789177,2019-09-20,520,2,2038.0,3,3,2,2,332,Need Attention
789492,2018-01-02,1146,1,5171.58,1,1,4,2,114,Lost
789600,2019-11-02,477,5,11172.18,3,5,5,5,355,Loyal Customers
789641,2016-01-09,1870,1,2224.0,1,1,3,2,113,Lost
789837,2018-06-27,970,1,727.0,1,1,1,1,111,Lost
789843,2018-11-23,821,1,67.96,2,1,1,1,211,About To Sleep
790067,2017-01-07,1506,1,4567.99,1,1,4,2,114,Lost
790269,2019-12-13,436,3,5236.98,3,4,4,4,344,Loyal Customers
790329,2017-12-20,1159,2,8142.16,1,3,5,4,135,Can't Lose Them
790593,2018-06-02,995,2,4655.28,1,3,4,4,134,Can't Lose Them
791538,2020-12-29,54,1,2385.64,5,1,3,2,513,Potential Loyalists
791544,2019-10-19,491,3,3834.6499999999996,3,4,3,4,343,Loyal Customers
791753,2017-12-18,1161,3,1977.7,1,4,2,3,142,At Risk
791808,2019-10-21,489,1,140.74,3,1,1,1,311,Promising
791825,2019-01-01,782,1,1130.8899999999999,2,1,2,2,212,About To Sleep
791855,2019-01-17,766,2,4067.91,2,3,3,3,233,At Risk
791967,2019-12-04,445,4,8760.84,3,5,5,5,355,Loyal Customers
792110,2016-01-28,1851,1,2124.0,1,1,2,2,112,Lost
792270,2020-01-08,410,2,1317.4,4,3,2,2,432,Potential Loyalists
792279,2020-05-09,288,3,6543.95,5,4,4,4,544,Loyal Customers
792298,2017-02-18,1464,1,369.0,1,1,1,1,111,Lost
792434,2021-02-06,15,4,9243.55,5,5,5,5,555,Champions
792588,2017-12-09,1170,2,12434.34,1,3,5,4,135,Can't Lose Them
792601,2016-07-06,1691,1,1531.0,1,1,2,2,112,Lost
792829,2020-01-08,410,4,8398.289999999999,4,5,5,5,455,Champions
793099,2019-07-15,587,1,298.0,3,1,1,1,311,Promising
793573,2020-07-18,218,2,6382.16,5,3,4,4,534,Loyal Customers
793686,2019-12-31,418,10,13097.44,4,5,5,5,455,Champions
793700,2019-06-12,620,1,2670.97,2,1,3,2,213,About To Sleep
793867,2019-05-06,657,4,10967.94,2,5,5,5,255,Can't Lose Them
793968,2016-01-14,1865,1,223.83999999999997,1,1,1,1,111,Lost
794575,2019-02-23,729,2,2155.0,2,3,2,2,232,About To Sleep
795382,2019-12-10,439,2,5642.7,3,3,4,4,334,Loyal Customers
795665,2019-02-02,750,3,2034.79,2,4,2,3,242,At Risk
795767,2016-10-22,1583,1,219.0,1,1,1,1,111,Lost
795887,2016-11-01,1573,1,1589.78,1,1,2,2,112,Lost
796191,2020-02-27,360,6,7463.080000000001,4,5,4,4,454,Loyal Customers
796439,2019-11-21,458,4,2888.98,3,5,3,4,353,Loyal Customers
796606,2018-09-21,884,1,1111.93,1,1,2,2,112,Lost
796631,2020-02-25,362,5,10508.18,4,5,5,5,455,Champions
797322,2017-09-11,1259,2,5910.25,1,3,4,4,134,Can't Lose Them
797480,2020-05-06,291,1,10634.0,5,1,5,3,515,Potential Loyalists
797634,2016-06-10,1717,1,3439.67,1,1,3,2,113,Lost
797679,2019-11-16,463,1,1289.66,3,1,2,2,312,Need Attention
798120,2017-04-29,1394,1,398.0,1,1,1,1,111,Lost
798990,2020-01-28,390,2,8739.84,4,3,5,4,435,Loyal Customers
799025,2019-06-18,614,2,661.36,2,3,1,2,231,About To Sleep
799260,2018-11-03,841,2,2259.0,2,3,3,3,233,At Risk
799323,2020-02-03,384,1,1432.0,4,1,2,2,412,Potential Loyalists
799366,2016-01-02,1877,1,4819.389999999999,1,1,4,2,114,Lost
799620,2020-07-18,218,2,5209.94,5,3,4,4,534,Loyal Customers
799689,2018-03-17,1072,1,1271.9,1,1,2,2,112,Lost
799779,2016-09-21,1614,1,400.0,1,1,1,1,111,Lost
800156,2019-10-29,481,3,1993.82,3,4,2,3,342,Need Attention
800159,2019-06-13,619,2,790.1800000000001,2,3,1,2,231,About To Sleep
800273,2020-06-12,254,3,8297.94,5,4,5,4,545,Loyal Customers
800304,2016-10-20,1585,1,665.94,1,1,1,1,111,Lost
800388,2020-12-10,73,2,3680.18,5,3,3,3,533,Potential Loyalists
800548,2016-01-09,1870,1,37.98,1,1,1,1,111,Lost
800891,2020-07-22,214,1,289.99,5,1,1,1,511,New Customers
800933,2020-01-07,411,1,3877.2000000000003,4,1,3,2,413,Potential Loyalists
800943,2017-09-21,1249,1,3630.56,1,1,3,2,113,Lost
800959,2019-10-18,492,1,496.0,3,1,1,1,311,Promising
801069,2020-01-08,410,3,1590.37,4,4,2,3,442,Loyal Customers
801168,2020-01-02,416,2,27276.08,4,3,5,4,435,Loyal Customers
801203,2019-12-31,418,1,1043.58,4,1,2,2,412,Potential Loyalists
801350,2016-10-11,1594,1,4945.3,1,1,4,2,114,Lost
801770,2019-08-29,542,1,1813.95,3,1,2,2,312,Need Attention
801780,2021-01-19,33,1,5747.0,5,1,4,2,514,Potential Loyalists
801796,2019-11-12,467,1,4817.25,3,1,4,2,314,Need Attention
801893,2020-01-13,405,2,3443.44,4,3,3,3,433,Loyal Customers
802041,2019-10-01,509,3,11900.96,3,4,5,4,345,Loyal Customers
802246,2018-12-11,803,1,4207.29,2,1,4,2,214,About To Sleep
802265,2019-06-01,631,2,1505.9099999999999,2,3,2,2,232,About To Sleep
802354,2019-11-27,452,1,3931.04,3,1,3,2,313,Need Attention
802596,2018-02-08,1109,1,1177.0,1,1,2,2,112,Lost
802660,2020-01-16,402,2,1488.87,4,3,2,2,432,Potential Loyalists
802757,2019-07-23,579,3,6905.01,3,4,4,4,344,Loyal Customers
803022,2019-06-05,627,1,259.9,2,1,1,1,211,About To Sleep
803041,2019-10-31,479,1,1129.0,3,1,2,2,312,Need Attention
803125,2020-02-19,368,3,3602.88,4,4,3,4,443,Loyal Customers
803670,2021-02-08,13,1,6717.02,5,1,4,2,514,Potential Loyalists
803903,2020-11-13,100,2,760.8,5,3,1,2,531,Potential Loyalists
804008,2020-02-25,362,1,25.69,4,1,1,1,411,New Customers
804388,2020-05-12,285,2,7551.91,5,3,5,4,535,Loyal Customers
804871,2018-12-07,807,2,1419.75,2,3,2,2,232,About To Sleep
805166,2019-09-28,512,4,4388.92,3,5,4,4,354,Loyal Customers
805212,2019-08-22,549,1,1980.88,3,1,2,2,312,Need Attention
805258,2019-07-06,596,3,4306.26,3,4,4,4,344,Loyal Customers
805389,2020-12-08,75,1,2263.66,5,1,3,2,513,Potential Loyalists
805635,2019-08-19,552,2,2465.85,3,3,3,3,333,Need Attention
805914,2020-06-27,239,4,13622.6,5,5,5,5,555,Champions
806791,2020-02-05,382,2,17379.8,4,3,5,4,435,Loyal Customers
806903,2019-09-11,529,2,678.9200000000001,3,3,1,2,331,Need Attention
807061,2019-12-30,419,1,613.6800000000001,4,1,1,1,411,New Customers
807157,2019-06-25,607,1,934.97,2,1,2,2,212,About To Sleep
807349,2017-02-24,1458,1,2394.9700000000003,1,1,3,2,113,Lost
807577,2019-02-14,738,1,347.64,2,1,1,1,211,About To Sleep
807641,2019-07-04,598,2,7497.74,3,3,5,4,335,Loyal Customers
807958,2020-01-01,417,4,5852.19,4,5,4,4,454,Loyal Customers
808000,2020-12-03,80,4,2918.5699999999997,5,5,3,4,553,Loyal Customers
808172,2019-06-19,613,2,996.9,2,3,2,2,232,About To Sleep
808497,2019-07-03,599,2,2924.72,3,3,3,3,333,Need Attention
808540,2016-12-30,1514,1,748.88,1,1,1,1,111,Lost
808670,2020-02-28,359,2,5052.280000000001,4,3,4,4,434,Loyal Customers
809163,2019-10-11,499,1,1345.98,3,1,2,2,312,Need Attention
809243,2018-12-26,788,1,4935.55,2,1,4,2,214,About To Sleep
809370,2019-11-08,471,1,157.87,3,1,1,1,311,Promising
809452,2020-07-07,229,2,5867.03,5,3,4,4,534,Loyal Customers
809659,2020-03-07,351,2,91.66,4,3,1,2,431,Potential Loyalists
810167,2020-07-24,212,3,9281.09,5,4,5,4,545,Loyal Customers
810226,2020-01-08,410,2,507.98,4,3,1,2,431,Potential Loyalists
810304,2019-12-28,421,2,1551.0,4,3,2,2,432,Potential Loyalists
810415,2020-01-25,393,2,7697.629999999999,4,3,5,4,435,Loyal Customers
810541,2019-01-15,768,1,536.0,2,1,1,1,211,About To Sleep
810775,2019-02-23,729,1,1120.98,2,1,2,2,212,About To Sleep
810797,2019-02-22,730,1,2489.9000000000005,2,1,3,2,213,About To Sleep
810900,2018-12-28,786,2,11956.31,2,3,5,4,235,At Risk
810968,2020-08-31,174,4,224.36,5,5,1,3,551,Potential Loyalists
811059,2020-02-01,386,2,926.97,4,3,2,2,432,Potential Loyalists
811306,2019-09-19,521,1,1095.0,3,1,2,2,312,Need Attention
811602,2020-01-24,394,1,2436.0,4,1,3,2,413,Potential Loyalists
811715,2019-08-16,555,1,3325.98,3,1,3,2,313,Need Attention
811725,2019-11-07,472,1,438.0,3,1,1,1,311,Promising
811809,2020-12-24,59,4,7900.62,5,5,5,5,555,Champions
811912,2019-12-30,419,3,12974.220000000001,4,4,5,4,445,Loyal Customers
812462,2020-02-20,367,5,13479.14,4,5,5,5,455,Champions
812557,2020-12-05,78,4,3297.08,5,5,3,4,553,Loyal Customers
813109,2019-09-30,510,2,2060.89,3,3,2,2,332,Need Attention
813600,2021-02-16,5,2,1793.77,5,3,2,2,532,Potential Loyalists
813685,2020-11-14,99,2,519.98,5,3,1,2,531,Potential Loyalists
813692,2020-05-09,288,2,1821.3899999999999,5,3,2,2,532,Potential Loyalists
813868,2019-11-23,456,1,359.98,3,1,1,1,311,Promising
813943,2019-07-02,600,2,5416.9,3,3,4,4,334,Loyal Customers
814070,2019-01-26,757,1,534.72,2,1,1,1,211,About To Sleep
814141,2017-09-19,1251,3,1242.9,1,4,2,3,142,At Risk
814284,2016-12-21,1523,1,269.9,1,1,1,1,111,Lost
814898,2020-02-20,367,1,804.0,4,1,1,1,411,New Customers
814949,2019-09-20,520,1,2299.0,3,1,3,2,313,Need Attention
815009,2020-06-06,260,4,2778.3199999999997,5,5,3,4,553,Loyal Customers
815431,2019-10-25,485,1,342.7,3,1,1,1,311,Promising
815458,2016-01-02,1877,1,1437.58,1,1,2,2,112,Lost
815559,2019-08-27,544,2,2144.11,3,3,2,2,332,Need Attention
815708,2020-05-30,267,1,1813.0,5,1,2,2,512,Potential Loyalists
816104,2020-07-02,234,3,5846.63,5,4,4,4,544,Loyal Customers
816452,2019-03-11,713,1,198.37,2,1,1,1,211,About To Sleep
816687,2019-12-13,436,2,10527.97,3,3,5,4,335,Loyal Customers
816906,2019-11-30,449,1,3120.0,3,1,3,2,313,Need Attention
816916,2019-02-13,739,1,330.0,2,1,1,1,211,About To Sleep
816932,2020-02-18,369,4,5689.570000000001,4,5,4,4,454,Loyal Customers
817078,2019-09-12,528,2,1801.4,3,3,2,2,332,Need Attention
817271,2018-12-26,788,3,15256.15,2,4,5,4,245,At Risk
817645,2019-06-22,610,2,588.95,2,3,1,2,231,About To Sleep
817781,2020-03-12,346,3,6491.9,4,4,4,4,444,Loyal Customers
817992,2019-09-02,538,2,2572.9700000000003,3,3,3,3,333,Need Attention
818100,2017-12-27,1152,1,6758.44,1,1,4,2,114,Lost
818245,2019-03-15,709,2,10228.97,2,3,5,4,235,At Risk
818966,2017-06-29,1333,1,6544.16,1,1,4,2,114,Lost
819031,2020-01-03,415,2,8928.0,4,3,5,4,435,Loyal Customers
819369,2021-02-19,2,2,13967.65,5,3,5,4,535,Loyal Customers
819688,2020-02-28,359,1,102.0,4,1,1,1,411,New Customers
819803,2019-12-10,439,2,5730.91,3,3,4,4,334,Loyal Customers
819814,2018-07-14,953,1,132.99,1,1,1,1,111,Lost
819887,2018-12-15,799,1,2978.21,2,1,3,2,213,About To Sleep
819982,2017-12-02,1177,1,508.0,1,1,1,1,111,Lost
820276,2017-12-29,1150,2,2490.43,1,3,3,3,133,At Risk
820468,2019-09-03,537,3,4577.08,3,4,4,4,344,Loyal Customers
820595,2016-06-03,1724,1,474.0,1,1,1,1,111,Lost
820848,2018-10-13,862,1,1380.8899999999999,2,1,2,2,212,About To Sleep
820946,2019-12-20,429,2,1187.54,4,3,2,2,432,Potential Loyalists
821074,2019-02-01,751,1,894.28,2,1,2,2,212,About To Sleep
821079,2020-05-06,291,1,1375.98,5,1,2,2,512,Potential Loyalists
821760,2021-02-15,6,2,1801.97,5,3,2,2,532,Potential Loyalists
822180,2017-12-25,1154,1,57.88,1,1,1,1,111,Lost
822437,2019-10-07,503,1,2537.8500000000004,3,1,3,2,313,Need Attention
822658,2020-07-17,219,4,15224.400000000001,5,5,5,5,555,Champions
822698,2017-01-07,1506,2,1939.8899999999999,1,3,2,2,132,Lost
823079,2020-01-20,398,5,7062.35,4,5,4,4,454,Loyal Customers
823143,2020-07-13,223,2,2631.74,5,3,3,3,533,Potential Loyalists
823157,2019-11-27,452,1,1329.14,3,1,2,2,312,Need Attention
823264,2018-12-01,813,1,381.98,2,1,1,1,211,About To Sleep
823679,2018-01-12,1136,1,4911.4,1,1,4,2,114,Lost
823682,2020-05-14,283,2,1478.0,5,3,2,2,532,Potential Loyalists
824232,2020-07-18,218,1,2665.0,5,1,3,2,513,Potential Loyalists
824543,2021-01-26,26,4,3901.56,5,5,3,4,553,Loyal Customers
824641,2018-12-29,785,2,1597.98,2,3,2,2,232,About To Sleep
824697,2016-12-29,1515,1,308.96000000000004,1,1,1,1,111,Lost
824789,2017-10-27,1213,1,326.0,1,1,1,1,111,Lost
824810,2019-07-06,596,3,2967.5299999999997,3,4,3,4,343,Loyal Customers
825321,2019-12-25,424,2,6253.45,4,3,4,4,434,Loyal Customers
825334,2019-11-07,472,2,660.82,3,3,1,2,331,Need Attention
825856,2019-07-13,589,1,41.67,3,1,1,1,311,Promising
825894,2019-12-20,429,4,22374.94,4,5,5,5,455,Champions
825960,2020-06-09,257,1,308.97,5,1,1,1,511,New Customers
826032,2018-03-12,1077,3,4312.35,1,4,4,4,144,Can't Lose Them
826253,2018-12-20,794,3,1303.95,2,4,2,3,242,At Risk
826491,2019-04-27,666,2,11609.85,2,3,5,4,235,At Risk
826672,2018-08-22,914,1,476.0,1,1,1,1,111,Lost
826782,2019-05-07,656,1,4931.4,2,1,4,2,214,About To Sleep
826863,2021-01-01,51,2,15616.95,5,3,5,4,535,Loyal Customers
827041,2019-02-07,745,1,3279.5400000000004,2,1,3,2,213,About To Sleep
827536,2020-02-25,362,1,301.65,4,1,1,1,411,New Customers
828017,2016-02-22,1826,1,699.95,1,1,1,1,111,Lost
828028,2018-09-15,890,1,714.0,1,1,1,1,111,Lost
828125,2019-09-07,533,3,4366.07,3,4,4,4,344,Loyal Customers
828800,2019-08-19,552,2,1868.68,3,3,2,2,332,Need Attention
828806,2018-09-01,904,1,2729.7200000000003,1,1,3,2,113,Lost
828969,2018-09-26,879,2,5837.18,1,3,4,4,134,Can't Lose Them
829132,2016-01-30,1849,1,573.6,1,1,1,1,111,Lost
829295,2020-02-29,358,3,3067.98,4,4,3,4,443,Loyal Customers
829346,2020-01-20,398,4,14476.050000000001,4,5,5,5,455,Champions
829679,2016-10-14,1591,1,2761.87,1,1,3,2,113,Lost
829929,2020-06-12,254,1,589.97,5,1,1,1,511,New Customers
830087,2019-08-19,552,2,2175.96,3,3,3,3,333,Need Attention
830137,2020-01-18,400,4,6965.219999999999,4,5,4,4,454,Loyal Customers
830366,2020-02-11,376,3,6763.94,4,4,4,4,444,Loyal Customers
830447,2020-02-24,363,2,6740.91,4,3,4,4,434,Loyal Customers
830610,2020-01-18,400,1,4219.0,4,1,4,2,414,Potential Loyalists
830683,2020-02-29,358,2,1567.0,4,3,2,2,432,Potential Loyalists
830974,2018-11-22,822,1,1168.96,2,1,2,2,212,About To Sleep
831062,2019-02-16,736,1,57.88,2,1,1,1,211,About To Sleep
831099,2019-10-24,486,2,5203.35,3,3,4,4,334,Loyal Customers
831151,2020-12-31,52,2,13618.45,5,3,5,4,535,Loyal Customers
831207,2016-08-25,1641,1,1216.4,1,1,2,2,112,Lost
831208,2021-01-23,29,3,7052.57,5,4,4,4,544,Loyal Customers
831657,2018-10-30,845,5,6214.27,2,5,4,4,254,At Risk
831717,2018-01-02,1146,2,638.9300000000001,1,3,1,2,131,Lost
832004,2019-06-08,624,2,2642.46,2,3,3,3,233,At Risk
832078,2019-01-12,771,1,51.38,2,1,1,1,211,About To Sleep
832272,2016-02-21,1827,1,6313.99,1,1,4,2,114,Lost
832343,2018-01-24,1124,1,664.93,1,1,1,1,111,Lost
832398,2021-02-18,3,2,506.92,5,3,1,2,531,Potential Loyalists
832813,2019-10-22,488,4,5197.2,3,5,4,4,354,Loyal Customers
833090,2019-05-25,638,1,13.78,2,1,1,1,211,About To Sleep
833662,2020-02-24,363,3,4885.91,4,4,4,4,444,Loyal Customers
833699,2019-05-11,652,1,872.4,2,1,2,2,212,About To Sleep
833851,2017-11-15,1194,1,114.45,1,1,1,1,111,Lost
834086,2018-05-29,999,1,3798.93,1,1,3,2,113,Lost
834109,2019-09-17,523,1,1055.57,3,1,2,2,312,Need Attention
834236,2017-05-25,1368,1,3866.98,1,1,3,2,113,Lost
834480,2017-02-21,1461,1,2555.98,1,1,3,2,113,Lost
834550,2019-11-20,459,1,3715.65,3,1,3,2,313,Need Attention
834711,2019-09-25,515,2,3274.1,3,3,3,3,333,Need Attention
834977,2020-01-18,400,2,5292.61,4,3,4,4,434,Loyal Customers
835043,2018-03-08,1081,1,4932.6,1,1,4,2,114,Lost
835380,2019-07-12,590,1,310.9,3,1,1,1,311,Promising
835381,2020-07-09,227,1,676.92,5,1,1,1,511,New Customers
835552,2020-02-28,359,3,3140.7999999999997,4,4,3,4,443,Loyal Customers
835858,2020-01-15,403,2,4737.9,4,3,4,4,434,Loyal Customers
836267,2021-02-12,9,2,10317.54,5,3,5,4,535,Loyal Customers
836435,2020-12-17,66,4,8447.75,5,5,5,5,555,Champions
836443,2018-09-10,895,3,3842.85,1,4,3,4,143,Can't Lose Them
836853,2020-02-19,368,2,2767.19,4,3,3,3,433,Loyal Customers
836922,2019-05-02,661,2,1749.99,2,3,2,2,232,About To Sleep
837092,2017-07-16,1316,1,1857.0,1,1,2,2,112,Lost
837312,2018-10-18,857,2,3558.8900000000003,2,3,3,3,233,At Risk
837383,2016-08-12,1654,2,4101.94,1,3,4,4,134,Can't Lose Them
837475,2019-05-27,636,2,5053.65,2,3,4,4,234,At Risk
837507,2019-06-01,631,1,663.99,2,1,1,1,211,About To Sleep
837526,2018-11-27,817,3,3140.82,2,4,3,4,243,At Risk
837545,2020-08-10,195,1,1938.0,5,1,2,2,512,Potential Loyalists
837654,2020-03-11,347,2,287.32,4,3,1,2,431,Potential Loyalists
837702,2020-08-21,184,2,6534.87,5,3,4,4,534,Loyal Customers
837781,2019-12-20,429,1,3158.9700000000003,4,1,3,2,413,Potential Loyalists
837825,2019-09-13,527,1,205.52,3,1,1,1,311,Promising
837850,2019-09-20,520,1,148.32,3,1,1,1,311,Promising
837870,2020-03-04,354,5,8096.3,4,5,5,5,455,Champions
837943,2017-11-02,1207,1,1656.41,1,1,2,2,112,Lost
838480,2019-12-06,443,2,8716.28,3,3,5,4,335,Loyal Customers
838631,2020-01-17,401,3,4339.88,4,4,4,4,444,Loyal Customers
839353,2019-10-09,501,4,6164.74,3,5,4,4,354,Loyal Customers
839871,2019-07-01,601,1,1304.19,3,1,2,2,312,Need Attention
839948,2019-01-17,766,2,2179.9,2,3,3,3,233,At Risk
839949,2018-10-12,863,1,800.0,2,1,1,1,211,About To Sleep
840443,2017-06-22,1340,1,3355.0,1,1,3,2,113,Lost
840446,2019-10-30,480,2,4646.41,3,3,4,4,334,Loyal Customers
840642,2019-06-08,624,2,4345.9,2,3,4,4,234,At Risk
841472,2020-11-04,109,4,7862.66,5,5,5,5,555,Champions
841761,2020-01-09,409,2,5105.99,4,3,4,4,434,Loyal Customers
841852,2016-11-29,1545,1,2619.93,1,1,3,2,113,Lost
842205,2019-08-21,550,3,1858.98,3,4,2,3,342,Need Attention
842317,2019-07-29,573,4,3987.1400000000003,3,5,3,4,353,Loyal Customers
842359,2020-06-30,236,1,2593.66,5,1,3,2,513,Potential Loyalists
842407,2017-01-19,1494,1,699.93,1,1,1,1,111,Lost
843433,2020-03-07,351,1,94.17,4,1,1,1,411,New Customers
843554,2019-11-14,465,1,9.96,3,1,1,1,311,Promising
843597,2020-02-20,367,1,995.0,4,1,2,2,412,Potential Loyalists
844003,2016-01-01,1878,1,1876.0,1,1,2,2,112,Lost
844208,2020-05-21,276,2,4915.03,5,3,4,4,534,Loyal Customers
844232,2018-09-22,883,1,287.70000000000005,1,1,1,1,111,Lost
844474,2020-01-18,400,5,10142.76,4,5,5,5,455,Champions
844760,2019-02-07,745,1,316.0,2,1,1,1,211,About To Sleep
844832,2016-01-20,1859,1,1131.9,1,1,2,2,112,Lost
845119,2019-07-08,594,1,935.0,3,1,2,2,312,Need Attention
845362,2018-12-29,785,2,2364.92,2,3,3,3,233,At Risk
845516,2019-06-06,626,2,2495.91,2,3,3,3,233,At Risk
845621,2019-12-30,419,2,2040.5,4,3,2,2,432,Potential Loyalists
845864,2019-01-24,759,2,889.98,2,3,2,2,232,About To Sleep
846031,2019-06-12,620,2,2316.9700000000003,2,3,3,3,233,At Risk
846141,2017-10-25,1215,1,7377.32,1,1,4,2,114,Lost
846187,2020-01-20,398,4,5398.87,4,5,4,4,454,Loyal Customers
846264,2020-02-08,379,1,2011.16,4,1,2,2,412,Potential Loyalists
846847,2020-03-09,349,1,1143.96,4,1,2,2,412,Potential Loyalists
846917,2019-12-23,426,1,499.9,4,1,1,1,411,New Customers
847185,2016-09-28,1607,1,677.89,1,1,1,1,111,Lost
847222,2019-02-15,737,2,6732.45,2,3,4,4,234,At Risk
847501,2018-11-05,839,2,9309.45,2,3,5,4,235,At Risk
848117,2019-10-03,507,2,3643.99,3,3,3,3,333,Need Attention
848290,2020-01-23,395,1,1275.0,4,1,2,2,412,Potential Loyalists
848337,2019-08-07,564,2,2631.29,3,3,3,3,333,Need Attention
848374,2016-06-09,1718,1,743.85,1,1,1,1,111,Lost
848393,2018-07-25,942,1,259.0,1,1,1,1,111,Lost
848517,2018-01-04,1144,1,258.0,1,1,1,1,111,Lost
848570,2019-09-26,514,2,3744.84,3,3,3,3,333,Need Attention
848846,2019-02-19,733,1,4649.0,2,1,4,2,214,About To Sleep
848896,2019-12-21,428,1,1044.98,4,1,2,2,412,Potential Loyalists
848897,2018-08-21,915,2,3836.25,1,3,3,3,133,At Risk
848928,2019-12-30,419,1,2097.0,4,1,2,2,412,Potential Loyalists
849208,2018-08-28,908,1,9057.369999999999,1,1,5,3,115,At Risk
849706,2020-12-16,67,2,428.11,5,3,1,2,531,Potential Loyalists
849863,2020-09-10,164,1,5002.0,5,1,4,2,514,Potential Loyalists
850158,2019-06-06,626,1,607.96,2,1,1,1,211,About To Sleep
850204,2018-12-21,793,2,3119.52,2,3,3,3,233,At Risk
850529,2019-12-02,447,4,5341.26,3,5,4,4,354,Loyal Customers
850585,2019-06-07,625,1,8284.6,2,1,5,3,215,At Risk
850625,2019-02-13,739,1,313.94,2,1,1,1,211,About To Sleep
850894,2018-09-10,895,1,113.85,1,1,1,1,111,Lost
851066,2021-02-16,5,1,1308.68,5,1,2,2,512,Potential Loyalists
851164,2019-09-20,520,1,824.9200000000001,3,1,1,1,311,Promising
851653,2019-03-07,717,1,16.5,2,1,1,1,211,About To Sleep
851776,2018-05-09,1019,1,94.99,1,1,1,1,111,Lost
851890,2020-12-31,52,4,7198.08,5,5,4,4,554,Loyal Customers
852023,2020-07-11,225,2,603.78,5,3,1,2,531,Potential Loyalists
852444,2019-07-11,591,3,5206.91,3,4,4,4,344,Loyal Customers
853262,2018-12-31,783,1,109.99,2,1,1,1,211,About To Sleep
853325,2019-10-26,484,1,814.99,3,1,1,1,311,Promising
853416,2020-06-02,264,2,804.3299999999999,5,3,1,2,531,Potential Loyalists
853548,2021-01-23,29,5,866.24,5,5,2,4,552,Loyal Customers
853808,2020-08-12,193,1,327.0,5,1,1,1,511,New Customers
854269,2019-08-01,570,1,110.53,3,1,1,1,311,Promising
854324,2016-09-27,1608,1,801.0,1,1,1,1,111,Lost
854554,2018-07-07,960,2,1777.41,1,3,2,2,132,Lost
854579,2019-01-19,764,1,13.76,2,1,1,1,211,About To Sleep
854629,2020-10-07,137,1,3305.64,5,1,3,2,513,Potential Loyalists
855069,2016-10-13,1592,1,3164.0,1,1,3,2,113,Lost
855237,2017-02-15,1467,1,439.9,1,1,1,1,111,Lost
855476,2020-07-24,212,2,2463.75,5,3,3,3,533,Potential Loyalists
855668,2019-12-07,442,2,676.99,3,3,1,2,331,Need Attention
856134,2017-11-23,1186,2,5484.46,1,3,4,4,134,Can't Lose Them
856210,2019-03-02,722,1,4845.0,2,1,4,2,214,About To Sleep
856222,2020-02-04,383,1,2015.98,4,1,2,2,412,Potential Loyalists
856365,2019-03-11,713,2,4831.67,2,3,4,4,234,At Risk
856497,2019-12-18,431,3,5476.73,4,4,4,4,444,Loyal Customers
856525,2018-02-24,1093,2,22996.96,1,3,5,4,135,Can't Lose Them
856677,2019-08-20,551,2,9582.0,3,3,5,4,335,Loyal Customers
856705,2019-05-02,661,2,5709.1,2,3,4,4,234,At Risk
856895,2017-12-21,1158,2,4495.98,1,3,4,4,134,Can't Lose Them
857048,2019-11-30,449,3,1704.0,3,4,2,3,342,Need Attention
857122,2020-02-22,365,1,2295.0,4,1,3,2,413,Potential Loyalists
857287,2019-12-16,433,3,5268.03,4,4,4,4,444,Loyal Customers
857426,2019-06-18,614,1,4466.91,2,1,4,2,214,About To Sleep
857638,2020-07-04,232,4,4799.35,5,5,4,4,554,Loyal Customers
857753,2019-01-02,781,1,14.94,2,1,1,1,211,About To Sleep
858069,2019-05-23,640,1,86.0,2,1,1,1,211,About To Sleep
858132,2020-02-24,363,3,3575.42,4,4,3,4,443,Loyal Customers
858185,2021-01-01,51,4,2549.16,5,5,3,4,553,Loyal Customers
858368,2018-12-15,799,1,3080.96,2,1,3,2,213,About To Sleep
858612,2020-03-09,349,1,17.99,4,1,1,1,411,New Customers
858760,2020-11-18,95,4,10317.64,5,5,5,5,555,Champions
859240,2020-10-09,135,4,2360.0499999999997,5,5,3,4,553,Loyal Customers
859349,2020-02-15,372,1,1751.99,4,1,2,2,412,Potential Loyalists
859566,2019-12-25,424,3,5829.02,4,4,4,4,444,Loyal Customers
859587,2020-05-23,274,3,128.9,5,4,1,2,541,Potential Loyalists
859790,2020-11-11,102,2,4061.98,5,3,3,3,533,Potential Loyalists
859981,2018-01-04,1144,2,4430.650000000001,1,3,4,4,134,Can't Lose Them
860255,2016-09-14,1621,1,1202.06,1,1,2,2,112,Lost
860549,2020-06-13,253,3,1511.93,5,4,2,3,542,Potential Loyalists
860762,2019-10-10,500,1,1979.94,3,1,2,2,312,Need Attention
860985,2019-05-08,655,2,3525.9,2,3,3,3,233,At Risk
861207,2020-09-08,166,3,2202.03,5,4,3,4,543,Loyal Customers
861209,2017-11-10,1199,1,5.5,1,1,1,1,111,Lost
861320,2018-09-29,876,1,5192.42,2,1,4,2,214,About To Sleep
861729,2019-07-20,582,3,3448.23,3,4,3,4,343,Loyal Customers
861730,2019-07-11,591,2,3329.64,3,3,3,3,333,Need Attention
861784,2016-11-10,1564,1,488.12,1,1,1,1,111,Lost
862134,2020-05-04,293,1,2395.0,5,1,3,2,513,Potential Loyalists
862830,2019-05-29,634,2,2937.7,2,3,3,3,233,At Risk
863057,2019-09-03,537,1,3208.99,3,1,3,2,313,Need Attention
863561,2020-05-16,281,2,1202.99,5,3,2,2,532,Potential Loyalists
863819,2020-01-04,414,2,2571.79,4,3,3,3,433,Loyal Customers
864103,2018-12-11,803,1,693.95,2,1,1,1,211,About To Sleep
864150,2020-02-06,381,1,876.0,4,1,2,2,412,Potential Loyalists
864331,2017-08-30,1271,1,1034.0,1,1,2,2,112,Lost
864479,2019-05-09,654,2,488.9,2,3,1,2,231,About To Sleep
864691,2018-01-05,1143,1,1562.8899999999999,1,1,2,2,112,Lost
864708,2019-12-12,437,2,3633.9,3,3,3,3,333,Need Attention
865163,2020-02-27,360,4,2649.41,4,5,3,4,453,Loyal Customers
865536,2017-11-01,1208,1,599.99,1,1,1,1,111,Lost
865760,2019-07-20,582,2,2114.54,3,3,2,2,332,Need Attention
866074,2019-05-17,646,1,229.9,2,1,1,1,211,About To Sleep
866166,2020-12-09,74,1,117.89,5,1,1,1,511,New Customers
866332,2018-12-17,797,2,5255.57,2,3,4,4,234,At Risk
866393,2019-01-18,765,2,1767.48,2,3,2,2,232,About To Sleep
866481,2020-01-28,390,1,5888.71,4,1,4,2,414,Potential Loyalists
866597,2016-12-16,1528,1,1122.88,1,1,2,2,112,Lost
867445,2020-02-27,360,1,1669.98,4,1,2,2,412,Potential Loyalists
868292,2019-08-15,556,3,4256.26,3,4,4,4,344,Loyal Customers
868347,2020-01-18,400,2,2897.72,4,3,3,3,433,Loyal Customers
868367,2020-08-29,176,2,4502.0,5,3,4,4,534,Loyal Customers
868419,2020-09-14,160,1,539.8,5,1,1,1,511,New Customers
868439,2020-02-26,361,2,2592.66,4,3,3,3,433,Loyal Customers
868463,2020-10-13,131,1,179.99,5,1,1,1,511,New Customers
868496,2019-11-16,463,1,759.78,3,1,1,1,311,Promising
868701,2020-06-03,263,4,3998.3,5,5,3,4,553,Loyal Customers
868738,2018-09-05,900,1,555.9,1,1,1,1,111,Lost
869108,2020-03-12,346,2,1339.0,4,3,2,2,432,Potential Loyalists
869200,2021-01-14,38,7,6890.65,5,5,4,4,554,Loyal Customers
869472,2019-09-18,522,1,657.0,3,1,1,1,311,Promising
869788,2018-08-04,932,1,181.0,1,1,1,1,111,Lost
869957,2018-10-02,873,1,219.95,2,1,1,1,211,About To Sleep
869976,2021-01-13,39,2,1303.3400000000001,5,3,2,2,532,Potential Loyalists
870611,2020-07-11,225,1,47.95,5,1,1,1,511,New Customers
870651,2019-12-23,426,1,942.66,4,1,2,2,412,Potential Loyalists
870682,2019-04-30,663,2,1101.89,2,3,2,2,232,About To Sleep
870805,2017-05-22,1371,1,5358.82,1,1,4,2,114,Lost
870923,2019-09-28,512,1,109.53999999999999,3,1,1,1,311,Promising
870990,2018-02-05,1112,1,3583.9700000000003,1,1,3,2,113,Lost
871066,2020-02-20,367,2,1040.86,4,3,2,2,432,Potential Loyalists
871241,2017-11-27,1182,3,12033.13,1,4,5,4,145,Can't Lose Them
871505,2019-03-16,708,4,4637.06,2,5,4,4,254,At Risk
871585,2018-08-25,911,1,438.0,1,1,1,1,111,Lost
871690,2019-10-16,494,2,1177.6899999999998,3,3,2,2,332,Need Attention
871773,2018-12-22,792,2,2234.94,2,3,3,3,233,At Risk
872446,2020-05-20,277,3,5563.13,5,4,4,4,544,Loyal Customers
872477,2018-12-25,789,1,81.1,2,1,1,1,211,About To Sleep
872535,2020-06-05,261,1,439.9,5,1,1,1,511,New Customers
872536,2020-04-28,299,3,1958.75,5,4,2,3,542,Potential Loyalists
872602,2020-02-07,380,1,808.07,4,1,1,1,411,New Customers
872673,2020-01-14,404,1,3569.68,4,1,3,2,413,Potential Loyalists
873057,2017-07-05,1327,2,5147.98,1,3,4,4,134,Can't Lose Them
873119,2019-05-02,661,1,239.75,2,1,1,1,211,About To Sleep
873197,2020-02-21,366,2,10657.939999999999,4,3,5,4,435,Loyal Customers
873244,2018-11-26,818,2,930.74,2,3,2,2,232,About To Sleep
873909,2021-01-28,24,2,2917.78,5,3,3,3,533,Potential Loyalists
874005,2020-01-03,415,1,6710.98,4,1,4,2,414,Potential Loyalists
874048,2018-06-09,988,1,3618.0,1,1,3,2,113,Lost
874079,2020-06-04,262,3,25704.8,5,4,5,4,545,Loyal Customers
874406,2021-01-03,49,2,7002.15,5,3,4,4,534,Loyal Customers
874447,2019-10-10,500,1,1259.93,3,1,2,2,312,Need Attention
875004,2018-08-15,921,1,4396.29,1,1,4,2,114,Lost
875163,2016-03-11,1808,1,11273.45,1,1,5,3,115,At Risk
875420,2018-02-15,1102,1,319.0,1,1,1,1,111,Lost
875430,2019-12-24,425,3,5000.0,4,4,4,4,444,Loyal Customers
875439,2016-06-09,1718,1,2508.0,1,1,3,2,113,Lost
875555,2018-11-29,815,2,6109.960000000001,2,3,4,4,234,At Risk
875626,2019-06-12,620,2,6897.18,2,3,4,4,234,At Risk
875681,2018-11-10,834,3,1345.83,2,4,2,3,242,At Risk
875798,2016-08-04,1662,1,801.97,1,1,1,1,111,Lost
875900,2020-08-12,193,1,2999.92,5,1,3,2,513,Potential Loyalists
876113,2020-06-13,253,3,5344.87,5,4,4,4,544,Loyal Customers
876454,2019-08-20,551,5,17940.21,3,5,5,5,355,Loyal Customers
876456,2019-12-02,447,1,4966.97,3,1,4,2,314,Need Attention
876685,2020-02-05,382,4,5932.349999999999,4,5,4,4,454,Loyal Customers
876718,2019-09-23,517,3,7643.59,3,4,5,4,345,Loyal Customers
876841,2019-06-27,605,2,1853.95,3,3,2,2,332,Need Attention
876859,2017-02-02,1480,1,16295.03,1,1,5,3,115,At Risk
877009,2018-12-31,783,1,4580.0,2,1,4,2,214,About To Sleep
877023,2020-03-06,352,1,1259.91,4,1,2,2,412,Potential Loyalists
877042,2020-02-23,364,2,11027.92,4,3,5,4,435,Loyal Customers
877303,2018-01-23,1125,1,2531.9300000000003,1,1,3,2,113,Lost
877347,2018-10-06,869,2,10152.439999999999,2,3,5,4,235,At Risk
877413,2019-11-15,464,2,1958.93,3,3,2,2,332,Need Attention
877812,2018-09-08,897,3,8876.880000000001,1,4,5,4,145,Can't Lose Them
877990,2020-07-27,209,3,8884.84,5,4,5,4,545,Loyal Customers
878112,2019-02-18,734,1,2000.5400000000002,2,1,2,2,212,About To Sleep
878516,2018-11-21,823,1,294.0,2,1,1,1,211,About To Sleep
878538,2020-06-19,247,2,203.89999999999998,5,3,1,2,531,Potential Loyalists
878556,2017-07-05,1327,1,173.64,1,1,1,1,111,Lost
878682,2016-11-09,1565,1,779.9300000000001,1,1,1,1,111,Lost
878711,2019-11-12,467,2,9811.130000000001,3,3,5,4,335,Loyal Customers
878831,2018-08-04,932,2,2355.8,1,3,3,3,133,At Risk
878881,2018-11-20,824,1,1298.9,2,1,2,2,212,About To Sleep
878978,2019-09-27,513,6,8868.81,3,5,5,5,355,Loyal Customers
879299,2016-06-29,1698,1,6494.0,1,1,4,2,114,Lost
879649,2019-11-05,474,4,35710.61,3,5,5,5,355,Loyal Customers
879778,2018-10-11,864,3,10564.01,2,4,5,4,245,At Risk
879795,2019-06-12,620,1,33.99,2,1,1,1,211,About To Sleep
879909,2019-02-06,746,1,261.89,2,1,1,1,211,About To Sleep
879917,2021-02-17,4,3,879.6,5,4,2,3,542,Potential Loyalists
879956,2020-09-23,151,2,2145.7,5,3,2,2,532,Potential Loyalists
880192,2020-02-08,379,3,6195.6,4,4,4,4,444,Loyal Customers
880261,2020-08-18,187,2,6423.89,5,3,4,4,534,Loyal Customers
880383,2018-06-14,983,1,428.96,1,1,1,1,111,Lost
880453,2020-09-25,149,3,11636.54,5,4,5,4,545,Loyal Customers
880667,2019-10-19,491,1,2103.07,3,1,2,2,312,Need Attention
881169,2019-12-24,425,2,3205.48,4,3,3,3,433,Loyal Customers
881368,2020-01-21,397,2,516.5799999999999,4,3,1,2,431,Potential Loyalists
881876,2018-07-27,940,2,1343.27,1,3,2,2,132,Lost
882518,2018-10-26,849,1,275.99,2,1,1,1,211,About To Sleep
882779,2019-06-01,631,2,1349.95,2,3,2,2,232,About To Sleep
882848,2018-12-31,783,1,1334.05,2,1,2,2,212,About To Sleep
882956,2019-07-01,601,1,1793.9,3,1,2,2,312,Need Attention
883000,2020-12-21,62,2,3264.77,5,3,3,3,533,Potential Loyalists
883088,2019-05-10,653,3,3151.68,2,4,3,4,243,At Risk
883214,2021-02-11,10,2,2444.71,5,3,3,3,533,Potential Loyalists
883396,2019-09-26,514,3,2675.94,3,4,3,4,343,Loyal Customers
883435,2019-08-23,548,1,516.6,3,1,1,1,311,Promising
883569,2020-05-06,291,4,6877.3,5,5,4,4,554,Loyal Customers
883649,2017-12-16,1163,1,8822.74,1,1,5,3,115,At Risk
884102,2019-07-03,599,2,1766.8500000000001,3,3,2,2,332,Need Attention
884417,2019-12-18,431,2,2831.27,4,3,3,3,433,Loyal Customers
884421,2020-02-28,359,1,2152.1,4,1,2,2,412,Potential Loyalists
884538,2019-02-13,739,1,96.0,2,1,1,1,211,About To Sleep
884835,2018-02-22,1095,1,498.98,1,1,1,1,111,Lost
885201,2019-01-10,773,2,959.98,2,3,2,2,232,About To Sleep
885782,2020-03-13,345,1,1084.5,4,1,2,2,412,Potential Loyalists
885896,2016-10-31,1574,1,1440.0,1,1,2,2,112,Lost
886255,2019-03-08,716,1,4002.95,2,1,3,2,213,About To Sleep
886493,2018-09-27,878,1,59.99,1,1,1,1,111,Lost
886563,2017-06-15,1347,1,4336.85,1,1,4,2,114,Lost
887036,2018-09-08,897,3,4780.4,1,4,4,4,144,Can't Lose Them
887462,2018-07-05,962,2,6280.1,1,3,4,4,134,Can't Lose Them
887497,2020-05-23,274,3,4122.47,5,4,4,4,544,Loyal Customers
887549,2019-12-28,421,5,3064.02,4,5,3,4,453,Loyal Customers
887656,2019-11-05,474,1,656.0,3,1,1,1,311,Promising
887764,2021-02-20,1,4,8004.83,5,5,5,5,555,Champions
887837,2018-12-20,794,2,3271.88,2,3,3,3,233,At Risk
888175,2021-01-13,39,4,6103.429999999999,5,5,4,4,554,Loyal Customers
888301,2020-01-15,403,1,6413.62,4,1,4,2,414,Potential Loyalists
888433,2020-06-20,246,4,10713.74,5,5,5,5,555,Champions
888655,2017-07-14,1318,1,509.97,1,1,1,1,111,Lost
888719,2018-09-06,899,1,2298.99,1,1,3,2,113,Lost
888864,2019-11-08,471,2,4993.52,3,3,4,4,334,Loyal Customers
889088,2018-08-20,916,1,4199.57,1,1,4,2,114,Lost
889395,2019-12-03,446,3,5708.13,3,4,4,4,344,Loyal Customers
889542,2019-09-27,513,2,867.97,3,3,2,2,332,Need Attention
889931,2018-02-15,1102,1,305.26,1,1,1,1,111,Lost
889935,2019-12-07,442,1,9403.98,3,1,5,3,315,Need Attention
890083,2019-06-11,621,1,2621.96,2,1,3,2,213,About To Sleep
890089,2019-05-13,650,1,1047.78,2,1,2,2,212,About To Sleep
890094,2020-02-04,383,4,13359.630000000001,4,5,5,5,455,Champions
890173,2019-05-24,639,3,7530.62,2,4,5,4,245,At Risk
890474,2020-01-15,403,3,16390.88,4,4,5,4,445,Loyal Customers
890720,2018-09-22,883,1,3849.76,1,1,3,2,113,Lost
891108,2018-07-21,946,1,758.0,1,1,1,1,111,Lost
891325,2018-10-05,870,2,2727.98,2,3,3,3,233,At Risk
891356,2017-09-21,1249,1,5990.0,1,1,4,2,114,Lost
891431,2020-01-17,401,1,1717.94,4,1,2,2,412,Potential Loyalists
891817,2020-01-08,410,1,4638.8,4,1,4,2,414,Potential Loyalists
891896,2019-01-23,760,1,25449.129999999997,2,1,5,3,215,At Risk
891974,2019-07-25,577,3,8312.35,3,4,5,4,345,Loyal Customers
892225,2020-05-23,274,3,6450.92,5,4,4,4,544,Loyal Customers
892500,2019-09-17,523,1,29.97,3,1,1,1,311,Promising
892533,2017-09-08,1262,1,2373.0,1,1,3,2,113,Lost
892624,2019-11-29,450,3,5016.1900000000005,3,4,4,4,344,Loyal Customers
892664,2018-10-13,862,1,1299.93,2,1,2,2,212,About To Sleep
892786,2018-11-19,825,2,10299.880000000001,2,3,5,4,235,At Risk
892838,2018-07-07,960,3,6956.45,1,4,4,4,144,Can't Lose Them
893598,2020-12-24,59,4,32128.260000000002,5,5,5,5,555,Champions
893784,2020-02-24,363,1,302.0,4,1,1,1,411,New Customers
894227,2019-01-02,781,1,268.0,2,1,1,1,211,About To Sleep
894252,2019-12-19,430,2,6743.85,4,3,4,4,434,Loyal Customers
894362,2019-01-05,778,1,45.58,2,1,1,1,211,About To Sleep
894446,2019-11-26,453,2,2286.88,3,3,3,3,333,Need Attention
894737,2020-01-29,389,1,1480.76,4,1,2,2,412,Potential Loyalists
895123,2020-02-17,370,1,2103.0,4,1,2,2,412,Potential Loyalists
895317,2019-11-28,451,1,1735.89,3,1,2,2,312,Need Attention
895517,2019-02-25,727,2,5031.15,2,3,4,4,234,At Risk
896113,2018-10-27,848,1,6727.2,2,1,4,2,214,About To Sleep
896242,2020-02-18,369,2,3562.81,4,3,3,3,433,Loyal Customers
896276,2018-09-06,899,2,1397.76,1,3,2,2,132,Lost
896698,2018-11-28,816,1,305.98,2,1,1,1,211,About To Sleep
896870,2017-01-11,1502,1,1541.88,1,1,2,2,112,Lost
897008,2019-05-11,652,2,2508.0,2,3,3,3,233,At Risk
897286,2019-05-22,641,2,2054.57,2,3,2,2,232,About To Sleep
897445,2019-10-03,507,2,7680.0,3,3,5,4,335,Loyal Customers
897690,2019-12-07,442,1,987.97,3,1,2,2,312,Need Attention
897866,2016-12-15,1529,2,2765.83,1,3,3,3,133,At Risk
897914,2017-08-09,1292,1,389.7000000000001,1,1,1,1,111,Lost
898433,2019-12-17,432,1,1411.0,4,1,2,2,412,Potential Loyalists
898554,2020-09-16,158,1,92.39,5,1,1,1,511,New Customers
898671,2016-05-26,1732,1,9446.6,1,1,5,3,115,At Risk
898918,2018-12-25,789,1,239.96,2,1,1,1,211,About To Sleep
898924,2019-10-19,491,2,4939.92,3,3,4,4,334,Loyal Customers
898965,2019-01-15,768,1,1425.95,2,1,2,2,212,About To Sleep
899137,2017-03-11,1443,1,1846.83,1,1,2,2,112,Lost
899140,2018-10-03,872,2,2237.0,2,3,3,3,233,At Risk
900030,2021-02-17,4,4,17203.43,5,5,5,5,555,Champions
900052,2018-11-07,837,1,2632.5,2,1,3,2,213,About To Sleep
900108,2019-12-13,436,2,8019.97,3,3,5,4,335,Loyal Customers
900296,2019-12-22,427,2,2518.0,4,3,3,3,433,Loyal Customers
900387,2019-10-09,501,4,11793.31,3,5,5,5,355,Loyal Customers
900515,2020-08-29,176,2,2285.64,5,3,3,3,533,Potential Loyalists
901225,2018-10-10,865,1,4845.0,2,1,4,2,214,About To Sleep
901390,2019-01-03,780,3,1534.44,2,4,2,3,242,At Risk
901932,2016-06-04,1723,1,172.0,1,1,1,1,111,Lost
902687,2018-09-03,902,1,2317.9,1,1,3,2,113,Lost
902770,2019-01-25,758,2,1209.77,2,3,2,2,232,About To Sleep
902878,2019-12-24,425,3,4092.29,4,4,4,4,444,Loyal Customers
902893,2019-03-09,715,1,16.169999999999998,2,1,1,1,211,About To Sleep
903369,2019-08-12,559,1,3248.88,3,1,3,2,313,Need Attention
903464,2020-02-13,374,2,1393.0,4,3,2,2,432,Potential Loyalists
903847,2018-04-29,1029,2,7320.77,1,3,4,4,134,Can't Lose Them
903932,2016-12-26,1518,1,1340.0,1,1,2,2,112,Lost
905099,2019-03-08,716,3,3071.84,2,4,3,4,243,At Risk
905100,2019-09-02,538,2,5084.78,3,3,4,4,334,Loyal Customers
905452,2019-08-24,547,1,5221.32,3,1,4,2,314,Need Attention
905530,2020-02-22,365,1,894.0,4,1,2,2,412,Potential Loyalists
905730,2021-01-14,38,4,5566.96,5,5,4,4,554,Loyal Customers
905762,2019-07-05,597,5,5110.63,3,5,4,4,354,Loyal Customers
905783,2016-05-26,1732,1,225.0,1,1,1,1,111,Lost
905941,2020-05-12,285,6,8345.97,5,5,5,5,555,Champions
906022,2017-02-18,1464,1,2882.89,1,1,3,2,113,Lost
906443,2019-03-16,708,1,876.0,2,1,2,2,212,About To Sleep
906468,2019-09-04,536,1,520.9200000000001,3,1,1,1,311,Promising
906625,2016-02-03,1845,1,2916.85,1,1,3,2,113,Lost
906832,2019-12-04,445,5,14677.64,3,5,5,5,355,Loyal Customers
906967,2018-06-16,981,2,6781.51,1,3,4,4,134,Can't Lose Them
907108,2020-09-24,150,2,6683.34,5,3,4,4,534,Loyal Customers
907138,2018-10-25,850,3,7688.98,2,4,5,4,245,At Risk
907250,2018-01-10,1138,1,1954.77,1,1,2,2,112,Lost
907297,2019-12-14,435,5,9255.12,3,5,5,5,355,Loyal Customers
907393,2018-12-22,792,1,94.99,2,1,1,1,211,About To Sleep
907585,2018-06-25,972,3,4705.97,1,4,4,4,144,Can't Lose Them
907939,2018-07-17,950,2,526.59,1,3,1,2,131,Lost
908105,2019-10-21,489,5,8456.21,3,5,5,5,355,Loyal Customers
908329,2019-06-29,603,1,2256.96,3,1,3,2,313,Need Attention
908424,2019-10-05,505,1,1188.97,3,1,2,2,312,Need Attention
908454,2019-12-18,431,2,1638.8400000000001,4,3,2,2,432,Potential Loyalists
908823,2019-01-03,780,1,5173.780000000001,2,1,4,2,214,About To Sleep
908887,2016-02-27,1821,1,284.95,1,1,1,1,111,Lost
909014,2019-11-25,454,2,5580.34,3,3,4,4,334,Loyal Customers
909122,2019-06-20,612,2,270.0,2,3,1,2,231,About To Sleep
909339,2019-02-27,725,3,10193.87,2,4,5,4,245,At Risk
909379,2018-01-01,1147,1,1869.6799999999998,1,1,2,2,112,Lost
909530,2020-01-24,394,4,2887.92,4,5,3,4,453,Loyal Customers
909986,2020-02-26,361,1,1190.47,4,1,2,2,412,Potential Loyalists
910032,2019-09-11,529,4,17246.27,3,5,5,5,355,Loyal Customers
910064,2018-03-07,1082,3,647.9300000000001,1,4,1,2,141,Lost
910283,2019-02-16,736,1,193.97,2,1,1,1,211,About To Sleep
910717,2018-11-29,815,3,3445.45,2,4,3,4,243,At Risk
911025,2018-02-19,1098,2,5078.4,1,3,4,4,134,Can't Lose Them
911091,2019-07-27,575,3,3538.33,3,4,3,4,343,Loyal Customers
911353,2021-01-15,37,3,2310.71,5,4,3,4,543,Loyal Customers
911435,2020-01-04,414,1,127.75,4,1,1,1,411,New Customers
911474,2016-11-07,1567,1,2405.82,1,1,3,2,113,Lost
911841,2017-08-31,1270,1,119.98,1,1,1,1,111,Lost
912208,2020-02-22,365,3,3205.88,4,4,3,4,443,Loyal Customers
912216,2020-01-14,404,3,2081.38,4,4,2,3,442,Loyal Customers
912459,2019-08-22,549,1,3885.64,3,1,3,2,313,Need Attention
912713,2017-06-10,1352,1,300.40000000000003,1,1,1,1,111,Lost
912789,2019-05-16,647,3,4940.13,2,4,4,4,244,At Risk
912824,2020-03-05,353,2,965.06,4,3,2,2,432,Potential Loyalists
913132,2019-02-19,733,2,910.3200000000002,2,3,2,2,232,About To Sleep
913924,2020-09-15,159,2,4753.6,5,3,4,4,534,Loyal Customers
913935,2019-02-07,745,2,5570.4,2,3,4,4,234,At Risk
914541,2019-12-25,424,2,3924.91,4,3,3,3,433,Loyal Customers
914790,2020-07-23,213,4,9247.0,5,5,5,5,555,Champions
914878,2019-02-12,740,4,16363.01,2,5,5,5,255,Can't Lose Them
915054,2019-06-07,625,1,4095.99,2,1,4,2,214,About To Sleep
915242,2018-02-13,1104,1,1061.74,1,1,2,2,112,Lost
915356,2020-02-01,386,2,2152.3,4,3,2,2,432,Potential Loyalists
915558,2019-10-28,482,1,272.0,3,1,1,1,311,Promising
915859,2020-06-13,253,2,2345.9,5,3,3,3,533,Potential Loyalists
915874,2020-08-13,192,3,6292.5,5,4,4,4,544,Loyal Customers
916074,2016-06-18,1709,2,4843.35,1,3,4,4,134,Can't Lose Them
916148,2018-07-11,956,2,1045.4,1,3,2,2,132,Lost
916676,2020-02-11,376,3,4450.62,4,4,4,4,444,Loyal Customers
916866,2018-07-13,954,2,1227.0,1,3,2,2,132,Lost
916920,2018-12-19,795,1,1093.2,2,1,2,2,212,About To Sleep
917038,2019-11-28,451,2,7618.48,3,3,5,4,335,Loyal Customers
917196,2018-02-16,1101,1,1784.98,1,1,2,2,112,Lost
917293,2019-06-21,611,3,2786.2200000000003,2,4,3,4,243,At Risk
917347,2016-01-13,1866,1,375.70000000000005,1,1,1,1,111,Lost
917522,2021-01-07,45,2,13775.3,5,3,5,4,535,Loyal Customers
917772,2019-02-03,749,3,2180.14,2,4,3,4,243,At Risk
918182,2016-10-15,1590,1,1199.96,1,1,2,2,112,Lost
918186,2019-09-23,517,2,3465.1800000000003,3,3,3,3,333,Need Attention
918245,2020-01-10,408,2,289.89,4,3,1,2,431,Potential Loyalists
918461,2016-07-30,1667,1,1759.73,1,1,2,2,112,Lost
918640,2016-08-09,1657,1,93.98,1,1,1,1,111,Lost
918741,2020-01-16,402,2,6952.0,4,3,4,4,434,Loyal Customers
918763,2016-11-05,1569,1,522.88,1,1,1,1,111,Lost
918778,2020-02-01,386,5,5950.22,4,5,4,4,454,Loyal Customers
918800,2017-11-23,1186,2,3557.57,1,3,3,3,133,At Risk
918835,2019-11-14,465,4,2579.5,3,5,3,4,353,Loyal Customers
919575,2016-02-13,1835,1,1169.11,1,1,2,2,112,Lost
920138,2019-08-13,558,3,4984.3099999999995,3,4,4,4,344,Loyal Customers
920213,2019-03-09,715,2,446.99,2,3,1,2,231,About To Sleep
920551,2016-09-22,1613,1,1754.93,1,1,2,2,112,Lost
920661,2017-08-24,1277,1,3006.6,1,1,3,2,113,Lost
921096,2018-12-25,789,2,12106.28,2,3,5,4,235,At Risk
921171,2019-02-12,740,2,1950.0,2,3,2,2,232,About To Sleep
921198,2019-07-06,596,1,775.97,3,1,1,1,311,Promising
921229,2019-12-12,437,2,1739.96,3,3,2,2,332,Need Attention
921281,2018-06-21,976,2,651.46,1,3,1,2,131,Lost
921370,2019-09-23,517,2,948.86,3,3,2,2,332,Need Attention
921384,2019-11-16,463,6,7992.79,3,5,5,5,355,Loyal Customers
921597,2016-12-16,1528,1,197.97,1,1,1,1,111,Lost
921604,2016-10-08,1597,1,1582.0,1,1,2,2,112,Lost
921825,2019-10-17,493,7,18878.82,3,5,5,5,355,Loyal Customers
921878,2020-01-11,407,1,3340.9,4,1,3,2,413,Potential Loyalists
921903,2019-09-11,529,1,75.66,3,1,1,1,311,Promising
922306,2016-12-19,1525,1,1962.0,1,1,2,2,112,Lost
922350,2017-06-24,1338,1,471.80000000000007,1,1,1,1,111,Lost
922398,2019-06-12,620,1,230.0,2,1,1,1,211,About To Sleep
923165,2016-02-18,1830,1,4207.96,1,1,4,2,114,Lost
923232,2020-06-12,254,4,12982.6,5,5,5,5,555,Champions
923332,2018-09-10,895,2,2268.6,1,3,3,3,133,At Risk
923402,2020-09-19,155,5,5399.0599999999995,5,5,4,4,554,Loyal Customers
923583,2020-02-18,369,1,2795.0,4,1,3,2,413,Potential Loyalists
923935,2017-07-06,1326,1,159.99,1,1,1,1,111,Lost
924030,2018-05-15,1013,1,340.0,1,1,1,1,111,Lost
924192,2020-02-22,365,1,25.98,4,1,1,1,411,New Customers
924256,2020-12-26,57,4,8964.21,5,5,5,5,555,Champions
924619,2020-06-03,263,2,3599.58,5,3,3,3,533,Potential Loyalists
924687,2020-12-19,64,1,414.95,5,1,1,1,511,New Customers
924965,2016-06-15,1712,1,149.0,1,1,1,1,111,Lost
924975,2020-01-10,408,5,21455.47,4,5,5,5,455,Champions
926246,2018-07-02,965,1,11193.0,1,1,5,3,115,At Risk
926435,2020-03-09,349,1,1979.99,4,1,2,2,412,Potential Loyalists
926578,2021-01-13,39,3,3079.9,5,4,3,4,543,Loyal Customers
926874,2020-01-02,416,3,4800.8,4,4,4,4,444,Loyal Customers
927080,2019-06-27,605,2,817.97,3,3,1,2,331,Need Attention
927239,2020-06-11,255,3,792.8399999999999,5,4,1,2,541,Potential Loyalists
927241,2019-03-09,715,5,12436.52,2,5,5,5,255,Can't Lose Them
927256,2018-10-17,858,1,70.13,2,1,1,1,211,About To Sleep
927628,2019-10-25,485,2,5036.88,3,3,4,4,334,Loyal Customers
927935,2019-10-04,506,2,7570.59,3,3,5,4,335,Loyal Customers
927986,2016-09-22,1613,1,66.0,1,1,1,1,111,Lost
928030,2019-05-16,647,1,5912.8,2,1,4,2,214,About To Sleep
928049,2020-06-03,263,3,5095.67,5,4,4,4,544,Loyal Customers
928518,2019-08-10,561,1,2729.72,3,1,3,2,313,Need Attention
929286,2020-09-10,164,2,451.11,5,3,1,2,531,Potential Loyalists
929301,2018-11-03,841,2,3222.77,2,3,3,3,233,At Risk
929466,2020-02-14,373,2,3372.5,4,3,3,3,433,Loyal Customers
929502,2020-04-30,297,3,2434.77,5,4,3,4,543,Loyal Customers
929598,2020-11-21,92,3,2902.85,5,4,3,4,543,Loyal Customers
929665,2020-02-13,374,1,33.0,4,1,1,1,411,New Customers
929820,2019-06-05,627,3,2943.86,2,4,3,4,243,At Risk
930053,2019-06-09,623,2,4927.91,2,3,4,4,234,At Risk
930304,2020-09-07,167,5,13548.05,5,5,5,5,555,Champions
930705,2020-07-14,222,10,16748.2,5,5,5,5,555,Champions
930763,2019-12-19,430,2,11997.0,4,3,5,4,435,Loyal Customers
930792,2019-12-21,428,5,11249.99,4,5,5,5,455,Champions
930820,2020-09-10,164,6,9041.16,5,5,5,5,555,Champions
931321,2020-01-06,412,2,3125.2799999999997,4,3,3,3,433,Loyal Customers
931433,2018-12-22,792,1,8.88,2,1,1,1,211,About To Sleep
931500,2020-03-05,353,1,1720.15,4,1,2,2,412,Potential Loyalists
931597,2021-01-23,29,2,3475.1400000000003,5,3,3,3,533,Potential Loyalists
931801,2016-06-02,1725,1,5316.6,1,1,4,2,114,Lost
931863,2018-11-24,820,1,223.04999999999998,2,1,1,1,211,About To Sleep
931892,2017-12-15,1164,1,1001.31,1,1,2,2,112,Lost
931900,2020-02-10,377,2,6799.93,4,3,4,4,434,Loyal Customers
931915,2021-02-09,12,1,121.65,5,1,1,1,511,New Customers
931956,2019-02-21,731,1,886.0,2,1,2,2,212,About To Sleep
932027,2020-04-29,298,1,4665.01,5,1,4,2,514,Potential Loyalists
932593,2020-01-03,415,1,875.9,4,1,2,2,412,Potential Loyalists
932629,2020-12-23,60,4,3532.45,5,5,3,4,553,Loyal Customers
932718,2020-02-14,373,1,960.53,4,1,2,2,412,Potential Loyalists
932748,2018-07-19,948,2,2060.39,1,3,2,2,132,Lost
933086,2017-11-25,1184,3,11824.84,1,4,5,4,145,Can't Lose Them
933344,2018-11-16,828,4,11536.77,2,5,5,5,255,Can't Lose Them
933569,2020-02-08,379,4,3470.46,4,5,3,4,453,Loyal Customers
933819,2018-12-19,795,1,301.0,2,1,1,1,211,About To Sleep
934172,2016-09-12,1623,1,27.96,1,1,1,1,111,Lost
934508,2018-01-31,1117,1,1951.0,1,1,2,2,112,Lost
934517,2020-02-23,364,3,1205.19,4,4,2,3,442,Loyal Customers
934744,2019-12-30,419,3,17985.75,4,4,5,4,445,Loyal Customers
934781,2016-01-12,1867,1,2066.99,1,1,2,2,112,Lost
935197,2020-07-18,218,2,10802.140000000001,5,3,5,4,535,Loyal Customers
935211,2021-01-23,29,3,4992.71,5,4,4,4,544,Loyal Customers
935232,2020-12-12,71,7,15177.35,5,5,5,5,555,Champions
935406,2017-09-02,1268,1,498.92999999999995,1,1,1,1,111,Lost
935754,2020-02-27,360,1,188.96,4,1,1,1,411,New Customers
936889,2020-05-21,276,2,984.0,5,3,2,2,532,Potential Loyalists
937006,2020-02-16,371,2,2656.45,4,3,3,3,433,Loyal Customers
937300,2019-06-27,605,2,221.89,3,3,1,2,331,Need Attention
937542,2016-07-13,1684,1,109.0,1,1,1,1,111,Lost
937795,2018-11-21,823,1,168.0,2,1,1,1,211,About To Sleep
937800,2018-11-17,827,1,4295.200000000001,2,1,4,2,214,About To Sleep
937947,2017-05-30,1363,1,4695.8,1,1,4,2,114,Lost
938069,2018-11-24,820,1,6567.98,2,1,4,2,214,About To Sleep
938219,2020-03-14,344,2,4254.56,5,3,4,4,534,Loyal Customers
938399,2020-02-16,371,3,799.16,4,4,1,2,441,Potential Loyalists
938461,2019-03-11,713,1,4810.76,2,1,4,2,214,About To Sleep
938615,2019-12-05,444,3,3031.95,3,4,3,4,343,Loyal Customers
938709,2019-05-07,656,3,8146.34,2,4,5,4,245,At Risk
938793,2019-12-07,442,1,259.99,3,1,1,1,311,Promising
938948,2020-06-03,263,3,8158.360000000001,5,4,5,4,545,Loyal Customers
938993,2019-08-07,564,4,3943.9,3,5,3,4,353,Loyal Customers
938994,2019-06-01,631,2,1916.8600000000001,2,3,2,2,232,About To Sleep
939181,2016-04-30,1758,1,398.97,1,1,1,1,111,Lost
939188,2018-12-22,792,1,654.0,2,1,1,1,211,About To Sleep
939443,2017-05-25,1368,1,119.0,1,1,1,1,111,Lost
939473,2019-09-14,526,1,521.91,3,1,1,1,311,Promising
939532,2017-10-26,1214,1,52.49,1,1,1,1,111,Lost
939738,2018-10-15,860,1,656.13,2,1,1,1,211,About To Sleep
939874,2018-12-19,795,1,1801.9500000000003,2,1,2,2,212,About To Sleep
939948,2021-02-02,19,9,16199.39,5,5,5,5,555,Champions
940026,2018-11-03,841,4,3797.85,2,5,3,4,253,At Risk
940049,2020-05-22,275,4,320.11,5,5,1,3,551,Potential Loyalists
940066,2020-05-20,277,4,3673.74,5,5,3,4,553,Loyal Customers
940086,2018-12-22,792,2,3499.8799999999997,2,3,3,3,233,At Risk
940096,2020-07-01,235,3,9394.29,5,4,5,4,545,Loyal Customers
940321,2020-12-24,59,2,8410.85,5,3,5,4,535,Loyal Customers
940688,2019-02-05,747,3,4252.98,2,4,4,4,244,At Risk
940846,2017-12-14,1165,2,10021.89,1,3,5,4,135,Can't Lose Them
941468,2019-07-27,575,2,1206.96,3,3,2,2,332,Need Attention
941706,2019-08-16,555,1,1699.95,3,1,2,2,312,Need Attention
941746,2016-02-06,1842,1,1149.8700000000001,1,1,2,2,112,Lost
941899,2020-11-28,85,2,1930.88,5,3,2,2,532,Potential Loyalists
942659,2020-02-26,361,3,12181.279999999999,4,4,5,4,445,Loyal Customers
942807,2019-02-16,736,4,8948.37,2,5,5,5,255,Can't Lose Them
943143,2018-12-13,801,1,2016.0,2,1,2,2,212,About To Sleep
943159,2018-05-10,1018,2,9883.2,1,3,5,4,135,Can't Lose Them
943160,2018-08-11,925,2,1413.46,1,3,2,2,132,Lost
943859,2016-05-02,1756,1,5915.7,1,1,4,2,114,Lost
943874,2018-12-07,807,1,1257.98,2,1,2,2,212,About To Sleep
943913,2018-11-25,819,1,1838.0,2,1,2,2,212,About To Sleep
944448,2016-02-24,1824,2,7800.6,1,3,5,4,135,Can't Lose Them
944687,2019-07-31,571,3,6191.96,3,4,4,4,344,Loyal Customers
945011,2017-01-28,1485,1,1922.07,1,1,2,2,112,Lost
945228,2019-12-20,429,3,2809.29,4,4,3,4,443,Loyal Customers
945655,2019-06-14,618,1,395.9,2,1,1,1,211,About To Sleep
945725,2020-04-30,297,3,5536.2,5,4,4,4,544,Loyal Customers
945833,2020-02-21,366,3,1505.85,4,4,2,3,442,Loyal Customers
945870,2019-11-10,469,6,17000.11,3,5,5,5,355,Loyal Customers
946719,2019-12-21,428,4,12635.79,4,5,5,5,455,Champions
946737,2019-08-03,568,6,3123.58,3,5,3,4,353,Loyal Customers
946857,2020-11-11,102,8,18094.780000000002,5,5,5,5,555,Champions
947510,2019-06-28,604,5,14525.61,3,5,5,5,355,Loyal Customers
947703,2021-01-13,39,2,5184.889999999999,5,3,4,4,534,Loyal Customers
947758,2021-02-19,2,5,4559.81,5,5,4,4,554,Loyal Customers
947842,2018-08-22,914,1,559.96,1,1,1,1,111,Lost
947963,2019-07-05,597,2,4002.0,3,3,3,3,333,Need Attention
948175,2020-06-11,255,4,7860.98,5,5,5,5,555,Champions
948305,2019-12-21,428,6,6487.34,4,5,4,4,454,Loyal Customers
948382,2017-01-07,1506,1,507.6,1,1,1,1,111,Lost
948656,2018-05-11,1017,1,1535.93,1,1,2,2,112,Lost
948795,2018-02-23,1094,2,108.98,1,3,1,2,131,Lost
948832,2019-11-06,473,2,1296.25,3,3,2,2,332,Need Attention
948844,2019-11-23,456,3,5722.45,3,4,4,4,344,Loyal Customers
949166,2020-03-13,345,3,5212.35,4,4,4,4,444,Loyal Customers
949448,2020-06-06,260,4,3971.49,5,5,3,4,553,Loyal Customers
949516,2020-02-18,369,4,4150.36,4,5,4,4,454,Loyal Customers
949774,2019-07-25,577,4,7000.85,3,5,4,4,354,Loyal Customers
950191,2019-08-22,549,4,25255.31,3,5,5,5,355,Loyal Customers
950664,2018-06-12,985,1,16.89,1,1,1,1,111,Lost
950698,2020-02-11,376,4,8645.689999999999,4,5,5,5,455,Champions
950923,2017-12-20,1159,2,3943.2799999999997,1,3,3,3,133,At Risk
951172,2019-05-23,640,1,848.97,2,1,1,1,211,About To Sleep
951318,2020-07-01,235,1,337.0,5,1,1,1,511,New Customers
951613,2018-08-28,908,2,710.1800000000001,1,3,1,2,131,Lost
951740,2020-06-13,253,5,12811.48,5,5,5,5,555,Champions
951987,2020-02-24,363,1,280.0,4,1,1,1,411,New Customers
952345,2016-03-02,1817,1,5699.93,1,1,4,2,114,Lost
952730,2016-09-17,1618,1,543.0,1,1,1,1,111,Lost
952747,2019-04-29,664,1,516.0,2,1,1,1,211,About To Sleep
953421,2017-12-30,1149,1,1021.88,1,1,2,2,112,Lost
953489,2019-11-15,464,2,9075.85,3,3,5,4,335,Loyal Customers
953759,2020-05-05,292,3,5337.79,5,4,4,4,544,Loyal Customers
953917,2019-12-05,444,4,4834.37,3,5,4,4,354,Loyal Customers
954536,2018-05-02,1026,1,310.0,1,1,1,1,111,Lost
954712,2018-09-05,900,3,6075.88,1,4,4,4,144,Can't Lose Them
954784,2020-01-02,416,3,5100.24,4,4,4,4,444,Loyal Customers
955336,2019-06-13,619,2,467.98,2,3,1,2,231,About To Sleep
955344,2020-02-05,382,6,11061.289999999999,4,5,5,5,455,Champions
956167,2018-02-18,1099,1,959.8000000000001,1,1,2,2,112,Lost
956262,2019-01-08,775,2,2293.5499999999997,2,3,3,3,233,At Risk
956441,2019-02-19,733,2,3917.0,2,3,3,3,233,At Risk
956493,2018-06-12,985,1,1998.0,1,1,2,2,112,Lost
956656,2017-05-18,1375,1,6815.7,1,1,4,2,114,Lost
956943,2019-05-04,659,2,5340.77,2,3,4,4,234,At Risk
957450,2020-03-14,344,1,5656.25,5,1,4,2,514,Potential Loyalists
957677,2020-02-17,370,1,1051.8,4,1,2,2,412,Potential Loyalists
957745,2019-07-08,594,3,2108.88,3,4,2,3,342,Need Attention
957765,2019-02-19,733,1,167.39999999999998,2,1,1,1,211,About To Sleep
957784,2018-11-03,841,2,6331.929999999999,2,3,4,4,234,At Risk
957843,2018-10-16,859,3,7056.849999999999,2,4,4,4,244,At Risk
957867,2019-11-28,451,4,6627.43,3,5,4,4,354,Loyal Customers
958193,2020-06-27,239,1,2530.18,5,1,3,2,513,Potential Loyalists
958207,2020-02-08,379,2,759.89,4,3,1,2,431,Potential Loyalists
958319,2018-07-14,953,1,2441.94,1,1,3,2,113,Lost
959017,2020-04-30,297,5,11217.09,5,5,5,5,555,Champions
959092,2018-10-17,858,1,2602.96,2,1,3,2,213,About To Sleep
959269,2017-05-20,1373,1,12402.96,1,1,5,3,115,At Risk
959331,2018-11-26,818,3,6400.15,2,4,4,4,244,At Risk
959700,2020-01-02,416,2,6537.74,4,3,4,4,434,Loyal Customers
959948,2019-11-23,456,2,2568.91,3,3,3,3,333,Need Attention
960551,2020-06-25,241,2,7923.91,5,3,5,4,535,Loyal Customers
960594,2017-06-07,1355,2,25733.91,1,3,5,4,135,Can't Lose Them
960606,2020-01-01,417,3,946.24,4,4,2,3,442,Loyal Customers
960742,2018-12-20,794,2,977.97,2,3,2,2,232,About To Sleep
961200,2020-02-26,361,4,20964.8,4,5,5,5,455,Champions
961452,2017-07-22,1310,1,1798.0,1,1,2,2,112,Lost
961647,2017-11-30,1179,1,4347.79,1,1,4,2,114,Lost
961650,2019-07-13,589,1,716.97,3,1,1,1,311,Promising
961728,2016-07-23,1674,1,4947.82,1,1,4,2,114,Lost
961770,2018-07-14,953,1,107.97,1,1,1,1,111,Lost
961833,2018-05-04,1024,1,1912.1799999999998,1,1,2,2,112,Lost
961894,2019-08-24,547,2,2196.39,3,3,3,3,333,Need Attention
961929,2020-06-18,248,5,12402.25,5,5,5,5,555,Champions
962009,2019-08-29,542,2,434.18,3,3,1,2,331,Need Attention
962079,2020-08-05,200,2,2178.11,5,3,3,3,533,Potential Loyalists
962434,2017-12-04,1175,1,380.70000000000005,1,1,1,1,111,Lost
962529,2021-02-20,1,5,11308.85,5,5,5,5,555,Champions
962533,2016-01-23,1856,1,2237.8,1,1,3,2,113,Lost
962575,2019-01-05,778,3,1252.15,2,4,2,3,242,At Risk
962587,2016-10-24,1581,1,559.0,1,1,1,1,111,Lost
963082,2017-01-18,1495,1,4180.96,1,1,4,2,114,Lost
963697,2019-10-24,486,2,2570.5299999999997,3,3,3,3,333,Need Attention
963780,2019-11-23,456,3,10212.64,3,4,5,4,345,Loyal Customers
963994,2019-09-24,516,2,1798.19,3,3,2,2,332,Need Attention
964064,2020-06-25,241,2,28.880000000000003,5,3,1,2,531,Potential Loyalists
964137,2019-12-25,424,1,534.0,4,1,1,1,411,New Customers
964158,2020-04-24,303,3,3339.3,5,4,3,4,543,Loyal Customers
964193,2019-07-31,571,1,308.95,3,1,1,1,311,Promising
964222,2019-12-30,419,3,3857.84,4,4,3,4,443,Loyal Customers
964578,2019-12-23,426,1,791.0,4,1,1,1,411,New Customers
964629,2020-07-17,219,1,562.98,5,1,1,1,511,New Customers
965133,2018-02-24,1093,1,552.0,1,1,1,1,111,Lost
965207,2019-07-17,585,4,13408.0,3,5,5,5,355,Loyal Customers
966218,2017-10-25,1215,1,694.8,1,1,1,1,111,Lost
966331,2019-10-11,499,1,675.97,3,1,1,1,311,Promising
966543,2019-11-21,458,2,18981.62,3,3,5,4,335,Loyal Customers
966659,2019-05-09,654,2,1251.26,2,3,2,2,232,About To Sleep
966867,2017-05-19,1374,1,251.93,1,1,1,1,111,Lost
967034,2016-08-27,1639,1,379.8,1,2,1,2,121,Lost
967098,2019-09-30,510,4,13068.800000000001,3,5,5,5,355,Loyal Customers
967557,2020-01-30,388,1,768.0,4,2,1,2,421,Potential Loyalists
967597,2020-02-29,358,2,67.43,4,3,1,2,431,Potential Loyalists
968226,2019-10-30,480,4,9952.53,3,5,5,5,355,Loyal Customers
968337,2020-02-08,379,2,4794.88,4,3,4,4,434,Loyal Customers
968344,2020-05-27,270,2,896.9,5,3,2,2,532,Potential Loyalists
968433,2018-06-11,986,2,5140.0,1,3,4,4,134,Can't Lose Them
968554,2019-03-08,716,2,4365.639999999999,2,3,4,4,234,At Risk
968940,2018-11-17,827,1,2458.9700000000003,2,2,3,2,223,About To Sleep
968993,2020-01-27,391,2,3639.58,4,3,3,3,433,Loyal Customers
969384,2018-01-12,1136,2,7755.71,1,3,5,4,135,Can't Lose Them
969463,2019-10-17,493,1,897.0,3,2,2,2,322,Need Attention
969490,2020-01-29,389,3,7100.629999999999,4,4,4,4,444,Loyal Customers
969679,2020-02-13,374,3,32476.97,4,4,5,4,445,Loyal Customers
969762,2019-01-26,757,2,1529.8300000000002,2,3,2,2,232,About To Sleep
969766,2020-02-24,363,2,2372.85,4,3,3,3,433,Loyal Customers
970157,2017-03-02,1452,1,8893.74,1,2,5,4,125,Can't Lose Them
970316,2019-03-13,711,1,414.0,2,2,1,2,221,About To Sleep
970480,2019-09-13,527,3,3027.57,3,4,3,4,343,Loyal Customers
971022,2019-05-25,638,1,16308.45,2,2,5,4,225,At Risk
971117,2019-10-23,487,2,127.92000000000002,3,3,1,2,331,Need Attention
971149,2017-10-28,1212,1,920.0,1,2,2,2,122,Lost
971338,2019-12-27,422,3,5793.98,4,4,4,4,444,Loyal Customers
971427,2020-08-28,177,3,2737.67,5,4,3,4,543,Loyal Customers
971666,2018-12-20,794,3,5041.7,2,4,4,4,244,At Risk
971716,2018-09-06,899,2,509.99,1,3,1,2,131,Lost
971822,2019-05-15,648,4,1606.5900000000001,2,5,2,4,252,At Risk
971870,2019-12-26,423,1,2127.0,4,2,2,2,422,Potential Loyalists
971878,2019-06-08,624,1,4548.91,2,2,4,3,224,At Risk
972062,2019-03-01,723,1,2502.0,2,2,3,2,223,About To Sleep
972627,2018-06-30,967,2,1795.95,1,3,2,2,132,Lost
972852,2019-02-22,730,2,10506.9,2,3,5,4,235,At Risk
973200,2019-03-11,713,2,3771.0,2,3,3,3,233,At Risk
973337,2018-01-04,1144,1,2259.41,1,2,3,2,123,Lost
973370,2021-02-15,6,2,2164.1,5,3,3,3,533,Potential Loyalists
973411,2018-07-18,949,3,7342.18,1,4,4,4,144,Can't Lose Them
973459,2019-06-29,603,3,3039.95,3,4,3,4,343,Loyal Customers
974581,2018-11-02,842,1,2157.99,2,2,2,2,222,About To Sleep
974784,2018-01-11,1137,1,899.6999999999999,1,2,2,2,122,Lost
975128,2018-12-11,803,1,134.95,2,2,1,2,221,About To Sleep
975403,2016-05-14,1744,1,1293.6200000000001,1,2,2,2,122,Lost
975465,2019-11-14,465,1,2019.48,3,2,2,2,322,Need Attention
975468,2020-02-17,370,2,1575.8200000000002,4,3,2,2,432,Potential Loyalists
975472,2016-06-02,1725,1,2553.0,1,2,3,2,123,Lost
975597,2020-02-29,358,1,5419.0,4,2,4,3,424,Loyal Customers
975739,2019-12-21,428,2,2194.66,4,3,3,3,433,Loyal Customers
975773,2020-02-11,376,5,5358.3,4,5,4,4,454,Loyal Customers
976098,2019-01-05,778,1,1164.0,2,2,2,2,222,About To Sleep
976172,2021-01-30,22,6,8388.45,5,5,5,5,555,Champions
976299,2016-04-29,1759,1,5499.95,1,2,4,3,124,At Risk
976556,2019-12-07,442,3,4326.21,3,4,4,4,344,Loyal Customers
977173,2019-09-17,523,1,1085.99,3,2,2,2,322,Need Attention
977967,2018-11-06,838,5,16605.47,2,5,5,5,255,Can't Lose Them
977989,2016-09-20,1615,1,991.23,1,2,2,2,122,Lost
978236,2019-11-14,465,3,8718.96,3,4,5,4,345,Loyal Customers
978496,2019-11-20,459,1,694.64,3,2,1,2,321,Need Attention
978532,2020-01-11,407,4,7493.05,4,5,4,4,454,Loyal Customers
978570,2016-05-25,1733,1,1535.99,1,2,2,2,122,Lost
978738,2020-02-19,368,1,805.3399999999999,4,2,1,2,421,Potential Loyalists
978847,2020-05-28,269,3,2109.4,5,4,2,3,542,Potential Loyalists
979053,2019-05-24,639,2,1516.5,2,3,2,2,232,About To Sleep
979160,2018-10-22,853,1,806.0,2,2,1,2,221,About To Sleep
979318,2017-11-18,1191,2,246.87,1,3,1,2,131,Lost
979403,2020-02-04,383,1,965.8499999999999,4,2,2,2,422,Potential Loyalists
979524,2020-05-28,269,2,3809.39,5,3,3,3,533,Potential Loyalists
979530,2020-02-20,367,6,12634.55,4,5,5,5,455,Champions
979954,2019-10-11,499,3,4294.93,3,4,4,4,344,Loyal Customers
980041,2019-12-31,418,2,5364.09,4,3,4,4,434,Loyal Customers
980080,2020-05-23,274,2,1917.99,5,3,2,2,532,Potential Loyalists
980164,2020-02-21,366,3,11243.54,4,4,5,4,445,Loyal Customers
980266,2019-05-09,654,3,4400.99,2,4,4,4,244,At Risk
980312,2021-01-08,44,2,2365.57,5,3,3,3,533,Potential Loyalists
980673,2020-09-25,149,1,1483.94,5,2,2,2,522,Potential Loyalists
980750,2019-12-21,428,1,999.96,4,2,2,2,422,Potential Loyalists
981031,2018-12-11,803,2,3187.79,2,3,3,3,233,At Risk
981306,2019-08-10,561,1,2816.2200000000003,3,2,3,2,323,Need Attention
981407,2019-07-26,576,4,3782.74,3,5,3,4,353,Loyal Customers
981735,2020-03-08,350,2,10714.33,4,3,5,4,435,Loyal Customers
982052,2020-09-04,170,7,17081.11,5,5,5,5,555,Champions
982498,2018-12-19,795,2,3137.65,2,3,3,3,233,At Risk
982645,2019-01-02,781,3,1863.8700000000001,2,4,2,3,242,At Risk
982850,2020-12-04,79,3,2887.34,5,4,3,4,543,Loyal Customers
982914,2021-01-13,39,2,615.78,5,3,1,2,531,Potential Loyalists
983092,2016-10-06,1599,1,525.6600000000001,1,2,1,2,121,Lost
983144,2019-06-04,628,2,5179.77,2,3,4,4,234,At Risk
983266,2019-06-07,625,1,748.0,2,2,1,2,221,About To Sleep
983422,2019-06-28,604,3,12243.57,3,4,5,4,345,Loyal Customers
983539,2020-12-23,60,5,5984.820000000001,5,5,4,4,554,Loyal Customers
983558,2016-06-22,1705,1,85.98,1,2,1,2,121,Lost
983816,2020-10-06,138,2,2192.96,5,3,3,3,533,Potential Loyalists
984040,2020-03-10,348,1,2457.0,4,2,3,2,423,Potential Loyalists
984471,2019-11-13,466,2,10375.88,3,3,5,4,335,Loyal Customers
985049,2021-02-10,11,1,5163.0,5,2,4,3,524,Potential Loyalists
985150,2020-01-06,412,2,2625.77,4,3,3,3,433,Loyal Customers
985427,2020-10-13,131,5,33285.58,5,5,5,5,555,Champions
986042,2018-10-23,852,3,5680.73,2,4,4,4,244,At Risk
986188,2017-10-04,1236,1,239.92999999999998,1,2,1,2,121,Lost
986569,2020-01-09,409,5,9627.88,4,5,5,5,455,Champions
986572,2017-12-28,1151,1,425.0,1,2,1,2,121,Lost
986809,2019-04-27,666,1,861.95,2,2,2,2,222,About To Sleep
987075,2019-10-08,502,1,616.95,3,2,1,2,321,Need Attention
987101,2018-12-26,788,1,279.98,2,2,1,2,221,About To Sleep
987208,2019-07-22,580,2,896.97,3,3,2,2,332,Need Attention
987484,2019-09-12,528,1,2986.7,3,2,3,2,323,Need Attention
987677,2019-10-31,479,2,3267.83,3,3,3,3,333,Need Attention
987795,2020-04-30,297,2,3116.98,5,3,3,3,533,Potential Loyalists
988194,2018-12-22,792,2,3369.97,2,3,3,3,233,At Risk
988477,2020-02-07,380,2,3207.36,4,3,3,3,433,Loyal Customers
988697,2020-12-14,69,5,13447.65,5,5,5,5,555,Champions
988841,2020-03-06,352,1,57.88,4,2,1,2,421,Potential Loyalists
989573,2020-02-18,369,1,17.99,4,2,1,2,421,Potential Loyalists
989682,2019-05-25,638,1,52.99,2,2,1,2,221,About To Sleep
990084,2020-05-13,284,1,68.69999999999999,5,2,1,2,521,Potential Loyalists
990399,2020-03-12,346,2,4747.84,4,3,4,4,434,Loyal Customers
990554,2018-12-27,787,5,7352.85,2,5,4,4,254,At Risk
991227,2016-06-08,1719,1,681.5,1,2,1,2,121,Lost
991685,2019-05-09,654,2,550.0,2,3,1,2,231,About To Sleep
991911,2018-02-21,1096,1,1592.0,1,2,2,2,122,Lost
991935,2018-11-12,832,1,7967.0,2,2,5,4,225,At Risk
991965,2019-02-12,740,1,1877.7,2,2,2,2,222,About To Sleep
992150,2020-11-28,85,4,3468.96,5,5,3,4,553,Loyal Customers
992253,2020-07-18,218,3,2120.47,5,4,2,3,542,Potential Loyalists
992604,2020-01-26,392,2,2991.9700000000003,4,3,3,3,433,Loyal Customers
992788,2019-05-11,652,2,1503.8700000000001,2,3,2,2,232,About To Sleep
992981,2020-01-28,390,2,9578.890000000001,4,3,5,4,435,Loyal Customers
993077,2020-01-22,396,2,3243.7,4,3,3,3,433,Loyal Customers
993480,2020-09-19,155,5,13770.25,5,5,5,5,555,Champions
993981,2018-05-19,1009,2,823.75,1,3,1,2,131,Lost
994139,2017-10-09,1231,1,1060.92,1,2,2,2,122,Lost
995164,2020-01-06,412,1,2078.9700000000003,4,2,2,2,422,Potential Loyalists
995272,2019-02-16,736,2,7796.84,2,3,5,4,235,At Risk
995286,2019-01-06,777,3,12736.64,2,4,5,4,245,At Risk
995332,2019-05-31,632,3,3410.57,2,4,3,4,243,At Risk
995897,2020-01-11,407,1,58.85,4,2,1,2,421,Potential Loyalists
996031,2020-04-29,298,4,3223.2000000000003,5,5,3,4,553,Loyal Customers
996494,2018-05-22,1006,1,5756.4,1,2,4,3,124,At Risk
996818,2016-12-30,1514,2,4075.5200000000004,1,3,3,3,133,At Risk
996932,2017-01-26,1487,2,5071.55,1,3,4,4,134,Can't Lose Them
997166,2016-09-21,1614,1,45.78,1,2,1,2,121,Lost
997175,2018-02-10,1107,1,7496.39,1,2,5,4,125,Can't Lose Them
997457,2020-08-11,194,3,6078.86,5,4,4,4,544,Loyal Customers
997675,2018-08-14,922,2,2597.8,1,3,3,3,133,At Risk
997846,2019-10-23,487,2,1990.75,3,3,2,2,332,Need Attention
997896,2020-02-22,365,1,3140.7000000000003,4,2,3,2,423,Potential Loyalists
997963,2016-12-08,1536,1,2093.62,1,2,2,2,122,Lost
998374,2020-08-11,194,6,11813.01,5,5,5,5,555,Champions
998957,2019-03-14,710,3,3015.19,2,4,3,4,243,At Risk
998966,2018-08-27,909,2,1694.92,1,3,2,2,132,Lost
999176,2019-02-15,737,2,2966.95,2,3,3,3,233,At Risk
999198,2020-12-01,82,4,7102.48,5,5,4,4,554,Loyal Customers
999254,2018-01-20,1128,1,236.98000000000002,1,2,1,2,121,Lost
999292,2019-06-13,619,4,3982.3100000000004,2,5,3,4,253,At Risk
999342,2016-05-09,1749,1,132.99,1,2,1,2,121,Lost
999350,2019-06-06,626,2,5026.98,2,3,4,4,234,At Risk
999485,2017-12-30,1149,1,266.72,1,2,1,2,121,Lost
999589,2020-07-13,223,1,3162.0,5,2,3,2,523,Potential Loyalists
999701,2019-02-14,738,1,1152.17,2,2,2,2,222,About To Sleep
999709,2016-06-13,1714,1,191.8,1,2,1,2,121,Lost
1000050,2020-02-22,365,2,1292.97,4,3,2,2,432,Potential Loyalists
1000168,2019-11-02,477,3,10160.86,3,4,5,4,345,Loyal Customers
1000242,2018-08-31,905,2,8010.96,1,3,5,4,135,Can't Lose Them
1000489,2018-12-24,790,2,3739.61,2,3,3,3,233,At Risk
1001199,2020-12-05,78,2,2078.78,5,3,2,2,532,Potential Loyalists
1001228,2016-01-23,1856,1,463.6,1,2,1,2,121,Lost
1001493,2017-07-11,1321,2,1131.82,1,3,2,2,132,Lost
1001523,2019-11-20,459,4,7465.48,3,5,4,4,354,Loyal Customers
1001525,2020-02-13,374,3,8796.46,4,4,5,4,445,Loyal Customers
1001626,2018-03-01,1088,1,836.2,1,2,1,2,121,Lost
1001649,2018-05-23,1005,1,1499.6999999999998,1,2,2,2,122,Lost
1001716,2019-08-08,563,2,1593.71,3,3,2,2,332,Need Attention
1001932,2019-10-02,508,2,2262.44,3,3,3,3,333,Need Attention
1002098,2020-06-27,239,3,3520.19,5,4,3,4,543,Loyal Customers
1002199,2021-01-19,33,5,8097.82,5,5,5,5,555,Champions
1002331,2019-08-14,557,2,2255.79,3,3,3,3,333,Need Attention
1002456,2019-01-26,757,1,238.64,2,2,1,2,221,About To Sleep
1002741,2019-08-29,542,3,9418.98,3,4,5,4,345,Loyal Customers
1002790,2019-05-14,649,3,7490.6,2,4,4,4,244,At Risk
1002933,2019-07-03,599,6,18799.67,3,5,5,5,355,Loyal Customers
1003048,2016-10-05,1600,2,8164.0,1,3,5,4,135,Can't Lose Them
1003056,2019-07-29,573,3,5338.43,3,4,4,4,344,Loyal Customers
1003107,2020-10-22,122,4,12296.81,5,5,5,5,555,Champions
1003586,2019-09-21,519,1,568.97,3,2,1,2,321,Need Attention
1003599,2019-09-07,533,3,9765.16,3,4,5,4,345,Loyal Customers
1003708,2019-05-03,660,2,4759.87,2,3,4,4,234,At Risk
1003723,2019-07-19,583,1,999.97,3,2,2,2,322,Need Attention
1003748,2019-06-22,610,4,7001.400000000001,2,5,4,4,254,At Risk
1003788,2016-02-25,1823,1,4383.76,1,2,4,3,124,At Risk
1003979,2019-05-27,636,1,818.53,2,2,1,2,221,About To Sleep
1004261,2020-02-08,379,1,3277.0,4,2,3,2,423,Potential Loyalists
1004286,2019-01-16,767,1,819.9200000000001,2,2,1,2,221,About To Sleep
1004567,2018-06-25,972,2,4762.15,1,3,4,4,134,Can't Lose Them
1005095,2019-11-30,449,1,6309.96,3,2,4,3,324,Need Attention
1005343,2016-07-14,1683,1,449.85,1,2,1,2,121,Lost
1005556,2020-09-02,172,1,4.99,5,2,1,2,521,Potential Loyalists
1005880,2018-02-24,1093,1,1651.29,1,2,2,2,122,Lost
1006036,2019-01-05,778,1,99.0,2,2,1,2,221,About To Sleep
1006080,2020-02-10,377,2,1290.5,4,3,2,2,432,Potential Loyalists
1006350,2020-06-06,260,1,149.95,5,2,1,2,521,Potential Loyalists
1006445,2019-03-05,719,3,2918.44,2,4,3,4,243,At Risk
1006971,2018-12-26,788,1,4.99,2,2,1,2,221,About To Sleep
1007026,2019-12-20,429,3,5777.2,4,4,4,4,444,Loyal Customers
1007043,2019-01-09,774,2,85.99,2,3,1,2,231,About To Sleep
1007733,2019-09-14,526,3,7569.32,3,4,5,4,345,Loyal Customers
1008370,2019-06-22,610,1,319.98,2,2,1,2,221,About To Sleep
1008873,2018-10-31,844,3,5095.35,2,4,4,4,244,At Risk
1008885,2019-08-12,559,2,11283.95,3,3,5,4,335,Loyal Customers
1009587,2019-06-18,614,4,8710.65,2,5,5,5,255,Can't Lose Them
1009701,2019-10-04,506,2,1656.92,3,3,2,2,332,Need Attention
1009854,2017-11-29,1180,1,243.3,1,2,1,2,121,Lost
1010025,2019-12-20,429,3,10878.789999999999,4,4,5,4,445,Loyal Customers
1010049,2019-09-12,528,3,3230.8,3,4,3,4,343,Loyal Customers
1010094,2017-11-03,1206,1,3293.89,1,2,3,2,123,Lost
1010181,2019-10-15,495,1,1032.0,3,2,2,2,322,Need Attention
1010245,2020-02-11,376,5,27384.73,4,5,5,5,455,Champions
1010453,2019-03-01,723,2,1312.04,2,3,2,2,232,About To Sleep
1010612,2016-12-17,1527,1,4110.92,1,2,4,3,124,At Risk
1010693,2019-05-15,648,2,2258.67,2,3,3,3,233,At Risk
1011043,2018-07-07,960,2,2984.85,1,3,3,3,133,At Risk
1011206,2019-05-30,633,4,5977.2,2,5,4,4,254,At Risk
1011273,2020-03-10,348,2,4130.74,4,3,4,4,434,Loyal Customers
1011435,2018-01-17,1131,1,179.13,1,2,1,2,121,Lost
1011540,2018-12-25,789,4,3922.4300000000003,2,5,3,4,253,At Risk
1011560,2020-01-18,400,3,3419.92,4,4,3,4,443,Loyal Customers
1011663,2019-01-29,754,5,15708.29,2,5,5,5,255,Can't Lose Them
1012052,2020-09-04,170,5,15768.669999999998,5,5,5,5,555,Champions
1012121,2019-10-23,487,1,3563.69,3,2,3,2,323,Need Attention
1012250,2020-02-18,369,1,1914.75,4,2,2,2,422,Potential Loyalists
1012373,2019-12-09,440,4,11642.27,3,5,5,5,355,Loyal Customers
1012443,2019-10-26,484,3,10380.64,3,4,5,4,345,Loyal Customers
1012564,2018-12-25,789,2,3328.75,2,3,3,3,233,At Risk
1012662,2019-01-05,778,1,679.0,2,2,1,2,221,About To Sleep
1012961,2020-05-19,278,1,2978.7,5,2,3,2,523,Potential Loyalists
1013016,2016-09-07,1628,1,2562.71,1,2,3,2,123,Lost
1013019,2020-01-02,416,2,18515.949999999997,4,3,5,4,435,Loyal Customers
1013122,2016-06-09,1718,1,853.91,1,2,2,2,122,Lost
1013139,2019-06-17,615,4,4590.39,2,5,4,4,254,At Risk
1013255,2020-12-28,55,2,3112.08,5,3,3,3,533,Potential Loyalists
1013313,2020-02-15,372,4,4445.85,4,5,4,4,454,Loyal Customers
1013352,2019-03-16,708,1,1351.97,2,2,2,2,222,About To Sleep
1013844,2016-03-12,1807,1,509.98,1,2,1,2,121,Lost
1014097,2020-05-07,290,2,3012.0,5,3,3,3,533,Potential Loyalists
1014258,2020-02-20,367,3,6169.509999999999,4,4,4,4,444,Loyal Customers
1014955,2019-10-28,482,1,885.6299999999999,3,2,2,2,322,Need Attention
1014981,2019-02-26,726,2,3744.4700000000003,2,3,3,3,233,At Risk
1015203,2017-08-16,1285,1,965.6300000000001,1,2,2,2,122,Lost
1015885,2016-12-17,1527,2,4164.04,1,3,4,4,134,Can't Lose Them
1015982,2018-09-08,897,1,3512.2400000000002,1,2,3,2,123,Lost
1016078,2020-02-14,373,6,12097.24,4,5,5,5,455,Champions
1016110,2019-05-27,636,5,15264.68,2,5,5,5,255,Can't Lose Them
1016260,2019-11-28,451,3,4096.96,3,4,4,4,344,Loyal Customers
1017018,2019-08-26,545,3,2823.4,3,4,3,4,343,Loyal Customers
1017065,2017-07-06,1326,1,878.1600000000001,1,2,2,2,122,Lost
1017199,2019-02-28,724,3,4756.71,2,4,4,4,244,At Risk
1017264,2019-10-21,489,3,1923.0,3,4,2,3,342,Need Attention
1018176,2019-11-14,465,4,2276.7200000000003,3,5,3,4,353,Loyal Customers
1018188,2019-03-09,715,1,8624.32,2,2,5,4,225,At Risk
1018779,2019-09-18,522,5,7310.48,3,5,4,4,354,Loyal Customers
1018850,2020-01-21,397,4,3438.15,4,5,3,4,453,Loyal Customers
1019261,2018-08-11,925,1,1299.98,1,2,2,2,122,Lost
1019290,2019-05-31,632,1,200.0,2,2,1,2,221,About To Sleep
1019297,2016-05-11,1747,1,2940.0,1,2,3,2,123,Lost
1019827,2020-11-18,95,1,607.35,5,2,1,2,521,Potential Loyalists
1019936,2019-08-10,561,1,2044.59,3,2,2,2,322,Need Attention
1019974,2018-05-24,1004,3,2973.75,1,4,3,4,143,Can't Lose Them
1019996,2019-02-23,729,3,1479.69,2,4,2,3,242,At Risk
1020103,2021-02-17,4,2,882.93,5,3,2,2,532,Potential Loyalists
1020331,2020-05-06,291,1,2191.5,5,2,3,2,523,Potential Loyalists
1020536,2020-06-24,242,3,1259.47,5,4,2,3,542,Potential Loyalists
1020703,2018-06-21,976,2,10971.0,1,3,5,4,135,Can't Lose Them
1020918,2018-11-07,837,2,8104.05,2,3,5,4,235,At Risk
1021118,2019-01-02,781,1,2844.91,2,2,3,2,223,About To Sleep
1021470,2017-09-13,1257,1,2585.11,1,2,3,2,123,Lost
1021494,2020-01-01,417,3,3148.95,4,4,3,4,443,Loyal Customers
1021645,2018-06-01,996,1,1515.95,1,2,2,2,122,Lost
1021656,2020-01-25,393,2,2215.5,4,3,3,3,433,Loyal Customers
1021674,2020-02-21,366,2,3491.3599999999997,4,3,3,3,433,Loyal Customers
1021727,2019-02-22,730,2,2657.38,2,3,3,3,233,At Risk
1022058,2020-01-30,388,2,7136.5,4,3,4,4,434,Loyal Customers
1022320,2020-01-17,401,5,1913.01,4,5,2,4,452,Loyal Customers
1022328,2019-12-27,422,5,13256.630000000001,4,5,5,5,455,Champions
1022337,2019-12-30,419,2,3058.87,4,3,3,3,433,Loyal Customers
1022388,2019-11-11,468,4,17901.6,3,5,5,5,355,Loyal Customers
1022606,2018-11-03,841,1,12905.32,2,2,5,4,225,At Risk
1022792,2018-07-12,955,1,5965.47,1,2,4,3,124,At Risk
1022794,2019-05-18,645,3,6359.88,2,4,4,4,244,At Risk
1022895,2016-01-19,1860,1,231.52,1,2,1,2,121,Lost
1022980,2020-07-20,216,4,4629.49,5,5,4,4,554,Loyal Customers
1023110,2019-06-15,617,1,52.77,2,2,1,2,221,About To Sleep
1023381,2021-01-01,51,3,7667.05,5,4,5,4,545,Loyal Customers
1023777,2018-06-23,974,1,4128.0,1,2,4,3,124,At Risk
1023840,2020-06-06,260,2,2301.4300000000003,5,3,3,3,533,Potential Loyalists
1024431,2019-10-05,505,1,1519.63,3,2,2,2,322,Need Attention
1024830,2020-09-02,172,4,8007.8,5,5,5,5,555,Champions
1024923,2020-01-22,396,3,5321.98,4,4,4,4,444,Loyal Customers
1025012,2018-12-11,803,2,1508.0,2,3,2,2,232,About To Sleep
1025021,2017-12-16,1163,2,4143.73,1,3,4,4,134,Can't Lose Them
1025107,2020-07-20,216,3,2024.54,5,4,2,3,542,Potential Loyalists
1025108,2020-02-27,360,2,2927.25,4,3,3,3,433,Loyal Customers
1025223,2020-12-15,68,3,9970.77,5,4,5,4,545,Loyal Customers
1025279,2019-11-29,450,2,4346.46,3,3,4,4,334,Loyal Customers
1025562,2020-01-27,391,3,2233.89,4,4,3,4,443,Loyal Customers
1025892,2019-02-23,729,1,1123.98,2,2,2,2,222,About To Sleep
1025909,2019-11-04,475,3,7227.99,3,4,4,4,344,Loyal Customers
1026021,2020-02-11,376,3,1176.42,4,4,2,3,442,Loyal Customers
1026824,2018-12-08,806,1,1599.92,2,2,2,2,222,About To Sleep
1026914,2021-01-08,44,3,1495.72,5,4,2,3,542,Potential Loyalists
1027402,2020-06-01,265,2,1362.06,5,3,2,2,532,Potential Loyalists
1027529,2019-08-09,562,1,1869.6599999999999,3,2,2,2,322,Need Attention
1027565,2019-09-14,526,1,3769.0,3,2,3,2,323,Need Attention
1027720,2018-12-29,785,2,2934.5,2,3,3,3,233,At Risk
1027802,2020-01-17,401,3,7444.93,4,4,4,4,444,Loyal Customers
1027901,2016-07-02,1695,1,1458.99,1,2,2,2,122,Lost
1028420,2020-09-18,156,4,13316.4,5,5,5,5,555,Champions
1028704,2019-07-09,593,3,6581.97,3,4,4,4,344,Loyal Customers
1029138,2020-10-30,114,1,5358.0,5,2,4,3,524,Potential Loyalists
1029182,2017-11-18,1191,1,9739.93,1,2,5,4,125,Can't Lose Them
1029492,2018-09-29,876,2,6501.97,2,3,4,4,234,At Risk
1029513,2017-08-11,1290,1,109.0,1,2,1,2,121,Lost
1029578,2018-07-07,960,1,2264.07,1,2,3,2,123,Lost
1029757,2019-11-15,464,2,793.79,3,3,1,2,331,Need Attention
1029828,2019-03-04,720,1,2998.0,2,2,3,2,223,About To Sleep
1029868,2020-05-08,289,2,10016.92,5,3,5,4,535,Loyal Customers
1030143,2019-08-15,556,2,5523.89,3,3,4,4,334,Loyal Customers
1031047,2020-01-29,389,2,7874.61,4,3,5,4,435,Loyal Customers
1031068,2019-10-03,507,6,11562.68,3,5,5,5,355,Loyal Customers
1031203,2020-05-25,272,2,3519.9700000000003,5,3,3,3,533,Potential Loyalists
1031361,2019-09-12,528,4,8486.19,3,5,5,5,355,Loyal Customers
1031377,2019-08-31,540,2,1229.96,3,3,2,2,332,Need Attention
1031529,2016-08-06,1660,1,338.0,1,2,1,2,121,Lost
1031544,2019-11-23,456,3,4610.78,3,4,4,4,344,Loyal Customers
1031814,2018-06-02,995,2,1321.96,1,3,2,2,132,Lost
1032154,2019-09-21,519,2,2783.88,3,3,3,3,333,Need Attention
1032522,2019-01-02,781,2,638.59,2,3,1,2,231,About To Sleep
1032990,2019-02-22,730,2,956.56,2,3,2,2,232,About To Sleep
1033227,2018-10-29,846,2,2138.0,2,3,2,2,232,About To Sleep
1033579,2019-07-23,579,2,4323.82,3,3,4,4,334,Loyal Customers
1034273,2019-12-27,422,2,16071.0,4,3,5,4,435,Loyal Customers
1034311,2019-02-13,739,3,3760.96,2,4,3,4,243,At Risk
1034766,2019-09-27,513,2,3016.64,3,3,3,3,333,Need Attention
1035342,2019-05-02,661,2,5407.91,2,3,4,4,234,At Risk
1035789,2019-10-12,498,6,5638.49,3,5,4,4,354,Loyal Customers
1036010,2018-01-23,1125,1,325.8,1,2,1,2,121,Lost
1036041,2020-01-04,414,1,9450.9,4,2,5,4,425,Loyal Customers
1036042,2020-02-12,375,1,707.1,4,2,1,2,421,Potential Loyalists
1036282,2018-12-26,788,1,697.23,2,2,1,2,221,About To Sleep
1036471,2019-06-29,603,1,29.97,3,2,1,2,321,Need Attention
1036675,2018-06-27,970,3,2857.9700000000003,1,4,3,4,143,Can't Lose Them
1036716,2020-01-04,414,1,1740.99,4,2,2,2,422,Potential Loyalists
1036840,2019-07-11,591,1,1147.46,3,2,2,2,322,Need Attention
1036884,2018-07-18,949,1,4065.94,1,2,3,2,123,Lost
1036986,2019-12-30,419,2,7997.6900000000005,4,3,5,4,435,Loyal Customers
1037200,2020-09-23,151,1,997.0,5,2,2,2,522,Potential Loyalists
1037234,2019-08-17,554,1,4751.71,3,2,4,3,324,Need Attention
1037348,2019-12-20,429,3,3532.29,4,4,3,4,443,Loyal Customers
1037400,2020-02-20,367,4,3484.25,4,5,3,4,453,Loyal Customers
1037661,2018-07-07,960,2,335.61,1,3,1,2,131,Lost
1037873,2018-11-08,836,1,1107.0,2,2,2,2,222,About To Sleep
1038082,2020-05-02,295,3,1056.5,5,4,2,3,542,Potential Loyalists
1038132,2017-12-21,1158,1,1548.97,1,2,2,2,122,Lost
1038441,2019-08-22,549,2,1957.22,3,3,2,2,332,Need Attention
1039042,2017-11-28,1181,1,5908.88,1,2,4,3,124,At Risk
1039050,2020-02-24,363,8,13042.74,4,5,5,5,455,Champions
1039125,2019-06-22,610,1,950.0,2,2,2,2,222,About To Sleep
1039440,2021-01-14,38,2,1643.97,5,3,2,2,532,Potential Loyalists
1039709,2020-05-06,291,1,1125.93,5,2,2,2,522,Potential Loyalists
1039919,2020-01-30,388,3,233.52,4,4,1,2,441,Potential Loyalists
1040205,2020-02-29,358,5,3626.07,4,5,3,4,453,Loyal Customers
1040233,2018-12-08,806,1,833.94,2,2,1,2,221,About To Sleep
1040264,2018-11-10,834,1,270.72,2,2,1,2,221,About To Sleep
1040649,2016-12-10,1534,1,3495.5,1,2,3,2,123,Lost
1040797,2020-02-17,370,4,1312.24,4,5,2,4,452,Loyal Customers
1040916,2021-01-06,46,2,7848.91,5,3,5,4,535,Loyal Customers
1041005,2020-07-10,226,1,1509.79,5,2,2,2,522,Potential Loyalists
1041067,2019-07-06,596,4,11010.960000000001,3,5,5,5,355,Loyal Customers
1041126,2019-11-13,466,2,1719.97,3,3,2,2,332,Need Attention
1041399,2016-12-22,1522,1,469.97,1,2,1,2,121,Lost
1041465,2019-10-23,487,4,4505.97,3,5,4,4,354,Loyal Customers
1041466,2016-01-06,1873,1,3958.4700000000003,1,2,3,2,123,Lost
1041541,2017-02-23,1459,1,589.96,1,2,1,2,121,Lost
1041566,2019-12-02,447,2,3358.9700000000003,3,3,3,3,333,Need Attention
1041698,2020-12-31,52,4,17236.15,5,5,5,5,555,Champions
1041700,2019-11-09,470,2,3608.2799999999997,3,3,3,3,333,Need Attention
1041703,2020-01-01,417,3,1771.99,4,4,2,3,442,Loyal Customers
1041871,2020-05-06,291,4,898.27,5,5,2,4,552,Loyal Customers
1042263,2019-10-05,505,2,3985.92,3,3,3,3,333,Need Attention
1042267,2020-12-30,53,6,5150.79,5,5,4,4,554,Loyal Customers
1042301,2020-03-06,352,4,4736.68,4,5,4,4,454,Loyal Customers
1042711,2016-12-27,1517,1,495.0,1,2,1,2,121,Lost
1042883,2016-06-20,1707,2,6293.62,1,3,4,4,134,Can't Lose Them
1042966,2016-01-07,1872,1,79.98,1,2,1,2,121,Lost
1043236,2019-11-23,456,1,699.0,3,2,1,2,321,Need Attention
1043602,2018-06-13,984,1,10382.9,1,2,5,4,125,Can't Lose Them
1043805,2017-09-13,1257,1,2634.08,1,2,3,2,123,Lost
1043840,2019-07-24,578,1,6913.3,3,2,4,3,324,Need Attention
1043858,2018-09-29,876,1,2539.54,2,2,3,2,223,About To Sleep
1044258,2017-08-30,1271,1,5.39,1,2,1,2,121,Lost
1044742,2020-02-01,386,3,1847.8400000000001,4,4,2,3,442,Loyal Customers
1044749,2020-09-18,156,1,3054.04,5,2,3,2,523,Potential Loyalists
1044798,2017-10-11,1229,2,3780.96,1,3,3,3,133,At Risk
1044827,2020-05-20,277,3,1633.69,5,4,2,3,542,Potential Loyalists
1044833,2016-07-12,1685,1,5494.93,1,2,4,3,124,At Risk
1044988,2017-06-23,1339,1,1016.96,1,2,2,2,122,Lost
1045314,2020-05-06,291,1,573.98,5,2,1,2,521,Potential Loyalists
1045339,2018-10-31,844,1,11835.65,2,2,5,4,225,At Risk
1045636,2016-06-13,1714,1,5442.95,1,2,4,3,124,At Risk
1045729,2018-06-20,977,3,804.0,1,4,1,2,141,Lost
1046044,2019-08-23,548,3,12501.69,3,4,5,4,345,Loyal Customers
1046652,2019-09-10,530,2,2481.5,3,3,3,3,333,Need Attention
1046802,2019-02-01,751,1,3249.6000000000004,2,2,3,2,223,About To Sleep
1047050,2019-02-02,750,2,6707.07,2,3,4,4,234,At Risk
1047191,2019-01-30,753,1,2669.7799999999997,2,2,3,2,223,About To Sleep
1047746,2019-03-06,718,3,1563.48,2,4,2,3,242,At Risk
1047846,2020-01-17,401,2,2218.84,4,3,3,3,433,Loyal Customers
1047910,2019-08-31,540,2,489.0,3,3,1,2,331,Need Attention
1048581,2021-01-07,45,2,659.8,5,3,1,2,531,Potential Loyalists
1048733,2018-10-10,865,1,4078.09,2,2,4,3,224,At Risk
1049326,2019-12-28,421,2,2543.83,4,3,3,3,433,Loyal Customers
1049490,2020-01-04,414,4,6618.71,4,5,4,4,454,Loyal Customers
1049578,2020-06-24,242,3,2385.73,5,4,3,4,543,Loyal Customers
1049670,2020-06-03,263,2,2204.0,5,3,3,3,533,Potential Loyalists
1049709,2020-02-22,365,4,2715.06,4,5,3,4,453,Loyal Customers
1049772,2020-08-22,183,2,4059.86,5,3,3,3,533,Potential Loyalists
1049861,2020-01-04,414,8,34141.79,4,5,5,5,455,Champions
1049894,2019-11-23,456,2,8184.95,3,3,5,4,335,Loyal Customers
1049904,2020-09-14,160,3,3122.69,5,4,3,4,543,Loyal Customers
1050006,2018-12-29,785,2,12502.47,2,3,5,4,235,At Risk
1050429,2020-01-05,413,2,6027.72,4,3,4,4,434,Loyal Customers
1050975,2019-11-13,466,4,6185.58,3,5,4,4,354,Loyal Customers
1051244,2019-11-30,449,3,1205.6799999999998,3,4,2,3,342,Need Attention
1051282,2019-06-26,606,1,7706.42,3,2,5,4,325,Loyal Customers
1051710,2020-02-05,382,3,5325.8099999999995,4,4,4,4,444,Loyal Customers
1051777,2020-09-23,151,2,307.86,5,3,1,2,531,Potential Loyalists
1052015,2018-12-12,802,1,1607.03,2,2,2,2,222,About To Sleep
1052170,2017-01-21,1492,1,897.0,1,2,2,2,122,Lost
1052486,2017-11-29,1180,2,6627.01,1,3,4,4,134,Can't Lose Them
1052614,2019-06-29,603,1,257.5,3,2,1,2,321,Need Attention
1052960,2019-03-09,715,2,478.95,2,3,1,2,231,About To Sleep
1052970,2020-03-07,351,2,6605.0599999999995,4,3,4,4,434,Loyal Customers
1053100,2020-06-27,239,3,1753.8500000000001,5,4,2,3,542,Potential Loyalists
1053209,2019-06-19,613,5,9717.17,2,5,5,5,255,Can't Lose Them
1053333,2018-07-18,949,1,457.99,1,2,1,2,121,Lost
1053393,2020-05-02,295,2,4226.860000000001,5,3,4,4,534,Loyal Customers
1053634,2021-01-22,30,2,2800.0,5,3,3,3,533,Potential Loyalists
1053706,2020-02-13,374,3,22264.41,4,4,5,4,445,Loyal Customers
1053754,2019-06-21,611,3,4944.6900000000005,2,4,4,4,244,At Risk
1053987,2018-11-10,834,1,2926.56,2,2,3,2,223,About To Sleep
1054404,2020-02-26,361,2,11065.0,4,3,5,4,435,Loyal Customers
1054507,2020-02-27,360,1,19.98,4,2,1,2,421,Potential Loyalists
1054612,2020-06-17,249,2,1291.52,5,3,2,2,532,Potential Loyalists
1054649,2019-05-30,633,2,3406.52,2,3,3,3,233,At Risk
1054655,2019-02-21,731,2,7560.85,2,3,5,4,235,At Risk
1054835,2018-06-02,995,1,4974.86,1,2,4,3,124,At Risk
1054956,2020-01-04,414,1,884.74,4,2,2,2,422,Potential Loyalists
1055437,2016-06-28,1699,1,1499.95,1,2,2,2,122,Lost
1055671,2017-12-28,1151,3,2163.52,1,4,3,4,143,Can't Lose Them
1055766,2019-04-27,666,1,206.14999999999998,2,2,1,2,221,About To Sleep
1055801,2020-03-14,344,1,778.91,5,2,1,2,521,Potential Loyalists
1055880,2020-03-06,352,2,2385.91,4,3,3,3,433,Loyal Customers
1056003,2020-02-14,373,2,2355.1800000000003,4,3,3,3,433,Loyal Customers
1056183,2016-03-10,1809,1,1664.2,1,2,2,2,122,Lost
1056363,2019-02-19,733,2,1528.49,2,3,2,2,232,About To Sleep
1056452,2018-02-15,1102,1,3456.1099999999997,1,2,3,2,123,Lost
1056761,2019-02-23,729,2,4428.72,2,3,4,4,234,At Risk
1057055,2019-11-01,478,8,16434.56,3,5,5,5,355,Loyal Customers
1057151,2020-03-03,355,3,926.47,4,4,2,3,442,Loyal Customers
1057356,2020-06-27,239,4,6642.75,5,5,4,4,554,Loyal Customers
1057875,2019-07-01,601,4,4546.88,3,5,4,4,354,Loyal Customers
1058030,2019-11-27,452,3,14163.11,3,4,5,4,345,Loyal Customers
1058061,2019-02-07,745,1,63.3,2,2,1,2,221,About To Sleep
1058093,2019-03-01,723,1,284.5,2,2,1,2,221,About To Sleep
1058138,2020-12-14,69,3,6069.37,5,4,4,4,544,Loyal Customers
1058292,2017-02-27,1455,2,546.74,1,3,1,2,131,Lost
1058513,2021-01-06,46,2,1548.3400000000001,5,3,2,2,532,Potential Loyalists
1058678,2019-12-06,443,2,1439.6999999999998,3,3,2,2,332,Need Attention
1058772,2019-02-04,748,2,4810.54,2,3,4,4,234,At Risk
1058787,2019-12-13,436,2,3824.8199999999997,3,3,3,3,333,Need Attention
1058914,2018-09-20,885,1,835.8,1,2,1,2,121,Lost
1059222,2020-10-07,137,3,3615.39,5,4,3,4,543,Loyal Customers
1059468,2020-01-10,408,2,2161.7599999999998,4,3,3,3,433,Loyal Customers
1059705,2019-09-05,535,1,2600.99,3,2,3,2,323,Need Attention
1059733,2019-05-25,638,2,2099.1,2,3,2,2,232,About To Sleep
1059971,2020-07-02,234,1,6250.92,5,2,4,3,524,Potential Loyalists
1060009,2020-03-14,344,3,18352.2,5,4,5,4,545,Loyal Customers
1060173,2020-05-14,283,4,11461.06,5,5,5,5,555,Champions
1060308,2019-07-05,597,2,4654.889999999999,3,3,4,4,334,Loyal Customers
1060423,2021-02-20,1,7,14823.08,5,5,5,5,555,Champions
1060472,2020-12-31,52,2,1743.96,5,3,2,2,532,Potential Loyalists
1060589,2016-06-09,1718,1,5804.87,1,2,4,3,124,At Risk
1060647,2019-11-09,470,1,996.97,3,2,2,2,322,Need Attention
1061782,2020-06-18,248,1,753.0,5,2,1,2,521,Potential Loyalists
1061855,2017-09-21,1249,1,152.88,1,2,1,2,121,Lost
1062069,2019-03-02,722,2,488.92,2,3,1,2,231,About To Sleep
1062180,2021-01-07,45,3,13497.66,5,4,5,4,545,Loyal Customers
1062380,2017-10-20,1220,1,1314.0,1,2,2,2,122,Lost
1062632,2019-06-19,613,4,3683.59,2,5,3,4,253,At Risk
1062944,2019-01-11,772,3,8137.67,2,4,5,4,245,At Risk
1063458,2016-09-02,1633,1,2502.0,1,2,3,2,123,Lost
1063572,2019-05-04,659,1,1748.8899999999999,2,2,2,2,222,About To Sleep
1063700,2020-12-21,62,3,13970.28,5,4,5,4,545,Loyal Customers
1064279,2019-12-26,423,2,1304.76,4,3,2,2,432,Potential Loyalists
1064325,2020-06-03,263,3,6188.73,5,4,4,4,544,Loyal Customers
1064519,2019-01-25,758,2,149.86,2,3,1,2,231,About To Sleep
1064597,2019-03-06,718,6,14787.82,2,5,5,5,255,Can't Lose Them
1064658,2019-10-26,484,2,614.0,3,3,1,2,331,Need Attention
1064976,2020-03-06,352,1,284.4,4,2,1,2,421,Potential Loyalists
1064999,2018-12-06,808,1,1110.0900000000001,2,2,2,2,222,About To Sleep
1065004,2020-04-23,304,6,7294.9800000000005,5,5,4,4,554,Loyal Customers
1065072,2020-10-01,143,2,4893.68,5,3,4,4,534,Loyal Customers
1065496,2018-07-23,944,1,257.5,1,2,1,2,121,Lost
1065501,2020-01-04,414,3,12470.34,4,4,5,4,445,Loyal Customers
1065574,2017-02-13,1469,1,579.98,1,2,1,2,121,Lost
1065583,2019-11-11,468,2,10317.23,3,3,5,4,335,Loyal Customers
1065839,2019-05-28,635,1,3636.0,2,2,3,2,223,About To Sleep
1066452,2019-12-19,430,4,14231.98,4,5,5,5,455,Champions
1066472,2020-01-09,409,2,1098.0,4,3,2,2,432,Potential Loyalists
1066623,2019-10-26,484,2,7621.82,3,3,5,4,335,Loyal Customers
1067256,2019-06-24,608,1,5.5,2,2,1,2,221,About To Sleep
1067403,2019-09-06,534,1,25.5,3,2,1,2,321,Need Attention
1067528,2018-12-25,789,1,3872.9700000000003,2,2,3,2,223,About To Sleep
1067598,2020-01-01,417,2,8821.8,4,3,5,4,435,Loyal Customers
1067702,2020-11-20,93,7,7474.26,5,5,4,4,554,Loyal Customers
1068220,2019-01-04,779,3,4213.93,2,4,4,4,244,At Risk
1068351,2019-08-16,555,1,129.0,3,2,1,2,321,Need Attention
1068402,2016-02-25,1823,1,5316.2,1,2,4,3,124,At Risk
1068419,2017-05-17,1376,1,143.92,1,2,1,2,121,Lost
1068431,2016-08-12,1654,1,437.99,1,2,1,2,121,Lost
1068524,2019-11-05,474,1,401.89,3,2,1,2,321,Need Attention
1069041,2020-02-03,384,2,6647.64,4,3,4,4,434,Loyal Customers
1069141,2020-10-15,129,1,53.99,5,2,1,2,521,Potential Loyalists
1069316,2018-10-18,857,1,37.95,2,2,1,2,221,About To Sleep
1069338,2016-11-17,1557,1,7499.49,1,2,5,4,125,Can't Lose Them
1069496,2018-07-04,963,1,2014.3,1,2,2,2,122,Lost
1069649,2016-09-13,1622,1,336.0,1,2,1,2,121,Lost
1069911,2019-01-02,781,1,20970.949999999997,2,2,5,4,225,At Risk
1070054,2020-02-25,362,4,1442.97,4,5,2,4,452,Loyal Customers
1070372,2021-01-14,38,2,3008.7,5,3,3,3,533,Potential Loyalists
1070473,2018-11-13,831,1,2649.37,2,2,3,2,223,About To Sleep
1070493,2019-10-14,496,1,1429.9,3,2,2,2,322,Need Attention
1070928,2019-01-26,757,2,8522.94,2,3,5,4,235,At Risk
1071007,2020-03-14,344,3,1212.63,5,4,2,3,542,Potential Loyalists
1071326,2019-08-03,568,3,6153.37,3,4,4,4,344,Loyal Customers
1071414,2019-06-25,607,2,5582.84,2,3,4,4,234,At Risk
1071445,2019-05-14,649,1,1570.65,2,2,2,2,222,About To Sleep
1071530,2019-10-15,495,2,361.97,3,3,1,2,331,Need Attention
1071667,2018-02-01,1116,1,129.0,1,2,1,2,121,Lost
1072272,2019-12-25,424,3,5313.49,4,4,4,4,444,Loyal Customers
1072821,2018-10-21,854,2,6831.67,2,3,4,4,234,At Risk
1073026,2018-12-01,813,1,439.96,2,2,1,2,221,About To Sleep
1073027,2019-10-09,501,2,3728.99,3,3,3,3,333,Need Attention
1073088,2019-01-10,773,2,779.64,2,3,1,2,231,About To Sleep
1073430,2017-02-17,1465,1,2096.0,1,2,2,2,122,Lost
1073964,2018-05-19,1009,2,6589.32,1,3,4,4,134,Can't Lose Them
1074065,2018-11-02,842,5,12013.53,2,5,5,5,255,Can't Lose Them
1074430,2016-06-04,1723,1,2821.27,1,2,3,2,123,Lost
1074512,2021-01-06,46,4,7881.88,5,5,5,5,555,Champions
1074717,2019-03-02,722,3,2044.16,2,4,2,3,242,At Risk
1074728,2019-09-05,535,3,3619.12,3,4,3,4,343,Loyal Customers
1075069,2020-05-08,289,3,18350.63,5,4,5,4,545,Loyal Customers
1075190,2019-04-29,664,3,6026.780000000001,2,4,4,4,244,At Risk
1075402,2020-02-24,363,1,1592.0,4,2,2,2,422,Potential Loyalists
1075426,2020-01-09,409,2,233.98,4,3,1,2,431,Potential Loyalists
1075880,2019-05-07,656,2,9106.96,2,3,5,4,235,At Risk
1076007,2019-11-03,476,3,7862.17,3,4,5,4,345,Loyal Customers
1076090,2017-03-13,1441,1,665.0,1,2,1,2,121,Lost
1076568,2017-08-31,1270,2,16198.909999999998,1,3,5,4,135,Can't Lose Them
1076623,2016-02-20,1828,1,2825.0,1,2,3,2,123,Lost
1076661,2019-08-24,547,2,443.89,3,3,1,2,331,Need Attention
1076700,2018-12-20,794,3,8032.61,2,4,5,4,245,At Risk
1076923,2019-12-27,422,4,18496.21,4,5,5,5,455,Champions
1077719,2020-10-02,142,1,789.98,5,2,1,2,521,Potential Loyalists
1078234,2019-12-19,430,1,3317.8,4,2,3,2,423,Potential Loyalists
1078235,2020-10-10,134,3,2943.79,5,4,3,4,543,Loyal Customers
1078242,2019-12-31,418,4,3242.93,4,5,3,4,453,Loyal Customers
1078267,2019-11-06,473,1,2954.6,3,2,3,2,323,Need Attention
1078416,2019-11-01,478,3,752.78,3,4,1,2,341,Need Attention
1078673,2016-12-14,1530,1,495.91999999999996,1,2,1,2,121,Lost
1078677,2020-07-01,235,2,13711.869999999999,5,3,5,4,535,Loyal Customers
1078980,2018-05-01,1027,1,659.97,1,2,1,2,121,Lost
1079159,2020-01-09,409,6,9230.35,4,5,5,5,455,Champions
1079330,2019-12-18,431,1,128.0,4,2,1,2,421,Potential Loyalists
1079698,2018-12-04,810,2,580.91,2,3,1,2,231,About To Sleep
1080102,2019-07-18,584,1,1767.0,3,2,2,2,322,Need Attention
1080125,2018-07-25,942,1,10651.97,1,2,5,4,125,Can't Lose Them
1080163,2020-12-25,58,3,1873.42,5,4,2,3,542,Potential Loyalists
1080247,2020-12-31,52,3,234.61,5,4,1,2,541,Potential Loyalists
1081217,2020-01-25,393,3,2134.65,4,4,2,3,442,Loyal Customers
1081249,2018-12-05,809,1,539.97,2,2,1,2,221,About To Sleep
1081604,2020-12-12,71,5,7727.87,5,5,5,5,555,Champions
1081686,2018-02-10,1107,1,3335.94,1,2,3,2,123,Lost
1081923,2020-05-19,278,1,499.9,5,2,1,2,521,Potential Loyalists
1082026,2019-07-03,599,1,512.0,3,2,1,2,321,Need Attention
1082222,2019-11-15,464,1,25865.14,3,2,5,4,325,Loyal Customers
1082267,2018-07-21,946,1,445.0,1,2,1,2,121,Lost
1082396,2018-01-06,1142,1,4056.91,1,2,3,2,123,Lost
1082460,2020-05-06,291,3,2544.95,5,4,3,4,543,Loyal Customers
1083191,2016-11-14,1560,2,757.79,1,3,1,2,131,Lost
1083735,2017-12-13,1166,1,9322.95,1,2,5,4,125,Can't Lose Them
1083775,2019-11-27,452,1,1421.0,3,2,2,2,322,Need Attention
1083945,2019-12-31,418,2,937.9,4,3,2,2,432,Potential Loyalists
1084205,2020-02-20,367,8,11273.09,4,5,5,5,455,Champions
1084570,2020-08-08,197,4,2563.4700000000003,5,5,3,4,553,Loyal Customers
1085040,2018-01-04,1144,1,125.93,1,2,1,2,121,Lost
1085205,2020-04-28,299,1,547.8,5,2,1,2,521,Potential Loyalists
1085273,2020-02-29,358,1,3344.98,4,2,3,2,423,Potential Loyalists
1085466,2020-12-22,61,2,727.8,5,3,1,2,531,Potential Loyalists
1085643,2020-12-26,57,2,6610.9,5,3,4,4,534,Loyal Customers
1085687,2016-09-10,1625,1,1129.6399999999999,1,2,2,2,122,Lost
1086200,2019-09-16,524,5,12027.5,3,5,5,5,355,Loyal Customers
1086276,2020-02-17,370,4,6781.719999999999,4,5,4,4,454,Loyal Customers
1086645,2019-12-02,447,2,4918.93,3,3,4,4,334,Loyal Customers
1087194,2017-10-24,1216,1,977.0999999999999,1,2,2,2,122,Lost
1087732,2020-06-11,255,8,36664.3,5,5,5,5,555,Champions
1087790,2019-01-24,759,3,1927.07,2,4,2,3,242,At Risk
1087841,2020-12-23,60,5,12681.710000000001,5,5,5,5,555,Champions
1088108,2019-01-08,775,2,1391.53,2,3,2,2,232,About To Sleep
1088133,2020-01-09,409,1,231.29,4,2,1,2,421,Potential Loyalists
1088403,2020-05-07,290,3,5738.95,5,4,4,4,544,Loyal Customers
1088511,2019-06-14,618,1,3195.0,2,2,3,2,223,About To Sleep
1089176,2018-12-15,799,2,3256.0,2,3,3,3,233,At Risk
1089328,2020-11-24,89,1,179.99,5,2,1,2,521,Potential Loyalists
1089369,2017-12-04,1175,1,559.9,1,2,1,2,121,Lost
1089406,2019-12-26,423,1,1389.0,4,2,2,2,422,Potential Loyalists
1089414,2019-02-13,739,3,5022.95,2,4,4,4,244,At Risk
1089537,2018-08-09,927,1,8457.93,1,2,5,4,125,Can't Lose Them
1089571,2021-02-06,15,6,6692.8099999999995,5,5,4,4,554,Loyal Customers
1089890,2020-08-28,177,4,5188.38,5,5,4,4,554,Loyal Customers
1090259,2020-02-21,366,7,6731.68,4,5,4,4,454,Loyal Customers
1090406,2017-07-05,1327,1,2271.96,1,2,3,2,123,Lost
1090531,2019-10-12,498,1,1806.98,3,2,2,2,322,Need Attention
1090656,2017-11-03,1206,1,131.96,1,2,1,2,121,Lost
1090696,2019-10-18,492,3,11185.05,3,4,5,4,345,Loyal Customers
1090726,2020-10-01,143,8,17474.28,5,5,5,5,555,Champions
1090739,2018-03-10,1079,2,1600.2399999999998,1,3,2,2,132,Lost
1091419,2021-02-13,8,3,22818.030000000002,5,4,5,4,545,Loyal Customers
1091801,2018-11-08,836,4,15250.960000000001,2,5,5,5,255,Can't Lose Them
1091961,2019-05-02,661,2,2800.0,2,3,3,3,233,At Risk
1092098,2019-06-26,606,1,366.0,3,2,1,2,321,Need Attention
1092329,2016-08-13,1653,1,3129.0,1,2,3,2,123,Lost
1092416,2019-06-05,627,2,3870.02,2,3,3,3,233,At Risk
1092434,2020-06-05,261,3,1011.42,5,4,2,3,542,Potential Loyalists
1092661,2017-01-09,1504,1,253.21,1,2,1,2,121,Lost
1093130,2019-05-21,642,1,3913.0,2,2,3,2,223,About To Sleep
1093518,2018-08-23,913,1,2345.8,1,2,3,2,123,Lost
1093679,2017-08-05,1296,2,1382.97,1,3,2,2,132,Lost
1093788,2019-12-11,438,5,8963.53,3,5,5,5,355,Loyal Customers
1093798,2019-12-28,421,3,6672.89,4,4,4,4,444,Loyal Customers
1094026,2018-09-30,875,1,577.96,2,2,1,2,221,About To Sleep
1094276,2020-06-22,244,5,16860.56,5,5,5,5,555,Champions
1094291,2017-04-27,1396,3,996.0,1,4,2,3,142,At Risk
1094568,2021-02-17,4,2,8195.949999999999,5,3,5,4,535,Loyal Customers
1094624,2019-06-01,631,3,6494.46,2,4,4,4,244,At Risk
1094704,2020-03-05,353,2,4008.9700000000003,4,3,3,3,433,Loyal Customers
1094730,2021-01-25,27,2,6101.3,5,3,4,4,534,Loyal Customers
1094906,2019-02-18,734,1,2277.8199999999997,2,2,3,2,223,About To Sleep
1094994,2019-07-21,581,1,200.0,3,2,1,2,321,Need Attention
1095118,2019-08-07,564,1,2109.8,3,2,2,2,322,Need Attention
1095308,2021-02-10,11,3,4656.48,5,4,4,4,544,Loyal Customers
1095416,2020-06-01,265,1,39.9,5,2,1,2,521,Potential Loyalists
1095528,2019-08-27,544,3,3624.2200000000003,3,4,3,4,343,Loyal Customers
1095535,2017-12-09,1170,1,599.98,1,2,1,2,121,Lost
1095565,2019-07-26,576,1,10248.0,3,2,5,4,325,Loyal Customers
1095669,2017-11-07,1202,2,3209.28,1,3,3,3,133,At Risk
1096033,2019-12-26,423,1,495.0,4,2,1,2,421,Potential Loyalists
1096041,2018-12-15,799,1,3068.8500000000004,2,2,3,2,223,About To Sleep
1096123,2020-01-14,404,5,7540.61,4,5,5,5,455,Champions
1096502,2017-12-17,1162,1,2989.9,1,2,3,2,123,Lost
1096641,2019-09-02,538,2,11704.869999999999,3,3,5,4,335,Loyal Customers
1096714,2020-09-15,159,4,2650.96,5,5,3,4,553,Loyal Customers
1096834,2018-10-04,871,3,1795.89,2,4,2,3,242,At Risk
1096960,2019-01-31,752,3,4390.6900000000005,2,4,4,4,244,At Risk
1097022,2019-03-02,722,5,8477.52,2,5,5,5,255,Can't Lose Them
1097057,2019-12-23,426,4,8497.61,4,5,5,5,455,Champions
1097307,2019-02-14,738,1,1883.0,2,2,2,2,222,About To Sleep
1097332,2019-12-03,446,3,6072.320000000001,3,4,4,4,344,Loyal Customers
1097591,2016-08-18,1648,2,5254.1,1,3,4,4,134,Can't Lose Them
1097602,2019-08-31,540,1,179.0,3,2,1,2,321,Need Attention
1097685,2019-01-25,758,4,24740.82,2,5,5,5,255,Can't Lose Them
1097689,2019-01-16,767,4,9086.54,2,5,5,5,255,Can't Lose Them
1097900,2019-09-04,536,2,1218.8,3,3,2,2,332,Need Attention
1098100,2020-10-27,117,4,2373.99,5,5,3,4,553,Loyal Customers
1098143,2019-08-16,555,2,592.9,3,3,1,2,331,Need Attention
1098179,2019-01-18,765,3,6296.91,2,4,4,4,244,At Risk
1098298,2019-09-12,528,2,1093.71,3,3,2,2,332,Need Attention
1098561,2018-11-06,838,1,652.0,2,2,1,2,221,About To Sleep
1098687,2021-02-01,20,10,25432.54,5,5,5,5,555,Champions
1098793,2019-02-23,729,5,9064.6,2,5,5,5,255,Can't Lose Them
1098881,2018-12-08,806,2,2776.86,2,3,3,3,233,At Risk
1099301,2019-07-08,594,1,3010.77,3,2,3,2,323,Need Attention
1099476,2019-05-22,641,1,6599.9400000000005,2,2,4,3,224,At Risk
1099807,2020-06-09,257,2,6198.76,5,3,4,4,534,Loyal Customers
1100042,2019-11-21,458,2,2418.73,3,3,3,3,333,Need Attention
1100184,2019-11-07,472,2,1984.6100000000001,3,3,2,2,332,Need Attention
1100244,2020-09-23,151,1,3243.0,5,2,3,2,523,Potential Loyalists
1100246,2020-02-05,382,1,4763.89,4,2,4,3,424,Loyal Customers
1100294,2020-02-05,382,3,1656.6,4,4,2,3,442,Loyal Customers
1100341,2020-09-05,169,4,5078.6,5,5,4,4,554,Loyal Customers
1100414,2019-06-15,617,1,265.98,2,2,1,2,221,About To Sleep
1100448,2019-03-17,707,1,1379.4,2,2,2,2,222,About To Sleep
1100506,2017-11-07,1202,1,109.99,1,2,1,2,121,Lost
1100638,2018-11-29,815,1,539.2,2,2,1,2,221,About To Sleep
1100816,2019-08-24,547,2,9059.2,3,3,5,4,335,Loyal Customers
1100982,2018-11-27,817,1,338.0,2,2,1,2,221,About To Sleep
1101266,2016-10-22,1583,1,1885.81,1,2,2,2,122,Lost
1101386,2019-03-12,712,3,8851.07,2,4,5,4,245,At Risk
1101670,2020-02-29,358,5,9530.720000000001,4,5,5,5,455,Champions
1101686,2019-09-17,523,3,10296.08,3,4,5,4,345,Loyal Customers
1101877,2018-10-25,850,1,101.28,2,2,1,2,221,About To Sleep
1102272,2016-08-11,1655,1,971.0,1,2,2,2,122,Lost
1102383,2020-08-28,177,2,5997.94,5,3,4,4,534,Loyal Customers
1102760,2020-08-05,200,4,19891.68,5,5,5,5,555,Champions
1102822,2018-11-17,827,1,3106.4,2,2,3,2,223,About To Sleep
1102842,2016-12-31,1513,1,1630.0,1,2,2,2,122,Lost
1103294,2019-11-19,460,3,9135.09,3,4,5,4,345,Loyal Customers
1103640,2020-05-15,282,1,308.0,5,2,1,2,521,Potential Loyalists
1103795,2020-03-04,354,3,5176.0,4,4,4,4,444,Loyal Customers
1103886,2017-11-11,1198,1,1642.78,1,2,2,2,122,Lost
1104029,2020-05-13,284,3,13511.05,5,4,5,4,545,Loyal Customers
1104196,2018-11-02,842,1,990.28,2,2,2,2,222,About To Sleep
1104304,2017-01-03,1510,2,9522.57,1,3,5,4,135,Can't Lose Them
1104307,2018-11-17,827,2,11599.76,2,3,5,4,235,At Risk
1104581,2019-12-28,421,3,11693.92,4,4,5,4,445,Loyal Customers
1104802,2017-12-30,1149,1,1173.0,1,2,2,2,122,Lost
1104932,2018-12-27,787,1,299.9,2,2,1,2,221,About To Sleep
1105074,2020-01-22,396,2,5074.93,4,3,4,4,434,Loyal Customers
1105288,2019-07-11,591,3,4077.92,3,4,4,4,344,Loyal Customers
1105481,2020-01-27,391,2,7055.59,4,3,4,4,434,Loyal Customers
1105588,2016-09-17,1618,1,2979.56,1,2,3,2,123,Lost
1105607,2020-02-01,386,1,1127.0,4,2,2,2,422,Potential Loyalists
1106029,2021-02-13,8,3,6728.68,5,4,4,4,544,Loyal Customers
1106051,2019-11-11,468,1,179.99,3,2,1,2,321,Need Attention
1106087,2020-01-16,402,4,4392.76,4,5,4,4,454,Loyal Customers
1106952,2019-05-31,632,2,1577.3,2,3,2,2,232,About To Sleep
1107011,2019-01-17,766,1,1198.0,2,2,2,2,222,About To Sleep
1107312,2019-02-26,726,1,360.0,2,2,1,2,221,About To Sleep
1107432,2018-11-10,834,2,2005.74,2,3,2,2,232,About To Sleep
1107461,2019-12-07,442,4,10443.12,3,5,5,5,355,Loyal Customers
1107471,2017-03-04,1450,1,3100.0,1,2,3,2,123,Lost
1107656,2019-07-27,575,2,2062.74,3,3,2,2,332,Need Attention
1108421,2018-12-31,783,1,5499.95,2,2,4,3,224,At Risk
1108431,2018-12-26,788,1,999.0,2,2,2,2,222,About To Sleep
1108440,2020-02-25,362,1,359.98,4,2,1,2,421,Potential Loyalists
1108466,2020-09-07,167,2,1712.95,5,3,2,2,532,Potential Loyalists
1108629,2019-08-26,545,2,3102.75,3,3,3,3,333,Need Attention
1109178,2019-10-30,480,4,13925.97,3,5,5,5,355,Loyal Customers
1109196,2019-07-22,580,1,52.660000000000004,3,2,1,2,321,Need Attention
1109358,2019-03-01,723,2,1702.8700000000001,2,3,2,2,232,About To Sleep
1109419,2020-02-22,365,4,5689.0,4,5,4,4,454,Loyal Customers
1109536,2020-11-12,101,1,1764.0,5,2,2,2,522,Potential Loyalists
1109746,2020-05-28,269,1,1983.86,5,2,2,2,522,Potential Loyalists
1109801,2019-01-19,764,1,2169.0,2,2,3,2,223,About To Sleep
1109864,2019-10-09,501,1,1280.0,3,2,2,2,322,Need Attention
1110012,2019-09-11,529,2,537.51,3,3,1,2,331,Need Attention
1110229,2018-01-08,1140,2,3398.65,1,3,3,3,133,At Risk
1110305,2016-09-17,1618,1,712.56,1,2,1,2,121,Lost
1110691,2020-06-13,253,4,15050.880000000001,5,5,5,5,555,Champions
1110868,2016-08-29,1637,2,9610.720000000001,1,3,5,4,135,Can't Lose Them
1111119,2019-12-24,425,2,22303.760000000002,4,3,5,4,435,Loyal Customers
1111227,2019-08-23,548,1,37.95,3,2,1,2,321,Need Attention
1111645,2018-12-10,804,2,5156.83,2,3,4,4,234,At Risk
1111650,2019-07-03,599,2,3380.89,3,3,3,3,333,Need Attention
1111848,2019-10-29,481,4,19586.58,3,5,5,5,355,Loyal Customers
1111954,2019-11-25,454,4,5010.0,3,5,4,4,354,Loyal Customers
1112089,2019-12-03,446,5,10166.42,3,5,5,5,355,Loyal Customers
1112155,2019-12-08,441,3,2947.0,3,4,3,4,343,Loyal Customers
1112418,2017-09-29,1241,2,6489.389999999999,1,3,4,4,134,Can't Lose Them
1112419,2019-05-11,652,3,3155.82,2,4,3,4,243,At Risk
1112613,2019-12-01,448,3,7404.25,3,4,4,4,344,Loyal Customers
1112803,2020-02-18,369,3,795.8900000000001,4,4,1,2,441,Potential Loyalists
1112974,2019-05-18,645,4,16902.920000000002,2,5,5,5,255,Can't Lose Them
1113081,2020-02-11,376,4,9578.62,4,5,5,5,455,Champions
1113084,2020-07-27,209,3,10283.4,5,4,5,4,545,Loyal Customers
1113255,2018-11-01,843,2,1408.2,2,3,2,2,232,About To Sleep
1113391,2019-02-16,736,1,299.99,2,2,1,2,221,About To Sleep
1114072,2019-02-28,724,1,308.0,2,2,1,2,221,About To Sleep
1114100,2020-02-24,363,4,18042.87,4,5,5,5,455,Champions
1114283,2018-02-14,1103,3,9952.130000000001,1,4,5,4,145,Can't Lose Them
1114319,2018-08-22,914,2,11093.939999999999,1,3,5,4,135,Can't Lose Them
1114345,2020-02-11,376,3,13277.77,4,4,5,4,445,Loyal Customers
1114873,2018-10-22,853,1,249.99,2,2,1,2,221,About To Sleep
1115222,2020-02-17,370,6,11372.84,4,5,5,5,455,Champions
1115485,2016-02-24,1824,1,1340.8799999999999,1,2,2,2,122,Lost
1115513,2020-12-29,54,3,4705.46,5,4,4,4,544,Loyal Customers
1115892,2019-12-28,421,3,7539.85,4,4,5,4,445,Loyal Customers
1116156,2020-01-06,412,8,20716.19,4,5,5,5,455,Champions
1116314,2019-06-17,615,2,3276.98,2,3,3,3,233,At Risk
1116568,2021-01-27,25,2,2963.61,5,3,3,3,533,Potential Loyalists
1116789,2019-05-10,653,1,480.0,2,2,1,2,221,About To Sleep
1116892,2019-07-18,584,2,7017.549999999999,3,3,4,4,334,Loyal Customers
1117051,2018-09-06,899,1,3074.9,1,2,3,2,123,Lost
1117827,2020-02-15,372,1,869.97,4,2,2,2,422,Potential Loyalists
1117944,2020-12-05,78,2,13079.920000000002,5,3,5,4,535,Loyal Customers
1118097,2020-05-07,290,5,4986.73,5,5,4,4,554,Loyal Customers
1118302,2019-12-24,425,6,8200.35,4,5,5,5,455,Champions
1118352,2021-01-15,37,1,1207.96,5,2,2,2,522,Potential Loyalists
1118689,2019-12-26,423,2,9388.79,4,3,5,4,435,Loyal Customers
1118795,2018-09-10,895,1,298.0,1,2,1,2,121,Lost
1119069,2021-02-13,8,2,9470.21,5,3,5,4,535,Loyal Customers
1119189,2019-07-02,600,2,2209.97,3,3,3,3,333,Need Attention
1119510,2019-07-24,578,3,780.52,3,4,1,2,341,Need Attention
1119547,2019-12-20,429,2,1616.98,4,3,2,2,432,Potential Loyalists
1119619,2019-01-02,781,3,878.75,2,4,2,3,242,At Risk
1119720,2021-01-12,40,2,805.46,5,3,1,2,531,Potential Loyalists
1119796,2018-10-10,865,1,3063.6,2,2,3,2,223,About To Sleep
1119822,2019-09-10,530,6,6995.8099999999995,3,5,4,4,354,Loyal Customers
1120599,2019-10-01,509,2,2146.32,3,3,2,2,332,Need Attention
1121619,2018-12-22,792,1,3031.99,2,2,3,2,223,About To Sleep
1121796,2018-06-23,974,1,5190.9,1,2,4,3,124,At Risk
1122022,2018-12-06,808,1,4628.0,2,2,4,3,224,At Risk
1122108,2019-09-18,522,1,2105.61,3,2,2,2,322,Need Attention
1122233,2019-08-13,558,4,2800.53,3,5,3,4,353,Loyal Customers
1122248,2016-02-04,1844,1,459.8,1,2,1,2,121,Lost
1122433,2017-10-16,1224,1,1956.0,1,2,2,2,122,Lost
1122612,2017-02-16,1466,1,299.97,1,2,1,2,121,Lost
1122810,2017-05-11,1382,1,2327.2799999999997,1,2,3,2,123,Lost
1123162,2019-05-16,647,2,4043.7200000000003,2,3,3,3,233,At Risk
1123758,2019-10-12,498,4,1757.53,3,5,2,4,352,Loyal Customers
1123816,2019-08-14,557,2,2429.62,3,3,3,3,333,Need Attention
1123881,2019-12-24,425,1,2455.9,4,2,3,2,423,Potential Loyalists
1124112,2019-12-24,425,2,10570.7,4,3,5,4,435,Loyal Customers
1124172,2017-07-07,1325,2,1960.6799999999998,1,3,2,2,132,Lost
1124187,2018-05-28,1000,1,305.98,1,2,1,2,121,Lost
1124426,2016-10-04,1601,2,1451.98,1,3,2,2,132,Lost
1124499,2019-09-07,533,1,2214.0,3,2,3,2,323,Need Attention
1124572,2019-05-08,655,1,3858.5299999999997,2,2,3,2,223,About To Sleep
1124659,2018-02-24,1093,2,11502.98,1,3,5,4,135,Can't Lose Them
1124706,2020-06-09,257,8,14388.25,5,5,5,5,555,Champions
1125056,2020-01-07,411,2,7128.41,4,3,4,4,434,Loyal Customers
1125351,2017-12-17,1162,1,299.9,1,2,1,2,121,Lost
1125468,2020-02-15,372,3,19350.89,4,4,5,4,445,Loyal Customers
1125474,2018-12-08,806,2,6259.139999999999,2,3,4,4,234,At Risk
1125761,2018-12-22,792,2,4552.0,2,3,4,4,234,At Risk
1126317,2019-07-10,592,1,35.339999999999996,3,2,1,2,321,Need Attention
1126390,2017-11-21,1188,1,1348.0,1,2,2,2,122,Lost
1126411,2018-07-17,950,2,6129.68,1,3,4,4,134,Can't Lose Them
1126510,2016-12-31,1513,1,7081.219999999999,1,2,4,3,124,At Risk
1127050,2017-11-17,1192,1,816.36,1,2,1,2,121,Lost
1127381,2019-12-14,435,3,16059.19,3,4,5,4,345,Loyal Customers
1127584,2020-10-03,141,3,4951.28,5,4,4,4,544,Loyal Customers
1127638,2020-01-21,397,7,14403.14,4,5,5,5,455,Champions
1127690,2020-01-02,416,3,4549.77,4,4,4,4,444,Loyal Customers
1128295,2018-07-31,936,2,544.1400000000001,1,3,1,2,131,Lost
1128384,2019-10-24,486,1,32.0,3,2,1,2,321,Need Attention
1128590,2017-10-27,1213,1,22.99,1,2,1,2,121,Lost
1128911,2020-08-29,176,1,136.0,5,2,1,2,521,Potential Loyalists
1128994,2019-11-19,460,3,1602.83,3,4,2,3,342,Need Attention
1129179,2018-01-03,1145,2,6704.860000000001,1,3,4,4,134,Can't Lose Them
1129200,2018-08-10,926,2,3637.94,1,3,3,3,133,At Risk
1129442,2019-11-23,456,3,3778.39,3,4,3,4,343,Loyal Customers
1129520,2021-01-16,36,1,3133.29,5,2,3,2,523,Potential Loyalists
1129712,2019-08-20,551,4,7791.69,3,5,5,5,355,Loyal Customers
1129721,2020-05-20,277,1,3897.0,5,2,3,2,523,Potential Loyalists
1129799,2021-02-20,1,3,11013.09,5,4,5,4,545,Loyal Customers
1130205,2019-12-20,429,3,4422.2699999999995,4,4,4,4,444,Loyal Customers
1130382,2020-07-14,222,5,15556.97,5,5,5,5,555,Champions
1130442,2020-03-14,344,4,9715.74,5,5,5,5,555,Champions
1130512,2019-12-22,427,1,3956.58,4,2,3,2,423,Potential Loyalists
1130812,2016-02-20,1828,1,2516.75,1,2,3,2,123,Lost
1130814,2019-08-17,554,1,2405.9300000000003,3,2,3,2,323,Need Attention
1130928,2020-05-07,290,2,9242.51,5,3,5,4,535,Loyal Customers
1131276,2020-02-13,374,5,4502.37,4,5,4,4,454,Loyal Customers
1131576,2019-02-08,744,2,2940.94,2,3,3,3,233,At Risk
1131690,2018-12-25,789,1,5075.79,2,2,4,3,224,At Risk
1132350,2019-05-29,634,3,17392.45,2,4,5,4,245,At Risk
1132370,2019-02-12,740,6,15693.82,2,5,5,5,255,Can't Lose Them
1132400,2019-12-12,437,3,6813.56,3,4,4,4,344,Loyal Customers
1132540,2019-01-29,754,2,4654.89,2,3,4,4,234,At Risk
1132599,2020-01-10,408,1,132.99,4,2,1,2,421,Potential Loyalists
1132629,2018-05-25,1003,1,4420.8099999999995,1,2,4,3,124,At Risk
1133148,2017-03-03,1451,1,99.99,1,2,1,2,121,Lost
1133404,2017-12-13,1166,3,5572.21,1,4,4,4,144,Can't Lose Them
1133419,2018-12-29,785,3,3597.6000000000004,2,4,3,4,243,At Risk
1133712,2019-05-28,635,2,219.28,2,3,1,2,231,About To Sleep
1134255,2019-09-02,538,4,5306.48,3,5,4,4,354,Loyal Customers
1134501,2020-12-25,58,1,1107.0,5,2,2,2,522,Potential Loyalists
1134929,2020-03-10,348,2,6951.5,4,3,4,4,434,Loyal Customers
1135020,2018-11-04,840,3,12500.539999999999,2,4,5,4,245,At Risk
1135026,2020-09-04,170,2,1426.0,5,3,2,2,532,Potential Loyalists
1135188,2019-07-22,580,2,4073.99,3,3,3,3,333,Need Attention
1135217,2018-10-25,850,2,1125.79,2,3,2,2,232,About To Sleep
1135250,2018-05-24,1004,2,1682.8600000000001,1,3,2,2,132,Lost
1135465,2018-12-19,795,2,3126.62,2,3,3,3,233,At Risk
1136143,2019-09-03,537,5,9965.49,3,5,5,5,355,Loyal Customers
1136286,2019-11-02,477,3,1642.7,3,4,2,3,342,Need Attention
1136316,2020-05-14,283,2,722.8,5,3,1,2,531,Potential Loyalists
1136319,2020-02-04,383,3,10052.79,4,4,5,4,445,Loyal Customers
1136696,2019-12-28,421,2,13489.09,4,3,5,4,435,Loyal Customers
1136737,2020-02-14,373,3,6726.99,4,4,4,4,444,Loyal Customers
1136852,2019-02-19,733,1,2937.23,2,2,3,2,223,About To Sleep
1137012,2016-12-06,1538,1,877.98,1,2,2,2,122,Lost
1137155,2017-10-14,1226,1,2214.0,1,2,3,2,123,Lost
1137406,2019-08-15,556,2,8320.43,3,3,5,4,335,Loyal Customers
1137620,2019-02-09,743,1,6993.0,2,2,4,3,224,At Risk
1137780,2018-05-03,1025,4,8925.83,1,5,5,5,155,Can't Lose Them
1137903,2018-07-07,960,1,4139.88,1,2,4,3,124,At Risk
1137958,2018-06-02,995,1,515.7,1,2,1,2,121,Lost
1138092,2018-06-27,970,2,3804.9700000000003,1,3,3,3,133,At Risk
1138144,2019-09-12,528,2,2898.25,3,3,3,3,333,Need Attention
1138327,2020-12-30,53,4,929.25,5,5,2,4,552,Loyal Customers
1138396,2018-08-09,927,1,1099.99,1,2,2,2,122,Lost
1138520,2020-12-24,59,3,4519.639999999999,5,4,4,4,544,Loyal Customers
1138624,2020-01-04,414,1,209.0,4,2,1,2,421,Potential Loyalists
1138846,2020-01-29,389,3,5124.17,4,4,4,4,444,Loyal Customers
1138976,2019-12-22,427,3,4925.94,4,4,4,4,444,Loyal Customers
1139001,2019-07-03,599,1,3391.65,3,2,3,2,323,Need Attention
1139101,2021-02-20,1,3,2612.4900000000002,5,4,3,4,543,Loyal Customers
1139316,2018-12-28,786,3,2997.28,2,4,3,4,243,At Risk
1139356,2020-05-25,272,4,9212.42,5,5,5,5,555,Champions
1139726,2020-07-22,214,2,3595.3399999999997,5,3,3,3,533,Potential Loyalists
1139887,2020-02-22,365,3,12191.67,4,4,5,4,445,Loyal Customers
1139944,2020-02-22,365,2,2607.6,4,3,3,3,433,Loyal Customers
1140295,2019-02-23,729,1,227.98,2,2,1,2,221,About To Sleep
1140326,2020-01-07,411,1,594.98,4,2,1,2,421,Potential Loyalists
1140654,2016-02-01,1847,1,2499.0,1,2,3,2,123,Lost
1140712,2020-07-16,220,2,3916.84,5,3,3,3,533,Potential Loyalists
1140731,2018-02-01,1116,1,159.99,1,2,1,2,121,Lost
1140779,2019-09-09,531,1,411.78,3,2,1,2,321,Need Attention
1140842,2019-11-26,453,3,13335.119999999999,3,4,5,4,345,Loyal Customers
1141428,2016-11-23,1551,2,1615.97,1,3,2,2,132,Lost
1141613,2019-07-24,578,1,1762.26,3,2,2,2,322,Need Attention
1141652,2020-11-26,87,5,10285.49,5,5,5,5,555,Champions
1141697,2020-10-22,122,2,4489.509999999999,5,3,4,4,534,Loyal Customers
1141748,2019-10-31,479,1,1379.77,3,2,2,2,322,Need Attention
1141753,2018-01-20,1128,2,10392.89,1,3,5,4,135,Can't Lose Them
1142741,2019-02-13,739,1,1399.65,2,2,2,2,222,About To Sleep
1142863,2020-01-17,401,4,7535.6900000000005,4,5,5,5,455,Champions
1142864,2020-01-06,412,1,2768.5,4,2,3,2,423,Potential Loyalists
1143082,2020-05-07,290,1,443.05999999999995,5,2,1,2,521,Potential Loyalists
1143203,2019-05-16,647,3,4081.32,2,4,4,4,244,At Risk
1143292,2019-01-19,764,2,4881.28,2,3,4,4,234,At Risk
1143470,2018-02-21,1096,1,11.0,1,2,1,2,121,Lost
1143508,2019-01-03,780,2,3762.7,2,3,3,3,233,At Risk
1143517,2020-05-14,283,3,3767.0,5,4,3,4,543,Loyal Customers
1143574,2020-03-10,348,3,22134.82,4,4,5,4,445,Loyal Customers
1143828,2019-09-14,526,3,2095.0,3,4,2,3,342,Need Attention
1143894,2018-07-21,946,1,2144.0,1,2,2,2,122,Lost
1144095,2017-12-07,1172,1,289.96,1,2,1,2,121,Lost
1144172,2020-02-24,363,4,8108.36,4,5,5,5,455,Champions
1144303,2018-10-19,856,1,2322.0,2,2,3,2,223,About To Sleep
1144584,2018-01-10,1138,1,1278.85,1,2,2,2,122,Lost
1144593,2019-10-05,505,2,1915.0,3,3,2,2,332,Need Attention
1144781,2017-02-18,1464,1,1340.0,1,2,2,2,122,Lost
1145044,2019-06-17,615,2,2925.14,2,3,3,3,233,At Risk
1145093,2018-01-08,1140,1,797.95,1,2,1,2,121,Lost
1145201,2017-09-23,1247,2,1340.0,1,3,2,2,132,Lost
1145581,2017-10-04,1236,1,249.99,1,2,1,2,121,Lost
1146045,2020-02-06,381,4,1268.92,4,5,2,4,452,Loyal Customers
1146054,2016-12-06,1538,1,1133.0,1,2,2,2,122,Lost
1146089,2017-09-07,1263,1,13.98,1,2,1,2,121,Lost
1146124,2020-02-27,360,3,1830.1100000000001,4,4,2,3,442,Loyal Customers
1146241,2020-03-09,349,2,10647.92,4,3,5,4,435,Loyal Customers
1146324,2020-01-18,400,6,15612.9,4,5,5,5,455,Champions
1146329,2020-06-09,257,1,7671.32,5,2,5,4,525,Loyal Customers
1146653,2018-07-05,962,2,536.79,1,3,1,2,131,Lost
1146936,2020-08-19,186,2,2207.94,5,3,3,3,533,Potential Loyalists
1147136,2020-01-04,414,2,9673.970000000001,4,3,5,4,435,Loyal Customers
1147272,2018-11-16,828,2,7232.9,2,3,4,4,234,At Risk
1147474,2019-12-25,424,1,82.98,4,2,1,2,421,Potential Loyalists
1147519,2016-11-24,1550,1,1774.95,1,2,2,2,122,Lost
1148016,2019-03-11,713,2,290.08,2,3,1,2,231,About To Sleep
1148022,2020-02-20,367,2,5293.93,4,3,4,4,434,Loyal Customers
1148064,2018-12-05,809,1,249.99,2,2,1,2,221,About To Sleep
1148222,2019-12-19,430,2,3424.2799999999997,4,3,3,3,433,Loyal Customers
1148699,2017-02-01,1481,1,10471.28,1,2,5,4,125,Can't Lose Them
1148931,2019-08-07,564,2,2533.0,3,3,3,3,333,Need Attention
1148932,2019-06-07,625,2,484.76,2,3,1,2,231,About To Sleep
1149206,2018-12-28,786,3,3400.4,2,4,3,4,243,At Risk
1149244,2020-01-17,401,2,5531.04,4,3,4,4,434,Loyal Customers
1149286,2020-07-09,227,2,8645.94,5,3,5,4,535,Loyal Customers
1149288,2021-02-04,17,2,653.95,5,3,1,2,531,Potential Loyalists
1149875,2019-06-18,614,4,19797.88,2,5,5,5,255,Can't Lose Them
1149998,2020-12-18,65,1,249.01,5,2,1,2,521,Potential Loyalists
1150012,2019-12-26,423,6,7855.84,4,5,5,5,455,Champions
1150148,2019-12-27,422,1,2870.95,4,2,3,2,423,Potential Loyalists
1150193,2019-06-20,612,2,1786.5,2,3,2,2,232,About To Sleep
1150424,2016-05-02,1756,1,22399.93,1,2,5,4,125,Can't Lose Them
1150993,2016-03-12,1807,1,527.66,1,2,1,2,121,Lost
1151103,2016-06-15,1712,1,398.97,1,2,1,2,121,Lost
1151122,2017-08-07,1294,1,907.5699999999999,1,2,2,2,122,Lost
1151559,2017-12-01,1178,1,599.98,1,2,1,2,121,Lost
1151616,2020-03-05,353,2,15224.0,4,3,5,4,435,Loyal Customers
1151790,2016-12-05,1539,2,926.96,1,3,2,2,132,Lost
1152038,2017-09-26,1244,2,16886.85,1,3,5,4,135,Can't Lose Them
1152079,2020-03-10,348,3,2304.52,4,4,3,4,443,Loyal Customers
1152244,2019-08-28,543,2,4499.16,3,3,4,4,334,Loyal Customers
1152366,2018-03-05,1084,4,5448.45,1,5,4,4,154,Can't Lose Them
1152446,2020-02-22,365,3,1490.31,4,4,2,3,442,Loyal Customers
1152536,2018-12-25,789,2,1345.5,2,3,2,2,232,About To Sleep
1152849,2016-09-03,1632,1,407.0,1,2,1,2,121,Lost
1152914,2021-01-02,50,4,3355.8799999999997,5,5,3,4,553,Loyal Customers
1153028,2018-06-13,984,2,8565.79,1,3,5,4,135,Can't Lose Them
1153522,2018-11-12,832,1,1598.99,2,2,2,2,222,About To Sleep
1154232,2019-12-14,435,3,6108.8,3,4,4,4,344,Loyal Customers
1154367,2018-11-02,842,2,1740.97,2,3,2,2,232,About To Sleep
1154631,2019-10-26,484,5,16403.38,3,5,5,5,355,Loyal Customers
1155125,2018-12-08,806,1,1308.6,2,2,2,2,222,About To Sleep
1155341,2017-10-18,1222,2,13551.0,1,3,5,4,135,Can't Lose Them
1155665,2020-01-08,410,1,2019.93,4,2,2,2,422,Potential Loyalists
1155899,2020-05-14,283,3,2938.3500000000004,5,4,3,4,543,Loyal Customers
1155920,2020-08-15,190,4,2267.39,5,5,3,4,553,Loyal Customers
1156077,2019-12-13,436,5,8292.04,3,5,5,5,355,Loyal Customers
1156456,2018-12-31,783,3,3380.0,2,4,3,4,243,At Risk
1156460,2016-02-20,1828,1,6783.0,1,2,4,3,124,At Risk
1156462,2018-01-25,1123,2,4494.7,1,3,4,4,134,Can't Lose Them
1156489,2020-05-04,293,5,2794.1,5,5,3,4,553,Loyal Customers
1156834,2019-11-23,456,2,2038.5,3,3,2,2,332,Need Attention
1156927,2019-10-25,485,3,5892.5199999999995,3,4,4,4,344,Loyal Customers
1157028,2020-09-10,164,1,269.9,5,2,1,2,521,Potential Loyalists
1157063,2019-07-02,600,5,5751.07,3,5,4,4,354,Loyal Customers
1157094,2020-02-19,368,2,5736.98,4,3,4,4,434,Loyal Customers
1157256,2016-08-24,1642,1,7984.0,1,2,5,4,125,Can't Lose Them
1157316,2019-05-16,647,3,9013.99,2,4,5,4,245,At Risk
1157347,2019-09-12,528,1,53.94,3,2,1,2,321,Need Attention
1157349,2016-12-13,1531,1,1856.25,1,2,2,2,122,Lost
1157497,2016-02-24,1824,1,2123.9,1,2,2,2,122,Lost
1157799,2020-07-09,227,1,3141.83,5,2,3,2,523,Potential Loyalists
1157976,2019-05-10,653,3,7068.110000000001,2,4,4,4,244,At Risk
1158204,2019-12-31,418,3,12559.189999999999,4,4,5,4,445,Loyal Customers
1158399,2018-11-24,820,1,905.0,2,2,2,2,222,About To Sleep
1158843,2020-02-15,372,2,13860.55,4,3,5,4,435,Loyal Customers
1159180,2018-11-03,841,2,1003.98,2,3,2,2,232,About To Sleep
1159429,2019-10-10,500,1,3447.0,3,2,3,2,323,Need Attention
1160065,2019-11-21,458,3,3054.46,3,4,3,4,343,Loyal Customers
1160349,2019-08-08,563,3,3657.39,3,4,3,4,343,Loyal Customers
1160570,2017-10-12,1228,1,618.72,1,2,1,2,121,Lost
1160610,2019-11-14,465,3,5861.09,3,4,4,4,344,Loyal Customers
1160653,2019-06-03,629,1,627.0,2,2,1,2,221,About To Sleep
1160758,2020-06-04,262,4,22816.39,5,5,5,5,555,Champions
1161124,2018-08-20,916,1,3599.9,1,2,3,2,123,Lost
1161130,2020-07-31,205,2,2170.96,5,3,3,3,533,Potential Loyalists
1161188,2018-12-03,811,1,756.0,2,2,1,2,221,About To Sleep
1161409,2018-01-03,1145,2,4028.26,1,3,3,3,133,At Risk
1161581,2019-05-17,646,3,6502.92,2,4,4,4,244,At Risk
1161615,2017-02-27,1455,3,8927.92,1,4,5,4,145,Can't Lose Them
1161825,2020-03-02,356,2,1033.95,4,3,2,2,432,Potential Loyalists
1162297,2019-09-27,513,2,8386.39,3,3,5,4,335,Loyal Customers
1162408,2020-02-18,369,2,5357.2,4,3,4,4,434,Loyal Customers
1162503,2016-02-19,1829,1,405.4,1,2,1,2,121,Lost
1162807,2018-01-20,1128,1,319.98,1,2,1,2,121,Lost
1162853,2018-07-17,950,1,6732.36,1,2,4,3,124,At Risk
1162946,2018-06-01,996,1,1478.97,1,2,2,2,122,Lost
1163087,2020-07-03,233,3,2407.8,5,4,3,4,543,Loyal Customers
1163149,2019-08-23,548,5,11396.75,3,5,5,5,355,Loyal Customers
1163237,2019-02-06,746,1,1806.99,2,2,2,2,222,About To Sleep
1163311,2020-07-25,211,2,798.88,5,3,1,2,531,Potential Loyalists
1163563,2020-06-13,253,1,284.7,5,2,1,2,521,Potential Loyalists
1163647,2016-10-26,1579,1,5106.96,1,2,4,3,124,At Risk
1163697,2018-07-16,951,1,399.8,1,2,1,2,121,Lost
1163780,2018-11-17,827,2,2508.75,2,3,3,3,233,At Risk
1163802,2019-08-06,565,1,49.95,3,2,1,2,321,Need Attention
1163948,2020-08-08,197,4,21356.149999999998,5,5,5,5,555,Champions
1163958,2018-12-05,809,2,8221.08,2,3,5,4,235,At Risk
1164098,2020-07-22,214,3,3812.15,5,4,3,4,543,Loyal Customers
1164225,2019-03-11,713,3,1458.21,2,4,2,3,242,At Risk
1164576,2018-02-22,1095,1,4193.0,1,2,4,3,124,At Risk
1164661,2018-11-22,822,1,9860.9,2,2,5,4,225,At Risk
1165228,2018-11-07,837,3,3170.02,2,4,3,4,243,At Risk
1165252,2020-02-19,368,2,19621.92,4,3,5,4,435,Loyal Customers
1165338,2020-06-22,244,2,2658.59,5,3,3,3,533,Potential Loyalists
1165391,2020-01-18,400,4,9988.99,4,5,5,5,455,Champions
1165542,2016-01-14,1865,1,9432.89,1,2,5,4,125,Can't Lose Them
1165631,2021-02-12,9,2,1274.0,5,3,2,2,532,Potential Loyalists
1166211,2018-08-29,907,1,992.73,1,2,2,2,122,Lost
1166249,2018-01-30,1118,1,791.97,1,2,1,2,121,Lost
1166537,2018-02-14,1103,1,10998.33,1,2,5,4,125,Can't Lose Them
1166659,2020-02-17,370,2,1690.76,4,3,2,2,432,Potential Loyalists
1167054,2018-07-06,961,1,940.3,1,2,2,2,122,Lost
1167441,2020-03-12,346,3,3580.51,4,4,3,4,443,Loyal Customers
1167718,2019-03-07,717,1,1475.0,2,2,2,2,222,About To Sleep
1167778,2018-12-28,786,1,25.32,2,2,1,2,221,About To Sleep
1167828,2020-02-13,374,2,10271.92,4,3,5,4,435,Loyal Customers
1167961,2019-05-25,638,5,14087.609999999999,2,5,5,5,255,Can't Lose Them
1167987,2020-03-12,346,3,3609.88,4,4,3,4,443,Loyal Customers
1168033,2019-06-29,603,3,10506.54,3,4,5,4,345,Loyal Customers
1168257,2020-04-29,298,3,5789.88,5,4,4,4,544,Loyal Customers
1168405,2018-09-19,886,1,10633.18,1,2,5,4,125,Can't Lose Them
1168577,2019-12-23,426,1,839.93,4,2,1,2,421,Potential Loyalists
1168612,2017-08-12,1289,1,296.0,1,2,1,2,121,Lost
1168645,2019-08-30,541,2,6505.8,3,3,4,4,334,Loyal Customers
1169384,2017-08-09,1292,1,1663.6200000000001,1,2,2,2,122,Lost
1169886,2019-06-28,604,3,3718.63,3,4,3,4,343,Loyal Customers
1169932,2019-10-05,505,2,8339.6,3,3,5,4,335,Loyal Customers
1170254,2018-12-08,806,1,71.16,2,2,1,2,221,About To Sleep
1170274,2018-06-22,975,1,32.99,1,2,1,2,121,Lost
1170323,2020-05-21,276,4,4405.85,5,5,4,4,554,Loyal Customers
1170419,2020-03-05,353,2,12385.5,4,3,5,4,435,Loyal Customers
1170483,2020-02-29,358,1,2068.0,4,2,2,2,422,Potential Loyalists
1170694,2020-01-28,390,2,3903.4,4,3,3,3,433,Loyal Customers
1170755,2019-09-26,514,2,527.92,3,3,1,2,331,Need Attention
1170818,2020-02-06,381,3,4759.71,4,4,4,4,444,Loyal Customers
1170836,2019-12-21,428,4,2256.06,4,5,3,4,453,Loyal Customers
1171071,2019-08-17,554,1,1439.0,3,2,2,2,322,Need Attention
1171088,2018-12-22,792,2,3295.6,2,3,3,3,233,At Risk
1171109,2019-06-01,631,2,1956.98,2,3,2,2,232,About To Sleep
1171135,2019-05-04,659,1,4437.0,2,2,4,3,224,At Risk
1171335,2019-08-19,552,2,760.0799999999999,3,3,1,2,331,Need Attention
1171423,2019-12-18,431,1,696.0,4,2,1,2,421,Potential Loyalists
1172250,2019-08-30,541,2,8417.42,3,3,5,4,335,Loyal Customers
1172620,2016-06-09,1718,1,3427.9300000000003,1,2,3,2,123,Lost
1172845,2017-08-19,1282,1,299.99,1,2,1,2,121,Lost
1173041,2019-09-11,529,1,1004.46,3,2,2,2,322,Need Attention
1173060,2020-08-31,174,2,558.9300000000001,5,3,1,2,531,Potential Loyalists
1173102,2018-12-22,792,1,556.0,2,2,1,2,221,About To Sleep
1173158,2018-10-06,869,1,113.85,2,2,1,2,221,About To Sleep
1173837,2018-08-18,918,1,2275.96,1,2,3,2,123,Lost
1173844,2018-12-28,786,1,10580.26,2,2,5,4,225,At Risk
1173991,2018-10-31,844,2,4988.04,2,3,4,4,234,At Risk
1174179,2019-07-12,590,3,2343.48,3,4,3,4,343,Loyal Customers
1174549,2018-02-19,1098,1,3106.84,1,2,3,2,123,Lost
1174777,2016-06-18,1709,1,1670.89,1,2,2,2,122,Lost
1175192,2018-01-01,1147,1,2383.65,1,2,3,2,123,Lost
1175311,2018-10-08,867,1,7188.97,2,2,4,3,224,At Risk
1175873,2019-12-17,432,2,2975.49,4,3,3,3,433,Loyal Customers
1176216,2020-02-01,386,2,7056.78,4,3,4,4,434,Loyal Customers
1176254,2019-03-11,713,1,6561.99,2,2,4,3,224,At Risk
1176492,2018-02-16,1101,1,140.26,1,2,1,2,121,Lost
1176534,2019-12-30,419,2,322.54,4,3,1,2,431,Potential Loyalists
1176859,2019-10-10,500,1,852.5699999999999,3,2,2,2,322,Need Attention
1178236,2020-03-13,345,3,12714.36,4,4,5,4,445,Loyal Customers
1178352,2018-01-10,1138,2,4485.4800000000005,1,3,4,4,134,Can't Lose Them
1178379,2020-12-29,54,4,5518.610000000001,5,5,4,4,554,Loyal Customers
1178728,2019-08-21,550,4,5693.57,3,5,4,4,354,Loyal Customers
1178952,2019-08-23,548,1,972.88,3,2,2,2,322,Need Attention
1179083,2018-07-16,951,2,5184.64,1,3,4,4,134,Can't Lose Them
1179225,2019-12-17,432,3,4089.3599999999997,4,4,4,4,444,Loyal Customers
1179492,2018-05-25,1003,1,5800.0,1,2,4,3,124,At Risk
1179743,2019-03-05,719,3,12337.97,2,4,5,4,245,At Risk
1179746,2018-05-18,1010,2,7720.95,1,3,5,4,135,Can't Lose Them
1179918,2018-08-18,918,1,3128.1400000000003,1,2,3,2,123,Lost
1179986,2020-05-27,270,3,2908.0,5,4,3,4,543,Loyal Customers
1180067,2020-02-29,358,2,8827.11,4,3,5,4,435,Loyal Customers
1180069,2018-11-13,831,2,1637.5,2,3,2,2,232,About To Sleep
1180909,2019-10-17,493,2,316.98,3,3,1,2,331,Need Attention
1180963,2020-02-20,367,1,1045.0,4,2,2,2,422,Potential Loyalists
1181370,2019-04-24,669,1,6180.0,2,2,4,3,224,At Risk
1181678,2019-07-04,598,2,11213.66,3,3,5,4,335,Loyal Customers
1181812,2020-01-07,411,2,2864.19,4,3,3,3,433,Loyal Customers
1182055,2019-11-22,457,2,1146.4,3,3,2,2,332,Need Attention
1182241,2020-12-03,80,1,1125.8,5,2,2,2,522,Potential Loyalists
1182299,2017-01-27,1486,1,6461.6900000000005,1,2,4,3,124,At Risk
1183039,2019-05-30,633,2,2451.0099999999998,2,3,3,3,233,At Risk
1183290,2019-07-09,593,2,1439.98,3,3,2,2,332,Need Attention
1183661,2020-01-21,397,7,8282.36,4,5,5,5,455,Champions
1184122,2019-07-11,591,1,10977.25,3,2,5,4,325,Loyal Customers
1184236,2020-01-09,409,3,11527.13,4,4,5,4,445,Loyal Customers
1184405,2020-02-26,361,3,11921.91,4,4,5,4,445,Loyal Customers
1185043,2017-11-07,1202,2,10271.92,1,3,5,4,135,Can't Lose Them
1185221,2021-01-02,50,4,20434.27,5,5,5,5,555,Champions
1185276,2020-06-20,246,1,43.7,5,2,1,2,521,Potential Loyalists
1185858,2018-12-12,802,1,399.98,2,2,1,2,221,About To Sleep
1185968,2017-06-24,1338,1,1631.97,1,2,2,2,122,Lost
1186120,2019-01-01,782,1,2120.0,2,2,2,2,222,About To Sleep
1186331,2017-10-02,1238,2,3529.66,1,3,3,3,133,At Risk
1186641,2019-08-14,557,6,3976.9,3,5,3,4,353,Loyal Customers
1186890,2020-02-19,368,2,3034.52,4,3,3,3,433,Loyal Customers
1187160,2020-08-14,191,2,3233.18,5,3,3,3,533,Potential Loyalists
1187306,2018-02-24,1093,2,1767.95,1,3,2,2,132,Lost
1187490,2019-06-26,606,4,7374.21,3,5,4,4,354,Loyal Customers
1187611,2016-01-16,1863,1,3510.0,1,2,3,2,123,Lost
1187681,2019-11-13,466,1,398.0,3,2,1,2,321,Need Attention
1187686,2019-07-16,586,2,3857.42,3,3,3,3,333,Need Attention
1187717,2019-02-13,739,1,4130.4,2,2,4,3,224,At Risk
1188010,2020-02-20,367,1,134.0,4,2,1,2,421,Potential Loyalists
1188359,2018-06-13,984,1,1409.9,1,2,2,2,122,Lost
1188400,2020-01-18,400,6,5764.15,4,5,4,4,454,Loyal Customers
1188481,2019-03-03,721,3,7851.38,2,4,5,4,245,At Risk
1189159,2019-09-14,526,2,747.73,3,3,1,2,331,Need Attention
1189301,2017-02-22,1460,2,269.85,1,3,1,2,131,Lost
1189396,2018-10-26,849,2,7382.6900000000005,2,3,4,4,234,At Risk
1189747,2019-12-21,428,4,25312.75,4,5,5,5,455,Champions
1189849,2019-05-06,657,1,770.09,2,2,1,2,221,About To Sleep
1190146,2018-11-16,828,2,11654.539999999999,2,3,5,4,235,At Risk
1190196,2018-12-27,787,2,5899.969999999999,2,3,4,4,234,At Risk
1190327,2019-02-19,733,2,608.95,2,3,1,2,231,About To Sleep
1190513,2020-02-10,377,4,7184.76,4,5,4,4,454,Loyal Customers
1190648,2019-06-24,608,1,16.169999999999998,2,2,1,2,221,About To Sleep
1190713,2019-12-30,419,3,13233.32,4,4,5,4,445,Loyal Customers
1190907,2020-12-29,54,3,15579.35,5,4,5,4,545,Loyal Customers
1190983,2020-01-24,394,1,8301.11,4,2,5,4,425,Loyal Customers
1191228,2019-12-12,437,4,6748.15,3,5,4,4,354,Loyal Customers
1191344,2016-05-11,1747,1,43.14,1,2,1,2,121,Lost
1191709,2018-12-14,800,2,380.99,2,3,1,2,231,About To Sleep
1191924,2020-02-28,359,1,5652.73,4,2,4,3,424,Loyal Customers
1191954,2020-08-15,190,1,1469.96,5,2,2,2,522,Potential Loyalists
1192075,2018-10-24,851,1,389.0,2,2,1,2,221,About To Sleep
1192163,2016-12-27,1517,1,25.98,1,2,1,2,121,Lost
1192260,2019-02-16,736,2,7309.24,2,3,4,4,234,At Risk
1192602,2019-02-23,729,1,524.99,2,2,1,2,221,About To Sleep
1192665,2020-02-15,372,5,14567.56,4,5,5,5,455,Champions
1193010,2019-02-25,727,2,5182.98,2,3,4,4,234,At Risk
1193644,2019-10-05,505,1,1702.75,3,2,2,2,322,Need Attention
1193695,2019-02-04,748,2,7421.11,2,3,4,4,234,At Risk
1193732,2020-02-20,367,4,9079.23,4,5,5,5,455,Champions
1193800,2018-12-14,800,1,1107.0,2,2,2,2,222,About To Sleep
1194367,2020-01-17,401,3,5745.25,4,4,4,4,444,Loyal Customers
1194540,2018-12-31,783,2,2721.8,2,3,3,3,233,At Risk
1195699,2020-02-21,366,4,11696.85,4,5,5,5,455,Champions
1195913,2020-01-05,413,1,4232.95,4,2,4,3,424,Loyal Customers
1195966,2019-02-22,730,1,1400.0,2,2,2,2,222,About To Sleep
1195986,2018-10-25,850,1,3576.16,2,2,3,2,223,About To Sleep
1196122,2017-02-16,1466,1,339.85,1,2,1,2,121,Lost
1196228,2019-01-11,772,1,596.0,2,2,1,2,221,About To Sleep
1196315,2019-09-05,535,1,969.0,3,2,2,2,322,Need Attention
1196359,2020-02-08,379,2,201.5,4,3,1,2,431,Potential Loyalists
1196380,2018-12-28,786,2,4351.87,2,3,4,4,234,At Risk
1196673,2020-03-16,342,3,2760.73,5,4,3,4,543,Loyal Customers
1196684,2021-01-20,32,4,8036.63,5,5,5,5,555,Champions
1196721,2019-08-10,561,3,4257.5,3,4,4,4,344,Loyal Customers
1196819,2019-11-05,474,1,55.0,3,2,1,2,321,Need Attention
1196834,2019-02-22,730,2,2220.8,2,3,3,3,233,At Risk
1197083,2019-06-19,613,1,747.6,2,2,1,2,221,About To Sleep
1197294,2020-07-16,220,4,12216.73,5,5,5,5,555,Champions
1197455,2019-01-25,758,1,49.0,2,2,1,2,221,About To Sleep
1197658,2018-12-23,791,1,2225.0,2,2,3,2,223,About To Sleep
1197932,2019-10-25,485,5,7674.66,3,5,5,5,355,Loyal Customers
1198127,2017-05-22,1371,3,993.99,1,4,2,3,142,At Risk
1198384,2020-03-04,354,3,6144.469999999999,4,4,4,4,444,Loyal Customers
1198463,2019-12-11,438,2,1216.73,3,3,2,2,332,Need Attention
1198478,2018-11-10,834,1,585.98,2,2,1,2,221,About To Sleep
1198504,2019-08-06,565,2,2923.02,3,3,3,3,333,Need Attention
1198808,2019-02-26,726,1,3595.04,2,2,3,2,223,About To Sleep
1198813,2019-06-15,617,1,4431.4,2,2,4,3,224,At Risk
1199008,2016-03-07,1812,1,680.3299999999999,1,2,1,2,121,Lost
1199293,2018-02-23,1094,1,17.99,1,2,1,2,121,Lost
1199531,2016-06-01,1726,1,1326.8500000000001,1,2,2,2,122,Lost
1199657,2018-05-04,1024,2,1004.6,1,3,2,2,132,Lost
1199660,2020-12-29,54,5,14838.85,5,5,5,5,555,Champions
1199675,2018-10-09,866,1,5006.5,2,2,4,3,224,At Risk
1199757,2016-08-11,1655,1,103.92,1,2,1,2,121,Lost
1200465,2019-06-13,619,2,3262.2,2,3,3,3,233,At Risk
1200642,2018-05-03,1025,1,121.76,1,2,1,2,121,Lost
1200992,2019-07-13,589,2,554.94,3,3,1,2,331,Need Attention
1201045,2020-06-30,236,4,4433.89,5,5,4,4,554,Loyal Customers
1201181,2016-10-01,1604,1,2331.87,1,2,3,2,123,Lost
1201225,2019-07-25,577,7,21276.63,3,5,5,5,355,Loyal Customers
1201619,2017-09-26,1244,1,4601.47,1,2,4,3,124,At Risk
1201865,2020-02-19,368,5,10942.25,4,5,5,5,455,Champions
1202042,2019-07-04,598,2,118.96000000000001,3,3,1,2,331,Need Attention
1202046,2020-01-03,415,4,6264.93,4,5,4,4,454,Loyal Customers
1202353,2020-08-05,200,3,5532.34,5,4,4,4,544,Loyal Customers
1202573,2019-12-11,438,2,751.98,3,3,1,2,331,Need Attention
1202604,2021-01-18,34,3,13254.98,5,4,5,4,545,Loyal Customers
1202635,2019-07-10,592,1,1218.0,3,2,2,2,322,Need Attention
1202659,2017-09-27,1243,2,1365.69,1,3,2,2,132,Lost
1202719,2020-02-13,374,2,2921.94,4,3,3,3,433,Loyal Customers
1202917,2019-01-18,765,3,9273.92,2,4,5,4,245,At Risk
1203201,2020-10-24,120,4,4240.58,5,5,4,4,554,Loyal Customers
1203222,2019-09-09,531,3,23802.089999999997,3,4,5,4,345,Loyal Customers
1203228,2020-09-05,169,5,3020.21,5,5,3,4,553,Loyal Customers
1203443,2018-01-26,1122,1,3.35,1,2,1,2,121,Lost
1203486,2020-04-28,299,2,1796.2,5,3,2,2,532,Potential Loyalists
1203510,2020-01-27,391,3,9337.49,4,4,5,4,445,Loyal Customers
1203511,2020-01-04,414,7,11999.04,4,5,5,5,455,Champions
1203564,2020-12-19,64,5,7124.9400000000005,5,5,4,4,554,Loyal Customers
1203623,2019-12-16,433,2,5868.44,4,3,4,4,434,Loyal Customers
1203628,2019-10-24,486,2,757.99,3,3,1,2,331,Need Attention
1203898,2017-07-13,1319,1,795.9,1,2,1,2,121,Lost
1204304,2019-12-07,442,1,5285.91,3,2,4,3,324,Need Attention
1204396,2019-12-20,429,2,7767.45,4,3,5,4,435,Loyal Customers
1204568,2020-07-13,223,4,8388.93,5,5,5,5,555,Champions
1204679,2018-10-31,844,3,360.21,2,4,1,2,241,About To Sleep
1205065,2018-12-03,811,2,571.72,2,3,1,2,231,About To Sleep
1205531,2021-02-18,3,2,3103.18,5,3,3,3,533,Potential Loyalists
1205636,2017-12-21,1158,1,4654.9,1,2,4,3,124,At Risk
1205641,2019-12-27,422,1,126.9,4,2,1,2,421,Potential Loyalists
1205821,2019-10-11,499,1,57.98,3,2,1,2,321,Need Attention
1206011,2018-12-31,783,2,2865.4700000000003,2,3,3,3,233,At Risk
1206405,2019-12-21,428,3,6945.24,4,4,4,4,444,Loyal Customers
1206414,2019-12-13,436,1,1212.3,3,2,2,2,322,Need Attention
1206473,2019-09-27,513,3,7319.13,3,4,4,4,344,Loyal Customers
1206520,2019-05-27,636,1,545.78,2,2,1,2,221,About To Sleep
1206573,2017-08-16,1285,1,88.62,1,2,1,2,121,Lost
1206948,2018-09-15,890,1,1337.8700000000001,1,2,2,2,122,Lost
1207035,2019-08-15,556,4,2003.03,3,5,2,4,352,Loyal Customers
1207133,2018-08-15,921,1,44.400000000000006,1,2,1,2,121,Lost
1207301,2017-05-01,1392,1,3977.94,1,2,3,2,123,Lost
1207658,2020-02-19,368,3,5462.280000000001,4,4,4,4,444,Loyal Customers
1207956,2017-08-29,1272,3,2211.32,1,4,3,4,143,Can't Lose Them
1208003,2020-11-18,95,5,14143.72,5,5,5,5,555,Champions
1208128,2020-06-19,247,4,2842.99,5,5,3,4,553,Loyal Customers
1208471,2018-12-13,801,2,5730.82,2,3,4,4,234,At Risk
1208558,2016-03-03,1816,1,2023.0,1,2,2,2,122,Lost
1208569,2019-11-05,474,2,813.7,3,3,1,2,331,Need Attention
1208615,2019-06-08,624,6,17980.03,2,5,5,5,255,Can't Lose Them
1208968,2019-06-26,606,5,4308.26,3,5,4,4,354,Loyal Customers
1209026,2021-01-23,29,2,4599.900000000001,5,3,4,4,534,Loyal Customers
1209498,2019-06-25,607,1,3249.0,2,2,3,2,223,About To Sleep
1209524,2019-10-31,479,1,827.98,3,2,1,2,321,Need Attention
1209643,2020-06-20,246,4,4239.18,5,5,4,4,554,Loyal Customers
1209694,2020-07-04,232,1,499.29,5,2,1,2,521,Potential Loyalists
1209835,2020-09-14,160,5,15318.359999999999,5,5,5,5,555,Champions
1210105,2019-08-08,563,5,18393.77,3,5,5,5,355,Loyal Customers
1210288,2019-05-24,639,3,2422.55,2,4,3,4,243,At Risk
1210412,2020-07-18,218,2,4996.41,5,3,4,4,534,Loyal Customers
1210706,2019-08-14,557,4,3710.65,3,5,3,4,353,Loyal Customers
1210809,2019-02-09,743,2,1739.58,2,3,2,2,232,About To Sleep
1211218,2020-05-05,292,3,2485.4700000000003,5,4,3,4,543,Loyal Customers
1211258,2019-10-05,505,1,1188.95,3,2,2,2,322,Need Attention
1211608,2020-05-12,285,2,4234.9,5,3,4,4,534,Loyal Customers
1211642,2019-11-26,453,4,22519.199999999997,3,5,5,5,355,Loyal Customers
1211703,2020-12-09,74,4,8374.94,5,5,5,5,555,Champions
1211756,2017-06-14,1348,1,6783.0,1,2,4,3,124,At Risk
1211796,2020-02-18,369,4,4213.22,4,5,4,4,454,Loyal Customers
1211824,2020-02-17,370,4,6693.23,4,5,4,4,454,Loyal Customers
1212385,2019-12-19,430,4,16388.06,4,5,5,5,455,Champions
1212798,2019-09-14,526,3,1671.89,3,4,2,3,342,Need Attention
1212939,2019-02-02,750,1,455.0,2,2,1,2,221,About To Sleep
1213022,2019-12-14,435,3,1551.95,3,4,2,3,342,Need Attention
1213028,2019-12-17,432,2,837.87,4,3,1,2,431,Potential Loyalists
1213214,2020-07-16,220,4,9159.09,5,5,5,5,555,Champions
1213305,2017-06-08,1354,1,69.0,1,2,1,2,121,Lost
1213454,2020-05-15,282,3,7778.639999999999,5,4,5,4,545,Loyal Customers
1213463,2019-11-29,450,2,252.1,3,3,1,2,331,Need Attention
1213515,2019-11-13,466,3,1346.8899999999999,3,4,2,3,342,Need Attention
1213535,2016-06-25,1702,1,500.91999999999996,1,2,1,2,121,Lost
1213537,2020-12-25,58,3,2243.67,5,4,3,4,543,Loyal Customers
1213953,2019-12-30,419,3,4553.88,4,4,4,4,444,Loyal Customers
1214035,2020-10-09,135,3,14844.35,5,4,5,4,545,Loyal Customers
1214063,2020-02-18,369,2,877.89,4,3,2,2,432,Potential Loyalists
1214232,2019-08-16,555,3,3122.0,3,4,3,4,343,Loyal Customers
1214271,2019-10-24,486,2,1277.9,3,3,2,2,332,Need Attention
1214274,2018-05-24,1004,1,1142.97,1,2,2,2,122,Lost
1214363,2020-01-03,415,2,617.2,4,3,1,2,431,Potential Loyalists
1214389,2018-10-01,874,1,310.0,2,2,1,2,221,About To Sleep
1214791,2018-11-24,820,1,4459.1,2,2,4,3,224,At Risk
1214993,2017-07-21,1311,1,129.9,1,2,1,2,121,Lost
1215249,2018-08-23,913,2,1098.95,1,3,2,2,132,Lost
1215660,2019-10-17,493,4,14127.47,3,5,5,5,355,Loyal Customers
1215693,2021-01-02,50,3,2402.82,5,4,3,4,543,Loyal Customers
1215706,2019-05-20,643,1,316.0,2,2,1,2,221,About To Sleep
1215815,2021-01-05,47,3,7303.5,5,4,4,4,544,Loyal Customers
1216454,2020-12-18,65,2,5907.1,5,3,4,4,534,Loyal Customers
1216890,2020-11-06,107,5,14171.35,5,5,5,5,555,Champions
1216913,2021-02-20,1,4,14499.82,5,5,5,5,555,Champions
1217088,2019-12-25,424,2,8179.27,4,3,5,4,435,Loyal Customers
1217153,2019-09-09,531,3,4167.98,3,4,4,4,344,Loyal Customers
1217161,2019-10-12,498,3,3731.78,3,4,3,4,343,Loyal Customers
1217343,2018-09-22,883,1,1323.56,1,2,2,2,122,Lost
1217450,2019-09-11,529,2,4835.3,3,3,4,4,334,Loyal Customers
1217567,2018-11-02,842,1,6959.0,2,2,4,3,224,At Risk
1218135,2019-07-30,572,3,3673.31,3,4,3,4,343,Loyal Customers
1218187,2020-01-01,417,2,2386.0,4,3,3,3,433,Loyal Customers
1218356,2019-01-08,775,2,1474.82,2,3,2,2,232,About To Sleep
1218412,2020-03-03,355,1,922.5,4,2,2,2,422,Potential Loyalists
1218731,2020-07-21,215,3,4754.94,5,4,4,4,544,Loyal Customers
1218776,2018-12-26,788,2,6796.95,2,3,4,4,234,At Risk
1219366,2019-09-03,537,1,279.98,3,2,1,2,321,Need Attention
1219391,2020-11-28,85,3,12312.089999999998,5,4,5,4,545,Loyal Customers
1219486,2020-01-23,395,3,4689.87,4,4,4,4,444,Loyal Customers
1219636,2019-12-26,423,2,2314.03,4,3,3,3,433,Loyal Customers
1219767,2021-02-09,12,4,3049.0099999999998,5,5,3,4,553,Loyal Customers
1220106,2021-02-20,1,3,5696.44,5,4,4,4,544,Loyal Customers
1220428,2018-12-29,785,1,2741.12,2,2,3,2,223,About To Sleep
1221117,2017-10-12,1228,1,1679.94,1,2,2,2,122,Lost
1221220,2019-01-17,766,1,258.4,2,2,1,2,221,About To Sleep
1221358,2019-05-23,640,3,18246.81,2,4,5,4,245,At Risk
1221391,2019-09-25,515,2,2985.7,3,3,3,3,333,Need Attention
1221793,2019-04-29,664,2,243.95,2,3,1,2,231,About To Sleep
1221906,2019-10-28,482,3,5182.99,3,4,4,4,344,Loyal Customers
1221984,2019-03-16,708,2,5045.79,2,3,4,4,234,At Risk
1222785,2020-08-22,183,1,951.9,5,2,2,2,522,Potential Loyalists
1222892,2019-05-30,633,1,1427.65,2,2,2,2,222,About To Sleep
1223048,2019-05-09,654,3,3870.2,2,4,3,4,243,At Risk
1223111,2020-03-09,349,7,9110.83,4,5,5,5,455,Champions
1223138,2018-11-22,822,2,4878.95,2,3,4,4,234,At Risk
1223141,2017-10-06,1234,1,2104.92,1,2,2,2,122,Lost
1223146,2018-09-09,896,2,751.8900000000001,1,3,1,2,131,Lost
1223270,2020-02-25,362,4,3974.88,4,5,3,4,453,Loyal Customers
1223275,2019-11-23,456,2,1242.33,3,3,2,2,332,Need Attention
1223404,2019-11-06,473,1,229.0,3,2,1,2,321,Need Attention
1224103,2019-12-16,433,2,342.98,4,3,1,2,431,Potential Loyalists
1224252,2018-10-20,855,3,940.98,2,4,2,3,242,At Risk
1224444,2020-01-03,415,4,4047.64,4,5,3,4,453,Loyal Customers
1224615,2021-01-29,23,9,12659.15,5,5,5,5,555,Champions
1224732,2019-02-27,725,2,1393.97,2,3,2,2,232,About To Sleep
1225213,2018-12-15,799,2,3179.88,2,3,3,3,233,At Risk
1226012,2019-06-27,605,2,1145.93,3,3,2,2,332,Need Attention
1226053,2019-10-26,484,2,2262.76,3,3,3,3,333,Need Attention
1226067,2019-07-18,584,2,6856.89,3,3,4,4,334,Loyal Customers
1226164,2020-07-08,228,2,6967.66,5,3,4,4,534,Loyal Customers
1226315,2018-09-11,894,1,383.99,1,2,1,2,121,Lost
1226365,2020-01-16,402,2,4973.99,4,3,4,4,434,Loyal Customers
1226395,2021-02-17,4,6,21222.86,5,5,5,5,555,Champions
1226535,2019-01-15,768,3,4875.01,2,4,4,4,244,At Risk
1226702,2020-12-21,62,3,2457.84,5,4,3,4,543,Loyal Customers
1226752,2020-02-26,361,1,10971.9,4,2,5,4,425,Loyal Customers
1227008,2020-07-11,225,1,4266.5,5,2,4,3,524,Potential Loyalists
1227087,2020-06-25,241,7,13087.66,5,5,5,5,555,Champions
1227108,2018-09-13,892,2,10128.93,1,3,5,4,135,Can't Lose Them
1227572,2016-12-21,1523,1,32.0,1,2,1,2,121,Lost
1227579,2019-05-11,652,2,778.93,2,3,1,2,231,About To Sleep
1227891,2019-06-26,606,2,1992.8700000000001,3,3,2,2,332,Need Attention
1227948,2020-01-17,401,5,5353.0,4,5,4,4,454,Loyal Customers
1227963,2020-02-15,372,4,5293.15,4,5,4,4,454,Loyal Customers
1228187,2019-07-05,597,3,7348.95,3,4,4,4,344,Loyal Customers
1228544,2020-02-22,365,3,9866.72,4,4,5,4,445,Loyal Customers
1228689,2018-10-26,849,1,5827.17,2,2,4,3,224,At Risk
1228710,2020-01-02,416,2,5902.9,4,3,4,4,434,Loyal Customers
1228783,2018-08-29,907,2,3563.84,1,3,3,3,133,At Risk
1229112,2020-02-18,369,3,3414.2,4,4,3,4,443,Loyal Customers
1229492,2017-05-27,1366,1,4022.75,1,2,3,2,123,Lost
1229631,2018-07-14,953,1,57.99,1,2,1,2,121,Lost
1229784,2017-05-19,1374,2,1717.97,1,3,2,2,132,Lost
1230014,2020-03-07,351,2,2844.13,4,3,3,3,433,Loyal Customers
1230028,2019-10-29,481,2,340.82,3,3,1,2,331,Need Attention
1230034,2020-05-19,278,3,10141.65,5,4,5,4,545,Loyal Customers
1230071,2019-05-17,646,3,21823.72,2,4,5,4,245,At Risk
1230319,2020-01-09,409,2,8301.55,4,3,5,4,435,Loyal Customers
1230348,2020-05-01,296,6,9437.95,5,5,5,5,555,Champions
1230356,2018-03-09,1080,1,451.28,1,2,1,2,121,Lost
1230421,2020-01-24,394,5,7056.7,4,5,4,4,454,Loyal Customers
1230469,2018-04-30,1028,3,2017.84,1,4,2,3,142,At Risk
1230567,2017-11-11,1198,1,1617.95,1,2,2,2,122,Lost
1230732,2019-09-14,526,1,3864.98,3,2,3,2,323,Need Attention
1230757,2020-04-30,297,3,1599.75,5,4,2,3,542,Potential Loyalists
1231275,2020-08-20,185,3,6604.99,5,4,4,4,544,Loyal Customers
1231860,2019-09-08,532,2,3729.37,3,3,3,3,333,Need Attention
1231909,2021-01-26,26,7,25492.4,5,5,5,5,555,Champions
1232096,2019-12-28,421,1,1486.86,4,2,2,2,422,Potential Loyalists
1232128,2019-05-06,657,2,1624.69,2,3,2,2,232,About To Sleep
1232212,2020-05-09,288,2,5461.58,5,3,4,4,534,Loyal Customers
1232332,2020-03-13,345,3,20129.52,4,4,5,4,445,Loyal Customers
1232357,2019-02-28,724,4,3260.84,2,5,3,4,253,At Risk
1232377,2019-09-14,526,2,4835.68,3,3,4,4,334,Loyal Customers
1232421,2018-01-20,1128,1,575.0,1,2,1,2,121,Lost
1232687,2017-11-08,1201,3,1727.44,1,4,2,3,142,At Risk
1232857,2019-10-02,508,3,9245.76,3,4,5,4,345,Loyal Customers
1232975,2018-11-30,814,3,2126.65,2,4,2,3,242,At Risk
1233116,2020-12-19,64,3,10361.65,5,4,5,4,545,Loyal Customers
1233278,2019-07-04,598,1,2268.2000000000003,3,2,3,2,323,Need Attention
1233423,2019-11-06,473,1,2540.04,3,2,3,2,323,Need Attention
1233629,2020-05-22,275,2,13044.66,5,3,5,4,535,Loyal Customers
1233674,2019-05-11,652,6,12134.49,2,5,5,5,255,Can't Lose Them
1233782,2018-11-30,814,2,4790.25,2,3,4,4,234,At Risk
1233786,2016-11-11,1563,1,830.85,1,2,1,2,121,Lost
1233842,2020-02-20,367,2,1277.28,4,3,2,2,432,Potential Loyalists
1233925,2019-11-12,467,7,16518.88,3,5,5,5,355,Loyal Customers
1233958,2019-07-13,589,2,1470.96,3,3,2,2,332,Need Attention
1234000,2019-12-25,424,4,7715.21,4,5,5,5,455,Champions
1234127,2019-05-11,652,2,1616.53,2,3,2,2,232,About To Sleep
1234186,2020-08-19,186,1,2176.85,5,2,3,2,523,Potential Loyalists
1234232,2020-01-13,405,3,6229.96,4,4,4,4,444,Loyal Customers
1234478,2019-11-07,472,3,2036.19,3,4,2,3,342,Need Attention
1234624,2019-08-09,562,2,1054.0,3,3,2,2,332,Need Attention
1234648,2020-03-07,351,3,3636.38,4,4,3,4,443,Loyal Customers
1234718,2018-09-21,884,2,12556.39,1,3,5,4,135,Can't Lose Them
1234917,2019-01-28,755,3,1549.72,2,4,2,3,242,At Risk
1234994,2020-01-20,398,1,5756.97,4,2,4,3,424,Loyal Customers
1235071,2019-12-21,428,1,3505.27,4,2,3,2,423,Potential Loyalists
1235364,2019-05-04,659,2,6872.44,2,3,4,4,234,At Risk
1235559,2020-07-07,229,3,5069.24,5,4,4,4,544,Loyal Customers
1235636,2018-12-19,795,1,69.0,2,2,1,2,221,About To Sleep
1235768,2018-11-15,829,1,16361.0,2,2,5,4,225,At Risk
1235846,2019-11-29,450,1,1104.79,3,2,2,2,322,Need Attention
1236256,2016-03-05,1814,1,799.92,1,2,1,2,121,Lost
1236601,2019-10-05,505,2,362.85,3,3,1,2,331,Need Attention
1236924,2018-11-14,830,1,382.95,2,2,1,2,221,About To Sleep
1236959,2020-01-01,417,6,16670.89,4,5,5,5,455,Champions
1237096,2018-12-26,788,3,2741.81,2,4,3,4,243,At Risk
1237493,2020-07-18,218,1,659.8499999999999,5,2,1,2,521,Potential Loyalists
1237683,2020-07-01,235,1,13.76,5,2,1,2,521,Potential Loyalists
1237819,2020-10-03,141,1,864.0,5,2,2,2,522,Potential Loyalists
1237927,2021-02-20,1,1,29.97,5,2,1,2,521,Potential Loyalists
1237959,2019-03-08,716,1,7519.75,2,2,5,4,225,At Risk
1238419,2020-02-02,385,3,1449.83,4,4,2,3,442,Loyal Customers
1238645,2018-06-29,968,3,7109.53,1,4,4,4,144,Can't Lose Them
1238858,2020-08-21,184,2,1831.96,5,3,2,2,532,Potential Loyalists
1238868,2018-06-08,989,1,1415.91,1,2,2,2,122,Lost
1239188,2019-07-15,587,2,3631.88,3,3,3,3,333,Need Attention
1239282,2019-06-16,616,4,9102.060000000001,2,5,5,5,255,Can't Lose Them
1239387,2021-01-09,43,7,11533.46,5,5,5,5,555,Champions
1239466,2019-02-28,724,1,1489.78,2,2,2,2,222,About To Sleep
1239489,2020-02-13,374,3,4358.18,4,4,4,4,444,Loyal Customers
1239749,2019-10-07,503,1,3960.85,3,2,3,2,323,Need Attention
1239772,2017-05-12,1381,1,2723.0,1,2,3,2,123,Lost
1239780,2019-11-20,459,5,8091.24,3,5,5,5,355,Loyal Customers
1240113,2019-08-13,558,2,1628.94,3,3,2,2,332,Need Attention
1240195,2019-12-26,423,3,4446.78,4,4,4,4,444,Loyal Customers
1240319,2019-06-21,611,3,11741.74,2,4,5,4,245,At Risk
1240329,2019-02-19,733,1,749.97,2,2,1,2,221,About To Sleep
1240339,2016-09-05,1630,1,526.95,1,2,1,2,121,Lost
1240472,2020-01-13,405,4,8682.119999999999,4,5,5,5,455,Champions
1240492,2019-02-09,743,1,310.36,2,2,1,2,221,About To Sleep
1240494,2018-10-13,862,1,1079.94,2,2,2,2,222,About To Sleep
1240530,2018-02-18,1099,5,7188.29,1,5,4,4,154,Can't Lose Them
1240603,2020-02-15,372,1,129.0,4,2,1,2,421,Potential Loyalists
1240746,2019-08-20,551,3,957.8199999999999,3,4,2,3,342,Need Attention
1240776,2020-11-21,92,3,3642.37,5,4,3,4,543,Loyal Customers
1240904,2021-02-06,15,6,9577.05,5,5,5,5,555,Champions
1240910,2019-09-10,530,4,4372.29,3,5,4,4,354,Loyal Customers
1241018,2018-12-30,784,2,2316.6,2,3,3,3,233,At Risk
1241093,2020-07-15,221,2,1484.87,5,3,2,2,532,Potential Loyalists
1241140,2020-02-27,360,4,5805.32,4,5,4,4,454,Loyal Customers
1241190,2019-12-27,422,4,7493.61,4,5,4,4,454,Loyal Customers
1241312,2019-12-07,442,1,4067.9700000000003,3,2,3,2,323,Need Attention
1241542,2020-12-01,82,2,8079.87,5,3,5,4,535,Loyal Customers
1241547,2019-06-06,626,2,8609.4,2,3,5,4,235,At Risk
1241710,2020-05-29,268,1,969.0,5,2,2,2,522,Potential Loyalists
1241747,2019-08-31,540,2,1598.94,3,3,2,2,332,Need Attention
1241748,2020-09-11,163,2,1590.97,5,3,2,2,532,Potential Loyalists
1241860,2019-12-31,418,3,4229.92,4,4,4,4,444,Loyal Customers
1242018,2020-11-06,107,3,6735.21,5,4,4,4,544,Loyal Customers
1242050,2020-03-02,356,2,5074.61,4,3,4,4,434,Loyal Customers
1242320,2021-01-02,50,3,3108.69,5,4,3,4,543,Loyal Customers
1242463,2020-12-12,71,3,11068.7,5,4,5,4,545,Loyal Customers
1242475,2019-05-08,655,1,2511.0,2,2,3,2,223,About To Sleep
1242504,2019-11-16,463,1,839.8,3,2,1,2,321,Need Attention
1242570,2020-06-22,244,1,9.99,5,2,1,2,521,Potential Loyalists
1242885,2018-08-07,929,2,10556.92,1,3,5,4,135,Can't Lose Them
1242927,2020-10-03,141,1,936.97,5,2,2,2,522,Potential Loyalists
1243331,2020-06-27,239,7,5451.77,5,5,4,4,554,Loyal Customers
1243578,2019-01-31,752,1,279.0,2,2,1,2,221,About To Sleep
1243658,2020-01-01,417,2,2698.91,4,3,3,3,433,Loyal Customers
1243894,2020-05-30,267,6,24683.3,5,5,5,5,555,Champions
1244004,2020-07-28,208,2,955.96,5,3,2,2,532,Potential Loyalists
1244073,2019-08-15,556,1,2710.97,3,2,3,2,323,Need Attention
1244285,2021-01-05,47,5,9811.06,5,5,5,5,555,Champions
1245017,2020-01-01,417,2,6525.94,4,3,4,4,434,Loyal Customers
1245138,2020-09-16,158,4,10177.92,5,5,5,5,555,Champions
1245490,2020-05-09,288,1,259.99,5,2,1,2,521,Potential Loyalists
1245533,2020-10-02,142,2,5843.97,5,3,4,4,534,Loyal Customers
1245575,2020-07-17,219,2,2771.45,5,3,3,3,533,Potential Loyalists
1245587,2020-01-18,400,2,6388.59,4,3,4,4,434,Loyal Customers
1245616,2016-04-30,1758,1,1198.93,1,2,2,2,122,Lost
1245877,2018-09-08,897,3,6971.889999999999,1,4,4,4,144,Can't Lose Them
1245904,2019-05-30,633,2,1392.3000000000002,2,3,2,2,232,About To Sleep
1246129,2020-05-28,269,4,9698.63,5,5,5,5,555,Champions
1246299,2018-10-28,847,1,109.0,2,2,1,2,221,About To Sleep
1246530,2019-12-29,420,1,7982.75,4,2,5,4,425,Loyal Customers
1246638,2020-12-24,59,1,3641.99,5,2,3,2,523,Potential Loyalists
1246775,2019-10-03,507,3,22026.260000000002,3,4,5,4,345,Loyal Customers
1246890,2018-11-13,831,1,1331.38,2,2,2,2,222,About To Sleep
1247074,2019-08-08,563,4,1778.4399999999998,3,5,2,4,352,Loyal Customers
1247375,2019-07-26,576,1,2005.44,3,2,2,2,322,Need Attention
1247394,2021-01-28,24,6,10047.98,5,5,5,5,555,Champions
1247524,2019-05-04,659,2,6059.1,2,3,4,4,234,At Risk
1247605,2021-02-13,8,2,782.86,5,3,1,2,531,Potential Loyalists
1248024,2020-01-04,414,3,8139.610000000001,4,4,5,4,445,Loyal Customers
1248028,2019-07-20,582,3,4364.74,3,4,4,4,344,Loyal Customers
1248112,2017-05-24,1369,1,132.99,1,2,1,2,121,Lost
1248803,2019-12-28,421,1,188.0,4,2,1,2,421,Potential Loyalists
1248847,2021-01-28,24,7,34858.48,5,5,5,5,555,Champions
1248961,2020-08-06,199,7,25604.54,5,5,5,5,555,Champions
1249166,2019-10-05,505,1,659.9399999999999,3,2,1,2,321,Need Attention
1249191,2020-01-22,396,2,4322.99,4,3,4,4,434,Loyal Customers
1250029,2020-05-02,295,4,12404.92,5,5,5,5,555,Champions
1250036,2020-05-02,295,2,7955.49,5,3,5,4,535,Loyal Customers
1250060,2020-07-11,225,1,1514.0,5,2,2,2,522,Potential Loyalists
1250408,2016-07-30,1667,1,2929.55,1,2,3,2,123,Lost
1250427,2019-12-24,425,2,995.94,4,3,2,2,432,Potential Loyalists
1250603,2020-02-22,365,2,6353.89,4,3,4,4,434,Loyal Customers
1250754,2020-01-27,391,2,869.99,4,3,2,2,432,Potential Loyalists
1250867,2020-03-03,355,1,1268.6,4,2,2,2,422,Potential Loyalists
1250933,2020-10-30,114,3,5953.71,5,4,4,4,544,Loyal Customers
1250940,2020-06-19,247,2,519.79,5,3,1,2,531,Potential Loyalists
1251181,2021-02-18,3,5,11312.24,5,5,5,5,555,Champions
1251211,2019-02-07,745,2,956.94,2,3,2,2,232,About To Sleep
1251230,2019-12-30,419,2,802.8100000000001,4,3,1,2,431,Potential Loyalists
1251347,2019-02-18,734,1,1145.0,2,2,2,2,222,About To Sleep
1251360,2019-03-05,719,2,4389.63,2,3,4,4,234,At Risk
1251392,2019-02-08,744,2,1238.41,2,3,2,2,232,About To Sleep
1251398,2020-07-02,234,3,1704.04,5,4,2,3,542,Potential Loyalists
1251726,2019-11-09,470,4,4007.65,3,5,3,4,353,Loyal Customers
1251782,2019-08-31,540,1,604.95,3,2,1,2,321,Need Attention
1251931,2021-01-28,24,3,1173.67,5,4,2,3,542,Potential Loyalists
1252167,2020-09-16,158,3,7697.37,5,4,5,4,545,Loyal Customers
1252370,2018-07-11,956,2,5682.42,1,3,4,4,134,Can't Lose Them
1252384,2020-01-15,403,1,628.0,4,2,1,2,421,Potential Loyalists
1252582,2018-12-24,790,2,800.0,2,3,1,2,231,About To Sleep
1252738,2020-01-23,395,1,2315.18,4,2,3,2,423,Potential Loyalists
1253166,2020-06-12,254,6,18864.170000000002,5,5,5,5,555,Champions
1253509,2017-06-10,1352,1,6672.0,1,2,4,3,124,At Risk
1253732,2020-02-22,365,6,9799.75,4,5,5,5,455,Champions
1253855,2019-08-22,549,3,11884.82,3,4,5,4,345,Loyal Customers
1253996,2019-12-25,424,3,10304.8,4,4,5,4,445,Loyal Customers
1254069,2018-10-11,864,1,8779.949999999999,2,2,5,4,225,At Risk
1254329,2021-02-05,16,5,16345.86,5,5,5,5,555,Champions
1254388,2019-07-15,587,2,340.0,3,3,1,2,331,Need Attention
1254497,2019-10-19,491,2,1574.4499999999998,3,3,2,2,332,Need Attention
1254510,2021-02-19,2,4,8588.8,5,5,5,5,555,Champions
1254806,2020-08-20,185,3,2077.2400000000002,5,4,2,3,542,Potential Loyalists
1254923,2017-02-10,1472,1,2899.99,1,2,3,2,123,Lost
1255045,2020-01-13,405,2,4861.93,4,3,4,4,434,Loyal Customers
1255402,2020-09-24,150,5,10744.66,5,5,5,5,555,Champions
1255483,2016-10-18,1587,1,667.52,1,2,1,2,121,Lost
1255497,2020-03-07,351,2,3590.32,4,3,3,3,433,Loyal Customers
1255742,2019-10-31,479,4,6490.37,3,5,4,4,354,Loyal Customers
1255805,2020-02-04,383,2,3758.58,4,3,3,3,433,Loyal Customers
1256029,2018-10-19,856,1,386.96,2,2,1,2,221,About To Sleep
1256108,2018-08-25,911,3,9477.54,1,4,5,4,145,Can't Lose Them
1256256,2020-12-21,62,7,24321.44,5,5,5,5,555,Champions
1256284,2020-02-16,371,3,8311.07,4,4,5,4,445,Loyal Customers
1256294,2019-06-13,619,2,2029.6399999999999,2,3,2,2,232,About To Sleep
1256645,2020-01-11,407,2,8793.779999999999,4,3,5,4,435,Loyal Customers
1256783,2018-10-25,850,1,75.9,2,2,1,2,221,About To Sleep
1256803,2019-08-23,548,1,2269.5499999999997,3,2,3,2,323,Need Attention
1256860,2020-02-02,385,4,10408.33,4,5,5,5,455,Champions
1257286,2018-11-20,824,1,459.8,2,2,1,2,221,About To Sleep
1257326,2019-10-08,502,1,13166.27,3,2,5,4,325,Loyal Customers
1257514,2020-05-30,267,1,5427.0,5,2,4,3,524,Potential Loyalists
1257599,2019-10-23,487,4,2350.83,3,5,3,4,353,Loyal Customers
1257627,2020-09-16,158,2,2682.61,5,3,3,3,533,Potential Loyalists
1257713,2017-07-28,1304,1,1030.0,1,2,2,2,122,Lost
1258033,2017-02-01,1481,1,2861.86,1,2,3,2,123,Lost
1258056,2019-02-27,725,1,5219.91,2,2,4,3,224,At Risk
1258398,2019-11-06,473,3,10585.96,3,4,5,4,345,Loyal Customers
1258466,2018-11-08,836,2,2158.23,2,3,2,2,232,About To Sleep
1258687,2018-02-25,1092,1,2713.98,1,2,3,2,123,Lost
1258917,2016-02-22,1826,1,11478.66,1,2,5,4,125,Can't Lose Them
1259204,2019-01-02,781,2,2444.46,2,3,3,3,233,At Risk
1259448,2019-12-04,445,5,12287.43,3,5,5,5,355,Loyal Customers
1259548,2020-08-22,183,1,4012.96,5,2,3,2,523,Potential Loyalists
1259633,2021-02-18,3,2,8171.89,5,3,5,4,535,Loyal Customers
1259841,2019-03-09,715,2,10439.5,2,3,5,4,235,At Risk
1259925,2019-08-17,554,3,5551.21,3,4,4,4,344,Loyal Customers
1260058,2017-12-23,1156,2,4444.3,1,3,4,4,134,Can't Lose Them
1260533,2016-01-02,1877,1,3399.99,1,2,3,2,123,Lost
1260588,2020-04-28,299,5,16889.53,5,5,5,5,555,Champions
1261112,2020-08-14,191,3,5635.41,5,4,4,4,544,Loyal Customers
1261289,2020-01-24,394,4,11826.56,4,5,5,5,455,Champions
1261460,2021-02-17,4,4,18856.54,5,5,5,5,555,Champions
1261691,2019-08-22,549,3,1616.94,3,4,2,3,342,Need Attention
1261718,2020-05-19,278,2,2254.5800000000004,5,3,3,3,533,Potential Loyalists
1261825,2018-12-12,802,3,5985.219999999999,2,4,4,4,244,At Risk
1262038,2020-01-09,409,2,3500.9,4,3,3,3,433,Loyal Customers
1262082,2019-04-30,663,1,877.0,2,2,2,2,222,About To Sleep
1262399,2019-01-03,780,1,19.98,2,2,1,2,221,About To Sleep
1262414,2020-01-27,391,8,9149.87,4,5,5,5,455,Champions
1262429,2018-12-22,792,2,1656.53,2,3,2,2,232,About To Sleep
1262470,2020-01-17,401,2,10245.28,4,3,5,4,435,Loyal Customers
1262657,2020-02-11,376,1,193.61999999999998,4,2,1,2,421,Potential Loyalists
1262704,2018-11-16,828,2,3782.93,2,3,3,3,233,At Risk
1263104,2019-12-28,421,4,7008.52,4,5,4,4,454,Loyal Customers
1263184,2020-02-22,365,1,1099.9299999999998,4,2,2,2,422,Potential Loyalists
1263679,2020-06-04,262,4,1625.4699999999998,5,5,2,4,552,Loyal Customers
1263798,2019-09-05,535,5,5279.66,3,5,4,4,354,Loyal Customers
1263974,2019-09-23,517,3,4182.33,3,4,4,4,344,Loyal Customers
1264011,2018-12-30,784,2,3117.8,2,3,3,3,233,At Risk
1264100,2020-01-01,417,5,28587.08,4,5,5,5,455,Champions
1264277,2016-09-01,1634,1,774.98,1,2,1,2,121,Lost
1264513,2020-02-22,365,2,752.01,4,3,1,2,431,Potential Loyalists
1264784,2019-05-23,640,3,891.97,2,4,2,3,242,At Risk
1264805,2020-12-09,74,4,8178.37,5,5,5,5,555,Champions
1264862,2020-11-12,101,2,3285.9,5,3,3,3,533,Potential Loyalists
1264875,2019-01-17,766,3,3854.6,2,4,3,4,243,At Risk
1264890,2020-10-27,117,1,1349.5,5,2,2,2,522,Potential Loyalists
1264949,2019-12-31,418,1,493.96,4,2,1,2,421,Potential Loyalists
1264963,2020-08-03,202,1,23.72,5,2,1,2,521,Potential Loyalists
1264970,2019-08-15,556,1,1995.9,3,2,2,2,322,Need Attention
1264995,2020-08-10,195,2,6192.98,5,3,4,4,534,Loyal Customers
1265115,2020-08-26,179,4,7389.32,5,5,4,4,554,Loyal Customers
1265147,2019-08-02,569,1,3049.5,3,2,3,2,323,Need Attention
1265271,2019-02-23,729,3,2606.21,2,4,3,4,243,At Risk
1265357,2021-01-08,44,3,1389.63,5,4,2,3,542,Potential Loyalists
1265799,2019-11-13,466,2,772.95,3,3,1,2,331,Need Attention
1265898,2021-01-19,33,3,961.95,5,4,2,3,542,Potential Loyalists
1266006,2021-02-06,15,3,10378.93,5,4,5,4,545,Loyal Customers
1266191,2020-02-12,375,1,1183.99,4,2,2,2,422,Potential Loyalists
1266410,2017-12-27,1152,1,2936.6,1,2,3,2,123,Lost
1266756,2020-01-02,416,3,3714.97,4,4,3,4,443,Loyal Customers
1266796,2019-05-22,641,4,11454.71,2,5,5,5,255,Can't Lose Them
1266821,2019-05-08,655,4,5969.62,2,5,4,4,254,At Risk
1266939,2020-01-23,395,4,4766.0199999999995,4,5,4,4,454,Loyal Customers
1266981,2020-03-06,352,3,3424.78,4,4,3,4,443,Loyal Customers
1266986,2020-01-29,389,3,2828.75,4,4,3,4,443,Loyal Customers
1267352,2019-01-28,755,3,2213.8900000000003,2,4,3,4,243,At Risk
1267627,2020-12-25,58,4,25239.35,5,5,5,5,555,Champions
1267678,2020-06-23,243,1,969.0,5,2,2,2,522,Potential Loyalists
1267860,2016-12-23,1521,1,1398.0,1,2,2,2,122,Lost
1267970,2020-01-07,411,2,1456.0,4,3,2,2,432,Potential Loyalists
1267986,2020-02-20,367,3,6216.6900000000005,4,4,4,4,444,Loyal Customers
1268170,2021-02-19,2,3,8534.869999999999,5,4,5,4,545,Loyal Customers
1268392,2020-02-21,366,2,5077.2,4,3,4,4,434,Loyal Customers
1268661,2020-09-26,148,10,20814.25,5,5,5,5,555,Champions
1268744,2020-02-19,368,5,10926.78,4,5,5,5,455,Champions
1268964,2020-03-07,351,3,10232.06,4,4,5,4,445,Loyal Customers
1269051,2016-01-01,1878,1,1519.94,1,2,2,2,122,Lost
1269245,2020-12-14,69,2,441.83,5,3,1,2,531,Potential Loyalists
1269390,2020-11-09,104,2,3938.67,5,3,3,3,533,Potential Loyalists
1269780,2018-09-25,880,1,156.0,1,2,1,2,121,Lost
1269972,2020-02-22,365,1,1935.94,4,2,2,2,422,Potential Loyalists
1270042,2019-11-02,477,1,831.8,3,2,1,2,321,Need Attention
1270130,2019-07-20,582,2,4766.93,3,3,4,4,334,Loyal Customers
1270231,2019-08-17,554,1,3292.0,3,2,3,2,323,Need Attention
1270426,2021-01-12,40,3,1223.63,5,4,2,3,542,Potential Loyalists
1270478,2020-12-29,54,3,7593.61,5,4,5,4,545,Loyal Customers
1270510,2019-11-13,466,1,835.95,3,2,1,2,321,Need Attention
1270520,2019-02-23,729,1,298.99,2,2,1,2,221,About To Sleep
1270627,2020-01-29,389,4,4738.11,4,5,4,4,454,Loyal Customers
1270898,2017-10-12,1228,1,690.0,1,2,1,2,121,Lost
1270948,2016-12-15,1529,1,59.96,1,2,1,2,121,Lost
1271222,2019-01-05,778,2,3527.5299999999997,2,3,3,3,233,At Risk
1271239,2017-12-18,1161,2,18173.739999999998,1,3,5,4,135,Can't Lose Them
1271549,2019-09-18,522,1,1024.0,3,2,2,2,322,Need Attention
1271830,2020-05-28,269,2,662.0,5,3,1,2,531,Potential Loyalists
1271947,2019-08-24,547,5,12544.67,3,5,5,5,355,Loyal Customers
1271984,2019-05-06,657,1,1672.0,2,2,2,2,222,About To Sleep
1272086,2021-02-06,15,4,15280.28,5,5,5,5,555,Champions
1272285,2019-09-04,536,3,4299.32,3,4,4,4,344,Loyal Customers
1272438,2016-10-08,1597,1,359.98,1,2,1,2,121,Lost
1272497,2019-02-02,750,5,5518.51,2,5,4,4,254,At Risk
1273372,2020-12-04,79,3,2976.86,5,4,3,4,543,Loyal Customers
1273533,2020-08-10,195,2,1284.8700000000001,5,3,2,2,532,Potential Loyalists
1273672,2019-12-25,424,1,253.8,4,2,1,2,421,Potential Loyalists
1273792,2019-09-07,533,1,2692.76,3,2,3,2,323,Need Attention
1273837,2020-01-30,388,3,9638.99,4,4,5,4,445,Loyal Customers
1274532,2018-12-27,787,2,1646.62,2,3,2,2,232,About To Sleep
1274790,2019-10-09,501,4,3372.63,3,5,3,4,353,Loyal Customers
1274951,2019-05-31,632,2,11602.109999999999,2,3,5,4,235,At Risk
1275055,2020-06-20,246,2,7270.0,5,3,4,4,534,Loyal Customers
1275061,2020-05-02,295,5,9966.36,5,5,5,5,555,Champions
1275472,2019-05-20,643,1,1476.0,2,2,2,2,222,About To Sleep
1275496,2016-06-01,1726,1,785.45,1,2,1,2,121,Lost
1275802,2019-03-14,710,3,5779.52,2,4,4,4,244,At Risk
1276047,2018-11-22,822,1,2308.0,2,2,3,2,223,About To Sleep
1276079,2016-11-12,1562,1,5133.96,1,2,4,3,124,At Risk
1276232,2020-09-29,145,3,1893.89,5,4,2,3,542,Potential Loyalists
1276329,2020-01-24,394,3,10414.6,4,4,5,4,445,Loyal Customers
1276598,2018-12-03,811,4,20138.58,2,5,5,5,255,Can't Lose Them
1276606,2019-12-17,432,1,1142.23,4,2,2,2,422,Potential Loyalists
1276810,2020-02-27,360,3,4996.17,4,4,4,4,444,Loyal Customers
1276836,2019-06-12,620,4,3927.9700000000003,2,5,3,4,253,At Risk
1276853,2018-07-19,948,1,1142.72,1,2,2,2,122,Lost
1276975,2019-11-07,472,3,2440.39,3,4,3,4,343,Loyal Customers
1277143,2018-06-15,982,1,479.97,1,2,1,2,121,Lost
1277243,2020-09-05,169,6,14337.71,5,5,5,5,555,Champions
1277723,2020-05-09,288,7,8474.7,5,5,5,5,555,Champions
1277798,2020-01-03,415,1,590.5699999999999,4,2,1,2,421,Potential Loyalists
1277888,2018-08-28,908,2,640.32,1,3,1,2,131,Lost
1277982,2018-11-24,820,1,249.99,2,2,1,2,221,About To Sleep
1278242,2019-09-13,527,2,2161.0,3,3,3,3,333,Need Attention
1278417,2019-11-09,470,3,5958.6,3,4,4,4,344,Loyal Customers
1278507,2019-12-23,426,2,2284.15,4,3,3,3,433,Loyal Customers
1278561,2020-02-08,379,2,3883.85,4,3,3,3,433,Loyal Customers
1278619,2020-08-08,197,4,6407.85,5,5,4,4,554,Loyal Customers
1278642,2019-08-07,564,2,2372.87,3,3,3,3,333,Need Attention
1278844,2020-01-23,395,1,1105.0,4,2,2,2,422,Potential Loyalists
1279175,2020-08-21,184,6,8138.03,5,5,5,5,555,Champions
1279307,2020-12-09,74,2,13619.18,5,3,5,4,535,Loyal Customers
1279342,2019-12-20,429,4,4055.41,4,5,3,4,453,Loyal Customers
1279546,2020-01-09,409,3,6530.45,4,4,4,4,444,Loyal Customers
1279593,2019-12-15,434,2,821.95,3,3,1,2,331,Need Attention
1279867,2019-10-03,507,2,11014.380000000001,3,3,5,4,335,Loyal Customers
1280639,2020-03-11,347,3,4502.0599999999995,4,4,4,4,444,Loyal Customers
1280672,2019-05-23,640,2,3131.0,2,3,3,3,233,At Risk
1280813,2020-02-14,373,1,5.5,4,2,1,2,421,Potential Loyalists
1280832,2019-10-03,507,1,3782.7,3,2,3,2,323,Need Attention
1281023,2019-12-03,446,2,3363.58,3,3,3,3,333,Need Attention
1281027,2020-05-09,288,1,2039.8000000000002,5,2,2,2,522,Potential Loyalists
1281061,2018-12-24,790,1,610.66,2,2,1,2,221,About To Sleep
1281531,2020-08-14,191,4,14381.1,5,5,5,5,555,Champions
1281684,2017-05-01,1392,2,607.88,1,3,1,2,131,Lost
1281731,2019-12-07,442,2,10208.45,3,3,5,4,335,Loyal Customers
1281867,2020-02-15,372,2,1739.68,4,3,2,2,432,Potential Loyalists
1282455,2019-07-18,584,4,3864.81,3,5,3,4,353,Loyal Customers
1282783,2020-02-18,369,1,4001.7,4,2,3,2,423,Potential Loyalists
1282801,2021-02-20,1,5,32743.52,5,5,5,5,555,Champions
1283320,2019-01-05,778,2,5071.97,2,3,4,4,234,At Risk
1283754,2019-12-23,426,5,9241.93,4,5,5,5,455,Champions
1283914,2020-05-14,283,3,14163.25,5,4,5,4,545,Loyal Customers
1283971,2019-12-23,426,1,598.0,4,2,1,2,421,Potential Loyalists
1284129,2016-09-02,1633,1,112.0,1,2,1,2,121,Lost
1284180,2019-09-24,516,3,4312.18,3,4,4,4,344,Loyal Customers
1284244,2020-10-10,134,3,2170.23,5,4,3,4,543,Loyal Customers
1284322,2020-01-27,391,3,8669.949999999999,4,4,5,4,445,Loyal Customers
1284353,2020-01-01,417,3,4242.17,4,4,4,4,444,Loyal Customers
1284621,2017-05-04,1389,1,3784.2,1,2,3,2,123,Lost
1284640,2020-06-20,246,2,2467.6,5,3,3,3,533,Potential Loyalists
1284668,2019-05-20,643,1,88.62,2,2,1,2,221,About To Sleep
1284776,2020-05-28,269,4,6911.62,5,5,4,4,554,Loyal Customers
1284778,2020-05-28,269,1,2085.78,5,2,2,2,522,Potential Loyalists
1284918,2019-05-09,654,3,2075.4,2,4,2,3,242,At Risk
1284953,2019-12-30,419,7,14463.619999999999,4,5,5,5,455,Champions
1285539,2018-01-09,1139,1,2214.0,1,2,3,2,123,Lost
1285541,2020-12-02,81,2,1030.85,5,3,2,2,532,Potential Loyalists
1285548,2017-01-28,1485,1,169.99,1,2,1,2,121,Lost
1285725,2020-10-15,129,3,4202.3,5,4,4,4,544,Loyal Customers
1285972,2021-02-08,13,4,14816.68,5,5,5,5,555,Champions
1286466,2019-09-16,524,2,8053.0,3,3,5,4,335,Loyal Customers
1286508,2019-12-03,446,1,8702.89,3,2,5,4,325,Loyal Customers
1286602,2019-08-16,555,10,27443.91,3,5,5,5,355,Loyal Customers
1286816,2020-02-26,361,2,4382.52,4,3,4,4,434,Loyal Customers
1286959,2019-12-10,439,3,1403.37,3,4,2,3,342,Need Attention
1287333,2019-12-07,442,3,17042.989999999998,3,4,5,4,345,Loyal Customers
1287610,2020-01-06,412,2,17238.25,4,3,5,4,435,Loyal Customers
1287767,2019-08-08,563,1,1507.8,3,2,2,2,322,Need Attention
1287822,2020-02-26,361,1,296.0,4,2,1,2,421,Potential Loyalists
1287862,2019-06-14,618,6,7711.41,2,5,5,5,255,Can't Lose Them
1288183,2019-07-09,593,1,2028.0,3,2,2,2,322,Need Attention
1288206,2020-09-18,156,2,4600.99,5,3,4,4,534,Loyal Customers
1288319,2019-10-14,496,2,1823.05,3,3,2,2,332,Need Attention
1288469,2019-12-24,425,2,8505.69,4,3,5,4,435,Loyal Customers
1288611,2019-02-19,733,1,668.0,2,2,1,2,221,About To Sleep
1288708,2020-11-03,110,4,6114.62,5,5,4,4,554,Loyal Customers
1288830,2020-04-27,300,2,5644.85,5,3,4,4,534,Loyal Customers
1288961,2019-12-24,425,3,3627.05,4,4,3,4,443,Loyal Customers
1288974,2018-06-08,989,2,991.1,1,3,2,2,132,Lost
1289001,2020-12-29,54,5,11702.96,5,5,5,5,555,Champions
1289129,2019-11-23,456,1,32.0,3,2,1,2,321,Need Attention
1289422,2019-12-27,422,2,1914.91,4,3,2,2,432,Potential Loyalists
1289480,2019-07-06,596,1,55.56,3,2,1,2,321,Need Attention
1289490,2020-10-22,122,4,3954.39,5,5,3,4,553,Loyal Customers
1290119,2019-12-30,419,4,4457.24,4,5,4,4,454,Loyal Customers
1290284,2018-09-06,899,3,8350.49,1,4,5,4,145,Can't Lose Them
1290423,2020-06-25,241,1,10139.789999999999,5,2,5,4,525,Loyal Customers
1290828,2020-10-26,118,3,4160.93,5,4,4,4,544,Loyal Customers
1290859,2017-12-16,1163,1,1582.0,1,2,2,2,122,Lost
1291365,2019-11-14,465,2,1435.07,3,3,2,2,332,Need Attention
1291393,2020-07-24,212,1,3205.83,5,2,3,2,523,Potential Loyalists
1291411,2019-12-18,431,1,289.99,4,2,1,2,421,Potential Loyalists
1291414,2019-10-22,488,4,10483.59,3,5,5,5,355,Loyal Customers
1291470,2019-10-09,501,1,139.0,3,2,1,2,321,Need Attention
1291471,2020-07-07,229,3,5053.9400000000005,5,4,4,4,544,Loyal Customers
1291868,2017-11-28,1181,3,870.49,1,4,2,3,142,At Risk
1291961,2019-07-21,581,1,678.0,3,2,1,2,321,Need Attention
1291980,2020-05-31,266,3,3922.34,5,4,3,4,543,Loyal Customers
1292067,2020-02-24,363,1,329.97,4,2,1,2,421,Potential Loyalists
1292088,2019-03-14,710,1,408.26,2,2,1,2,221,About To Sleep
1292130,2017-05-13,1380,1,2349.8500000000004,1,2,3,2,123,Lost
1292219,2019-02-09,743,1,6598.92,2,2,4,3,224,At Risk
1292236,2018-06-27,970,1,4792.2,1,2,4,3,124,At Risk
1292238,2020-05-20,277,1,1416.95,5,2,2,2,522,Potential Loyalists
1292262,2019-06-22,610,1,75.96000000000001,2,2,1,2,221,About To Sleep
1292476,2019-06-20,612,1,203.98,2,2,1,2,221,About To Sleep
1292482,2017-12-23,1156,2,8225.95,1,3,5,4,135,Can't Lose Them
1292543,2016-12-30,1514,2,912.8,1,3,2,2,132,Lost
1292710,2020-02-20,367,3,2563.86,4,4,3,4,443,Loyal Customers
1292915,2019-08-13,558,1,3968.94,3,2,3,2,323,Need Attention
1292949,2021-01-11,41,2,1736.04,5,3,2,2,532,Potential Loyalists
1293114,2019-06-29,603,1,55.0,3,2,1,2,321,Need Attention
1293219,2019-11-12,467,2,615.72,3,3,1,2,331,Need Attention
1293305,2017-01-05,1508,1,1944.95,1,2,2,2,122,Lost
1293441,2020-02-11,376,2,1032.61,4,3,2,2,432,Potential Loyalists
1293475,2020-07-05,231,1,26.0,5,2,1,2,521,Potential Loyalists
1293489,2019-06-20,612,2,2703.18,2,3,3,3,233,At Risk
1294022,2019-03-16,708,1,668.97,2,2,1,2,221,About To Sleep
1294164,2020-03-11,347,3,15547.9,4,4,5,4,445,Loyal Customers
1294285,2019-05-23,640,1,900.49,2,2,2,2,222,About To Sleep
1294340,2018-08-30,906,1,1035.0,1,2,2,2,122,Lost
1294690,2019-11-23,456,2,1423.9,3,3,2,2,332,Need Attention
1294829,2020-05-16,281,1,738.0,5,2,1,2,521,Potential Loyalists
1294899,2020-06-30,236,5,4463.9400000000005,5,5,4,4,554,Loyal Customers
1294910,2017-02-03,1479,1,5054.96,1,2,4,3,124,At Risk
1294930,2019-09-12,528,2,1570.96,3,3,2,2,332,Need Attention
1294953,2020-12-24,59,2,2662.67,5,3,3,3,533,Potential Loyalists
1295068,2019-09-16,524,5,6779.64,3,5,4,4,354,Loyal Customers
1295403,2016-12-24,1520,1,1992.87,1,2,2,2,122,Lost
1295467,2020-10-24,120,1,798.97,5,2,1,2,521,Potential Loyalists
1295537,2019-12-07,442,8,10258.96,3,5,5,5,355,Loyal Customers
1295545,2019-10-22,488,2,2844.93,3,3,3,3,333,Need Attention
1295740,2019-10-31,479,2,846.97,3,3,1,2,331,Need Attention
1295793,2019-06-04,628,4,4442.7,2,5,4,4,254,At Risk
1295834,2019-02-11,741,1,379.96,2,2,1,2,221,About To Sleep
1296282,2020-01-11,407,3,4242.29,4,4,4,4,444,Loyal Customers
1296866,2016-01-30,1849,1,4028.89,1,2,3,2,123,Lost
1297155,2019-12-25,424,4,8271.76,4,5,5,5,455,Champions
1297686,2018-12-11,803,2,1230.79,2,3,2,2,232,About To Sleep
1297782,2019-03-16,708,2,2089.1200000000003,2,3,2,2,232,About To Sleep
1297804,2019-07-20,582,1,192.23000000000002,3,2,1,2,321,Need Attention
1297890,2018-10-01,874,3,3005.06,2,4,3,4,243,At Risk
1298027,2016-12-23,1521,1,5418.38,1,2,4,3,124,At Risk
1298070,2020-07-03,233,5,10568.95,5,5,5,5,555,Champions
1298635,2020-11-05,108,4,4597.9,5,5,4,4,554,Loyal Customers
1298688,2020-03-13,345,2,7546.48,4,3,5,4,435,Loyal Customers
1299041,2019-02-16,736,2,2887.49,2,3,3,3,233,At Risk
1299161,2019-07-03,599,2,1729.87,3,3,2,2,332,Need Attention
1299855,2020-12-09,74,3,8945.75,5,4,5,4,545,Loyal Customers
1299894,2016-11-19,1555,2,1514.78,1,3,2,2,132,Lost
1299971,2020-02-14,373,1,779.97,4,2,1,2,421,Potential Loyalists
1300132,2020-05-13,284,3,11196.89,5,4,5,4,545,Loyal Customers
1300250,2018-06-11,986,1,6846.9,1,2,4,3,124,At Risk
1300575,2019-12-30,419,2,512.0,4,3,1,2,431,Potential Loyalists
1300622,2019-07-09,593,3,2751.99,3,4,3,4,343,Loyal Customers
1300668,2019-12-19,430,1,9.99,4,2,1,2,421,Potential Loyalists
1300742,2020-09-02,172,3,2220.79,5,4,3,4,543,Loyal Customers
1300892,2020-03-10,348,4,4242.9,4,5,4,4,454,Loyal Customers
1301181,2020-08-31,174,4,8292.54,5,5,5,5,555,Champions
1301194,2019-10-22,488,1,1219.38,3,2,2,2,322,Need Attention
1301542,2019-07-16,586,5,5339.2699999999995,3,5,4,4,354,Loyal Customers
1301552,2019-11-16,463,4,3137.89,3,5,3,4,353,Loyal Customers
1301565,2020-02-15,372,3,8082.2,4,4,5,4,445,Loyal Customers
1302010,2019-01-24,759,3,16809.09,2,4,5,4,245,At Risk
1302333,2019-05-30,633,2,3502.9300000000003,2,3,3,3,233,At Risk
1302636,2016-03-03,1816,1,345.0,1,2,1,2,121,Lost
1302679,2020-09-09,165,4,9129.61,5,5,5,5,555,Champions
1302817,2021-02-18,3,4,22175.03,5,5,5,5,555,Champions
1302853,2019-06-04,628,2,550.99,2,3,1,2,231,About To Sleep
1302998,2017-03-02,1452,2,1748.91,1,3,2,2,132,Lost
1303284,2019-12-12,437,2,1508.8000000000002,3,3,2,2,332,Need Attention
1303346,2019-01-23,760,1,1203.12,2,2,2,2,222,About To Sleep
1303360,2020-12-26,57,5,9487.29,5,5,5,5,555,Champions
1303448,2019-12-05,444,3,3091.9700000000003,3,4,3,4,343,Loyal Customers
1303513,2019-12-28,421,1,116.88,4,2,1,2,421,Potential Loyalists
1303868,2018-11-22,822,1,6440.35,2,2,4,3,224,At Risk
1303880,2019-06-27,605,1,453.31,3,2,1,2,321,Need Attention
1303887,2020-09-17,157,2,1223.88,5,3,2,2,532,Potential Loyalists
1304026,2018-09-07,898,2,3855.66,1,3,3,3,133,At Risk
1304093,2019-08-13,558,6,9014.710000000001,3,5,5,5,355,Loyal Customers
1304549,2019-12-13,436,5,17847.76,3,5,5,5,355,Loyal Customers
1304950,2018-01-02,1146,1,6991.71,1,2,4,3,124,At Risk
1305082,2020-03-04,354,5,33999.52,4,5,5,5,455,Champions
1305098,2018-02-03,1114,1,1950.96,1,2,2,2,122,Lost
1305152,2017-12-18,1161,1,11414.97,1,2,5,4,125,Can't Lose Them
1305544,2019-11-05,474,1,641.97,3,2,1,2,321,Need Attention
1305559,2019-03-02,722,1,4127.89,2,2,4,3,224,At Risk
1305648,2018-09-25,880,1,4503.0,1,2,4,3,124,At Risk
1306013,2020-10-17,127,4,5066.45,5,5,4,4,554,Loyal Customers
1306101,2020-11-05,108,3,6453.7,5,4,4,4,544,Loyal Customers
1306301,2019-06-10,622,4,4330.9800000000005,2,5,4,4,254,At Risk
1306371,2018-02-15,1102,1,765.9,1,2,1,2,121,Lost
1306378,2019-02-28,724,4,6511.6,2,5,4,4,254,At Risk
1306536,2020-01-14,404,4,14090.56,4,5,5,5,455,Champions
1306550,2018-05-11,1017,1,7699.24,1,2,5,4,125,Can't Lose Them
1306559,2020-08-24,181,5,2986.45,5,5,3,4,553,Loyal Customers
1306594,2018-11-21,823,1,179.97,2,2,1,2,221,About To Sleep
1306739,2020-12-19,64,4,3102.48,5,5,3,4,553,Loyal Customers
1306768,2017-11-08,1201,1,1021.69,1,2,2,2,122,Lost
1306783,2019-01-10,773,1,179.99,2,2,1,2,221,About To Sleep
1306792,2019-11-16,463,2,1947.55,3,3,2,2,332,Need Attention
1306881,2020-03-09,349,3,7497.8,4,4,5,4,445,Loyal Customers
1307023,2020-05-20,277,7,16312.84,5,5,5,5,555,Champions
1307135,2019-08-15,556,2,13902.219999999998,3,3,5,4,335,Loyal Customers
1307296,2018-06-02,995,2,12580.91,1,3,5,4,135,Can't Lose Them
1307508,2020-02-06,381,1,4263.0,4,2,4,3,424,Loyal Customers
1307638,2020-07-10,226,4,4664.88,5,5,4,4,554,Loyal Customers
1307704,2019-11-25,454,4,6950.2,3,5,4,4,354,Loyal Customers
1307834,2020-05-23,274,1,1334.0,5,2,2,2,522,Potential Loyalists
1307997,2021-01-02,50,4,7977.94,5,5,5,5,555,Champions
1308091,2020-12-22,61,1,9879.98,5,2,5,4,525,Loyal Customers
1308399,2020-05-05,292,1,646.96,5,2,1,2,521,Potential Loyalists
1308604,2019-08-31,540,1,57.88,3,2,1,2,321,Need Attention
1308706,2019-12-09,440,5,3939.98,3,5,3,4,353,Loyal Customers
1308901,2019-05-08,655,1,13.89,2,2,1,2,221,About To Sleep
1308993,2016-05-28,1730,1,37.98,1,2,1,2,121,Lost
1309027,2020-05-26,271,2,29020.82,5,3,5,4,535,Loyal Customers
1309256,2019-07-13,589,3,5044.32,3,4,4,4,344,Loyal Customers
1309524,2020-09-09,165,2,5296.299999999999,5,3,4,4,534,Loyal Customers
1310047,2019-12-25,424,2,797.81,4,3,1,2,431,Potential Loyalists
1310150,2019-11-14,465,1,896.99,3,2,2,2,322,Need Attention
1310201,2020-08-24,181,5,14590.560000000001,5,5,5,5,555,Champions
1310403,2019-12-31,418,6,20589.98,4,5,5,5,455,Champions
1310468,2020-09-30,144,2,1754.91,5,3,2,2,532,Potential Loyalists
1310493,2018-12-06,808,1,2455.6,2,2,3,2,223,About To Sleep
1310699,2018-09-13,892,2,7269.5,1,3,4,4,134,Can't Lose Them
1311008,2020-03-07,351,2,17259.89,4,3,5,4,435,Loyal Customers
1311030,2019-12-31,418,6,8621.16,4,5,5,5,455,Champions
1311674,2020-01-28,390,2,2498.25,4,3,3,3,433,Loyal Customers
1311675,2019-01-15,768,1,3611.3999999999996,2,2,3,2,223,About To Sleep
1311681,2020-02-17,370,1,5097.969999999999,4,2,4,3,424,Loyal Customers
1311776,2020-01-08,410,4,5714.98,4,5,4,4,454,Loyal Customers
1312078,2020-12-18,65,7,20078.74,5,5,5,5,555,Champions
1312168,2021-01-28,24,7,18188.12,5,5,5,5,555,Champions
1312497,2019-08-14,557,1,227.64000000000001,3,2,1,2,321,Need Attention
1312510,2018-05-24,1004,1,1157.97,1,2,2,2,122,Lost
1312610,2018-10-16,859,1,2116.0,2,2,2,2,222,About To Sleep
1312920,2020-03-12,346,4,12251.97,4,5,5,5,455,Champions
1313113,2020-01-11,407,9,11720.3,4,5,5,5,455,Champions
1313198,2018-10-02,873,3,4595.57,2,4,4,4,244,At Risk
1313253,2019-12-30,419,2,6925.23,4,3,4,4,434,Loyal Customers
1313316,2019-07-19,583,1,244.82,3,2,1,2,321,Need Attention
1313504,2020-01-23,395,3,4562.99,4,4,4,4,444,Loyal Customers
1313665,2017-12-20,1159,2,7747.950000000001,1,3,5,4,135,Can't Lose Them
1313754,2020-08-20,185,2,3910.87,5,3,3,3,533,Potential Loyalists
1313973,2019-03-15,709,1,144.95,2,2,1,2,221,About To Sleep
1314263,2018-01-03,1145,1,1206.98,1,2,2,2,122,Lost
1314363,2018-11-27,817,1,2274.0,2,2,3,2,223,About To Sleep
1314582,2020-12-22,61,2,119.97999999999999,5,3,1,2,531,Potential Loyalists
1314795,2019-01-26,757,1,421.43,2,2,1,2,221,About To Sleep
1314859,2019-06-27,605,2,12815.76,3,3,5,4,335,Loyal Customers
1314888,2020-01-18,400,2,1777.65,4,3,2,2,432,Potential Loyalists
1314915,2020-06-16,250,2,1326.9,5,3,2,2,532,Potential Loyalists
1314990,2019-11-23,456,1,283.87,3,2,1,2,321,Need Attention
1315137,2019-01-29,754,1,1838.0,2,2,2,2,222,About To Sleep
1315177,2019-11-23,456,1,2150.0,3,2,2,2,322,Need Attention
1315208,2020-02-19,368,3,6877.11,4,4,4,4,444,Loyal Customers
1315379,2018-12-19,795,2,2772.44,2,3,3,3,233,At Risk
1315506,2020-01-29,389,3,1262.08,4,4,2,3,442,Loyal Customers
1315611,2019-10-23,487,2,926.79,3,3,2,2,332,Need Attention
1315621,2020-12-26,57,4,5107.71,5,5,4,4,554,Loyal Customers
1315898,2020-07-09,227,4,6798.11,5,5,4,4,554,Loyal Customers
1316237,2019-11-30,449,5,17855.42,3,5,5,5,355,Loyal Customers
1316290,2018-07-05,962,1,439.97,1,2,1,2,121,Lost
1316297,2020-07-11,225,3,4194.71,5,4,4,4,544,Loyal Customers
1316604,2019-12-21,428,2,10519.23,4,3,5,4,435,Loyal Customers
1316622,2021-01-21,31,3,2854.0899999999997,5,4,3,4,543,Loyal Customers
1316702,2019-01-01,782,2,1647.93,2,3,2,2,232,About To Sleep
1316816,2020-01-04,414,4,14044.91,4,5,5,5,455,Champions
1317031,2018-09-27,878,2,3776.2,1,3,3,3,133,At Risk
1317157,2021-02-12,9,1,519.98,5,2,1,2,521,Potential Loyalists
1317281,2020-02-22,365,3,3642.12,4,4,3,4,443,Loyal Customers
1317634,2016-03-16,1803,1,12200.93,1,2,5,4,125,Can't Lose Them
1317733,2020-07-11,225,4,5202.0599999999995,5,5,4,4,554,Loyal Customers
1318168,2019-07-02,600,2,11493.96,3,3,5,4,335,Loyal Customers
1318218,2020-03-06,352,1,1379.4,4,2,2,2,422,Potential Loyalists
1318330,2019-09-20,520,2,6301.5199999999995,3,3,4,4,334,Loyal Customers
1318393,2020-08-26,179,5,8643.78,5,5,5,5,555,Champions
1318608,2019-01-02,781,3,16751.71,2,4,5,4,245,At Risk
1318625,2020-05-27,270,1,300.0,5,2,1,2,521,Potential Loyalists
1318857,2019-07-30,572,2,2718.27,3,3,3,3,333,Need Attention
1319072,2019-09-04,536,3,3815.45,3,4,3,4,343,Loyal Customers
1319327,2019-12-12,437,2,1314.38,3,3,2,2,332,Need Attention
1319610,2019-09-13,527,2,4121.73,3,3,4,4,334,Loyal Customers
1319657,2019-05-13,650,2,4563.13,2,3,4,4,234,At Risk
1319752,2019-05-16,647,2,1726.77,2,3,2,2,232,About To Sleep
1320115,2019-12-23,426,1,2383.6,4,2,3,2,423,Potential Loyalists
1320638,2019-09-09,531,1,284.95,3,2,1,2,321,Need Attention
1320851,2019-01-03,780,3,4625.45,2,4,4,4,244,At Risk
1321513,2016-10-15,1590,2,2718.94,1,3,3,3,133,At Risk
1321532,2020-02-25,362,3,4943.43,4,4,4,4,444,Loyal Customers
1321913,2020-03-13,345,3,7466.76,4,4,4,4,444,Loyal Customers
1322029,2020-06-06,260,4,6697.72,5,5,4,4,554,Loyal Customers
1322032,2020-10-17,127,3,5027.27,5,4,4,4,544,Loyal Customers
1322224,2018-09-19,886,1,199.98,1,2,1,2,121,Lost
1322428,2019-01-21,762,1,119.98,2,2,1,2,221,About To Sleep
1322538,2019-10-15,495,1,380.0,3,2,1,2,321,Need Attention
1322851,2016-10-28,1577,1,12307.57,1,2,5,4,125,Can't Lose Them
1322927,2020-12-30,53,3,1304.86,5,4,2,3,542,Potential Loyalists
1322959,2019-02-13,739,2,678.21,2,3,1,2,231,About To Sleep
1323098,2019-11-01,478,2,374.73,3,3,1,2,331,Need Attention
1323338,2021-01-04,48,2,4931.2,5,3,4,4,534,Loyal Customers
1323445,2020-05-14,283,1,569.78,5,2,1,2,521,Potential Loyalists
1323545,2019-10-05,505,1,1904.97,3,2,2,2,322,Need Attention
1323882,2019-08-14,557,5,7691.05,3,5,5,5,355,Loyal Customers
1323897,2018-12-20,794,1,322.0,2,2,1,2,221,About To Sleep
1323956,2020-09-09,165,3,6266.35,5,4,4,4,544,Loyal Customers
1324146,2020-05-26,271,2,1836.0,5,3,2,2,532,Potential Loyalists
1324262,2020-12-15,68,3,8234.03,5,4,5,4,545,Loyal Customers
1324451,2019-12-24,425,3,2841.9,4,4,3,4,443,Loyal Customers
1324581,2020-02-21,366,6,15247.83,4,5,5,5,455,Champions
1324602,2017-03-02,1452,2,4478.87,1,3,4,4,134,Can't Lose Them
1324742,2018-01-15,1133,2,1556.15,1,3,2,2,132,Lost
1324842,2020-02-22,365,5,2689.54,4,5,3,4,453,Loyal Customers
1324963,2016-02-08,1840,1,1491.97,1,2,2,2,122,Lost
1325088,2020-08-25,180,2,6345.91,5,3,4,4,534,Loyal Customers
1325310,2017-12-20,1159,1,2598.0,1,2,3,2,123,Lost
1325567,2020-01-03,415,2,6657.04,4,3,4,4,434,Loyal Customers
1325683,2020-09-17,157,1,863.7,5,2,2,2,522,Potential Loyalists
1325805,2019-10-01,509,7,10898.92,3,5,5,5,355,Loyal Customers
1325989,2019-12-04,445,3,5711.52,3,4,4,4,344,Loyal Customers
1326042,2018-09-21,884,2,8178.94,1,3,5,4,135,Can't Lose Them
1326094,2020-12-12,71,5,7526.7,5,5,5,5,555,Champions
1326141,2018-02-10,1107,1,7801.88,1,2,5,4,125,Can't Lose Them
1326562,2019-12-25,424,2,4249.56,4,3,4,4,434,Loyal Customers
1326610,2018-06-25,972,2,1505.18,1,3,2,2,132,Lost
1326966,2019-10-05,505,2,23728.54,3,3,5,4,335,Loyal Customers
1327071,2020-05-06,291,1,362.0,5,2,1,2,521,Potential Loyalists
1327195,2020-12-03,80,1,3321.95,5,2,3,2,523,Potential Loyalists
1327386,2018-11-30,814,1,2678.8,2,2,3,2,223,About To Sleep
1327623,2020-02-06,381,3,5114.610000000001,4,4,4,4,444,Loyal Customers
1327766,2020-01-09,409,1,2108.96,4,2,2,2,422,Potential Loyalists
1327821,2019-05-07,656,2,6836.049999999999,2,3,4,4,234,At Risk
1328055,2020-09-22,152,10,24736.08,5,5,5,5,555,Champions
1328229,2019-01-04,779,1,1161.0,2,2,2,2,222,About To Sleep
1328273,2020-02-15,372,4,6106.97,4,5,4,4,454,Loyal Customers
1328345,2018-01-27,1121,1,1183.99,1,2,2,2,122,Lost
1328539,2021-01-27,25,3,5143.9400000000005,5,4,4,4,544,Loyal Customers
1328691,2020-02-18,369,3,5173.6,4,4,4,4,444,Loyal Customers
1328708,2018-12-26,788,2,2782.06,2,3,3,3,233,At Risk
1328884,2019-07-20,582,2,1825.0,3,3,2,2,332,Need Attention
1329668,2019-11-29,450,1,2449.86,3,2,3,2,323,Need Attention
1329709,2020-01-01,417,2,2246.37,4,3,3,3,433,Loyal Customers
1329796,2020-02-10,377,3,1657.82,4,4,2,3,442,Loyal Customers
1329996,2020-02-27,360,3,5383.860000000001,4,4,4,4,444,Loyal Customers
1330039,2021-01-30,22,8,21728.71,5,5,5,5,555,Champions
1330142,2019-12-11,438,6,9281.5,3,5,5,5,355,Loyal Customers
1330188,2019-05-09,654,3,2104.98,2,4,2,3,242,At Risk
1330484,2017-03-02,1452,1,3458.97,1,2,3,2,123,Lost
1330560,2020-05-05,292,5,10397.69,5,5,5,5,555,Champions
1330793,2020-02-21,366,2,4753.96,4,3,4,4,434,Loyal Customers
1331346,2018-06-23,974,1,6869.6900000000005,1,2,4,3,124,At Risk
1331394,2020-05-06,291,1,2272.0,5,2,3,2,523,Potential Loyalists
1331532,2020-02-29,358,2,169.48000000000002,4,3,1,2,431,Potential Loyalists
1332152,2019-01-22,761,2,3060.8,2,3,3,3,233,At Risk
1332731,2017-10-26,1214,1,4127.9400000000005,1,2,4,3,124,At Risk
1332991,2018-12-27,787,3,4671.64,2,4,4,4,244,At Risk
1333348,2018-08-17,919,1,1069.9,1,2,2,2,122,Lost
1333425,2019-01-10,773,1,936.99,2,2,2,2,222,About To Sleep
1333477,2020-08-01,204,1,1230.0,5,2,2,2,522,Potential Loyalists
1333939,2019-01-02,781,2,2098.12,2,3,2,2,232,About To Sleep
1333943,2020-12-28,55,4,7807.33,5,5,5,5,555,Champions
1334271,2019-10-30,480,2,2610.7,3,3,3,3,333,Need Attention
1334369,2020-01-05,413,3,12516.88,4,4,5,4,445,Loyal Customers
1334387,2020-02-25,362,5,34490.76,4,5,5,5,455,Champions
1334562,2020-12-31,52,5,8503.9,5,5,5,5,555,Champions
1334931,2020-10-30,114,2,1707.92,5,3,2,2,532,Potential Loyalists
1335146,2019-11-09,470,5,12984.89,3,5,5,5,355,Loyal Customers
1335158,2018-09-15,890,1,237.0,1,2,1,2,121,Lost
1335162,2020-05-23,274,3,5093.77,5,4,4,4,544,Loyal Customers
1335336,2018-11-03,841,1,1647.52,2,2,2,2,222,About To Sleep
1335399,2018-10-30,845,1,505.77,2,2,1,2,221,About To Sleep
1335615,2019-02-14,738,1,1299.95,2,2,2,2,222,About To Sleep
1335682,2020-05-04,293,2,5542.6,5,3,4,4,534,Loyal Customers
1335875,2019-09-06,534,4,5295.57,3,5,4,4,354,Loyal Customers
1336461,2018-11-21,823,2,1508.68,2,3,2,2,232,About To Sleep
1336484,2019-06-05,627,2,657.0,2,3,1,2,231,About To Sleep
1336555,2019-05-31,632,1,382.87,2,2,1,2,221,About To Sleep
1336561,2019-07-06,596,1,88.62,3,2,1,2,321,Need Attention
1336583,2020-01-04,414,2,979.97,4,3,2,2,432,Potential Loyalists
1337241,2020-01-25,393,5,9764.17,4,5,5,5,455,Champions
1337464,2019-08-16,555,3,8329.0,3,4,5,4,345,Loyal Customers
1337730,2016-01-29,1850,1,499.95,1,2,1,2,121,Lost
1337807,2018-07-25,942,1,2006.72,1,2,2,2,122,Lost
1337826,2020-03-03,355,1,921.95,4,2,2,2,422,Potential Loyalists
1338079,2020-02-15,372,2,1218.53,4,3,2,2,432,Potential Loyalists
1338214,2019-08-22,549,3,7421.2,3,4,4,4,344,Loyal Customers
1338243,2020-01-29,389,3,10162.53,4,4,5,4,445,Loyal Customers
1338272,2020-09-15,159,2,1177.46,5,3,2,2,532,Potential Loyalists
1338452,2019-12-14,435,5,6332.53,3,5,4,4,354,Loyal Customers
1338473,2017-01-31,1482,1,1907.5700000000002,1,2,2,2,122,Lost
1338761,2020-05-25,272,2,909.98,5,3,2,2,532,Potential Loyalists
1339173,2020-06-04,262,1,160.23000000000002,5,2,1,2,521,Potential Loyalists
1339269,2019-02-21,731,2,8623.96,2,3,5,4,235,At Risk
1339651,2020-02-13,374,3,1419.44,4,4,2,3,442,Loyal Customers
1340071,2019-11-26,453,1,777.0,3,2,1,2,321,Need Attention
1340104,2020-12-21,62,3,3198.0,5,4,3,4,543,Loyal Customers
1340193,2020-03-02,356,3,4879.81,4,4,4,4,444,Loyal Customers
1340281,2018-10-26,849,1,296.0,2,2,1,2,221,About To Sleep
1340465,2019-02-05,747,1,811.41,2,2,1,2,221,About To Sleep
1340597,2021-01-06,46,2,12138.75,5,3,5,4,535,Loyal Customers
1341076,2021-01-19,33,3,6624.9,5,4,4,4,544,Loyal Customers
1341101,2020-02-29,358,3,7102.26,4,4,4,4,444,Loyal Customers
1341195,2019-11-29,450,2,33362.66,3,3,5,4,335,Loyal Customers
1341338,2020-01-09,409,2,2929.63,4,3,3,3,433,Loyal Customers
1341787,2018-12-24,790,2,2000.85,2,3,2,2,232,About To Sleep
1342011,2018-08-02,934,2,2254.0,1,3,3,3,133,At Risk
1342154,2020-02-15,372,3,1560.25,4,4,2,3,442,Loyal Customers
1342209,2019-12-25,424,2,1854.88,4,3,2,2,432,Potential Loyalists
1342226,2019-12-16,433,2,1364.7200000000003,4,3,2,2,432,Potential Loyalists
1342539,2019-02-02,750,2,2366.83,2,3,3,3,233,At Risk
1342569,2020-05-26,271,6,8527.19,5,5,5,5,555,Champions
1342870,2021-01-30,22,2,5271.96,5,3,4,4,534,Loyal Customers
1342915,2019-07-13,589,4,9689.75,3,5,5,5,355,Loyal Customers
1342972,2020-02-04,383,3,1047.16,4,4,2,3,442,Loyal Customers
1343149,2020-01-07,411,2,3474.46,4,3,3,3,433,Loyal Customers
1343255,2017-06-13,1349,1,2237.8,1,2,3,2,123,Lost
1343695,2019-05-30,633,1,1617.0,2,2,2,2,222,About To Sleep
1343700,2020-05-16,281,5,7425.1,5,5,4,4,554,Loyal Customers
1344122,2019-02-23,729,1,172.0,2,2,1,2,221,About To Sleep
1344166,2020-11-27,86,2,799.89,5,3,1,2,531,Potential Loyalists
1344432,2021-02-11,10,7,14402.99,5,5,5,5,555,Champions
1344457,2017-01-06,1507,1,793.95,1,2,1,2,121,Lost
1344488,2018-07-04,963,2,169.19,1,3,1,2,131,Lost
1344505,2018-09-29,876,2,6780.95,2,3,4,4,234,At Risk
1344733,2019-10-01,509,4,13947.24,3,5,5,5,355,Loyal Customers
1344815,2017-03-01,1453,1,1039.96,1,2,2,2,122,Lost
1344897,2019-10-04,506,2,2464.38,3,3,3,3,333,Need Attention
1344962,2017-02-11,1471,1,1908.54,1,2,2,2,122,Lost
1345382,2019-08-01,570,7,9069.73,3,5,5,5,355,Loyal Customers
1345502,2020-05-13,284,4,5614.16,5,5,4,4,554,Loyal Customers
1345515,2020-01-22,396,2,661.88,4,3,1,2,431,Potential Loyalists
1345643,2019-02-02,750,2,4080.9,2,3,4,4,234,At Risk
1346398,2019-10-11,499,1,1432.0,3,2,2,2,322,Need Attention
1346408,2019-11-30,449,1,576.0,3,2,1,2,321,Need Attention
1346496,2018-05-12,1016,1,2719.8,1,2,3,2,123,Lost
1346532,2020-01-04,414,2,565.5799999999999,4,3,1,2,431,Potential Loyalists
1346534,2020-08-05,200,2,4628.8,5,3,4,4,534,Loyal Customers
1346611,2019-12-07,442,3,574.0,3,4,1,2,341,Need Attention
1346651,2021-01-07,45,4,6765.650000000001,5,5,4,4,554,Loyal Customers
1346790,2020-11-26,87,3,7157.8,5,4,4,4,544,Loyal Customers
1346929,2019-07-08,594,2,3079.4900000000002,3,3,3,3,333,Need Attention
1347067,2019-05-29,634,1,9.48,2,2,1,2,221,About To Sleep
1347239,2019-10-30,480,2,1253.3,3,3,2,2,332,Need Attention
1347405,2020-01-18,400,3,6367.72,4,4,4,4,444,Loyal Customers
1347641,2019-07-18,584,1,5262.21,3,2,4,3,324,Need Attention
1347742,2018-12-06,808,1,56.0,2,2,1,2,221,About To Sleep
1347880,2020-01-08,410,3,7409.27,4,4,4,4,444,Loyal Customers
1347884,2019-02-02,750,2,4328.4,2,3,4,4,234,At Risk
1348253,2020-02-22,365,2,6685.76,4,3,4,4,434,Loyal Customers
1348328,2017-06-03,1359,1,428.99,1,2,1,2,121,Lost
1349069,2019-11-30,449,3,1799.93,3,4,2,3,342,Need Attention
1349131,2020-11-19,94,11,16479.1,5,5,5,5,555,Champions
1349155,2020-05-06,291,2,76.86,5,3,1,2,531,Potential Loyalists
1349711,2016-04-30,1758,1,4687.49,1,2,4,3,124,At Risk
1349918,2021-01-07,45,2,7062.040000000001,5,3,4,4,534,Loyal Customers
1350476,2019-07-02,600,1,621.9300000000001,3,2,1,2,321,Need Attention
1350579,2018-08-29,907,1,899.98,1,2,2,2,122,Lost
1350616,2019-12-19,430,1,19.9,4,2,1,2,421,Potential Loyalists
1350729,2019-12-17,432,2,923.48,4,3,2,2,432,Potential Loyalists
1350819,2019-09-19,521,5,7134.2300000000005,3,5,4,4,354,Loyal Customers
1350916,2019-10-18,492,2,2319.0,3,3,3,3,333,Need Attention
1351006,2020-11-12,101,2,3051.99,5,3,3,3,533,Potential Loyalists
1351245,2020-05-30,267,3,1611.42,5,4,2,3,542,Potential Loyalists
1351308,2020-02-15,372,5,5913.62,4,5,4,4,454,Loyal Customers
1351498,2017-03-04,1450,1,4864.9400000000005,1,2,4,3,124,At Risk
1351590,2019-12-27,422,2,3728.54,4,3,3,3,433,Loyal Customers
1351815,2020-02-13,374,2,3003.25,4,3,3,3,433,Loyal Customers
1352418,2018-02-08,1109,1,2592.0,1,2,3,2,123,Lost
1352605,2018-12-28,786,2,1000.88,2,3,2,2,232,About To Sleep
1352665,2021-02-18,3,3,5942.5,5,4,4,4,544,Loyal Customers
1352703,2021-01-28,24,3,17454.9,5,4,5,4,545,Loyal Customers
1352889,2020-03-14,344,3,4346.44,5,4,4,4,544,Loyal Customers
1352935,2019-12-04,445,4,4989.86,3,5,4,4,354,Loyal Customers
1353111,2020-10-09,135,2,1203.6200000000001,5,3,2,2,532,Potential Loyalists
1353218,2017-02-25,1457,1,2852.66,1,2,3,2,123,Lost
1353398,2020-06-11,255,5,6838.36,5,5,4,4,554,Loyal Customers
1353524,2020-01-03,415,2,1502.6299999999999,4,3,2,2,432,Potential Loyalists
1353538,2019-03-07,717,4,3927.06,2,5,3,4,253,At Risk
1353582,2020-09-01,173,2,2669.89,5,3,3,3,533,Potential Loyalists
1353710,2020-08-21,184,3,2553.8900000000003,5,4,3,4,543,Loyal Customers
1353804,2020-11-26,87,2,1829.42,5,3,2,2,532,Potential Loyalists
1353831,2021-02-19,2,2,2061.73,5,3,2,2,532,Potential Loyalists
1353843,2019-07-13,589,5,13374.97,3,5,5,5,355,Loyal Customers
1353862,2016-05-06,1752,1,686.0,1,2,1,2,121,Lost
1353904,2019-12-30,419,1,1001.0,4,2,2,2,422,Potential Loyalists
1354052,2020-05-06,291,2,812.9300000000001,5,3,1,2,531,Potential Loyalists
1354140,2020-01-14,404,6,20278.47,4,5,5,5,455,Champions
1354143,2016-12-17,1527,1,259.0,1,2,1,2,121,Lost
1354290,2019-09-13,527,2,3122.9300000000003,3,3,3,3,333,Need Attention
1354464,2019-11-20,459,3,5011.18,3,4,4,4,344,Loyal Customers
1354487,2018-12-27,787,1,7406.71,2,2,4,3,224,At Risk
1354873,2020-02-06,381,3,4921.83,4,4,4,4,444,Loyal Customers
1355082,2020-10-22,122,2,7154.0,5,3,4,4,534,Loyal Customers
1355134,2020-02-17,370,3,4819.04,4,4,4,4,444,Loyal Customers
1355146,2019-05-04,659,5,8740.039999999999,2,5,5,5,255,Can't Lose Them
1355155,2019-02-20,732,3,2080.84,2,4,2,3,242,At Risk
1355355,2020-02-20,367,3,3381.75,4,4,3,4,443,Loyal Customers
1355953,2020-02-17,370,3,5369.76,4,4,4,4,444,Loyal Customers
1356668,2020-01-22,396,1,2650.41,4,2,3,2,423,Potential Loyalists
1356695,2020-06-12,254,1,4145.99,5,2,4,3,524,Potential Loyalists
1356871,2016-05-18,1740,1,3615.7,1,2,3,2,123,Lost
1356935,2020-12-26,57,3,3222.95,5,4,3,4,543,Loyal Customers
1357114,2019-12-25,424,3,6327.85,4,4,4,4,444,Loyal Customers
1357266,2020-05-12,285,3,3137.83,5,4,3,4,543,Loyal Customers
1357408,2021-02-08,13,5,10655.76,5,5,5,5,555,Champions
1357822,2019-12-13,436,5,25529.31,3,5,5,5,355,Loyal Customers
1357991,2017-12-16,1163,3,5959.36,1,4,4,4,144,Can't Lose Them
1358239,2018-09-04,901,1,1212.49,1,2,2,2,122,Lost
1358670,2020-08-06,199,2,4291.6,5,3,4,4,534,Loyal Customers
1358676,2019-09-14,526,1,1072.0,3,2,2,2,322,Need Attention
1358700,2019-04-29,664,3,13509.16,2,4,5,4,245,At Risk
1358736,2019-02-25,727,2,4214.48,2,3,4,4,234,At Risk
1358765,2020-01-06,412,5,20377.89,4,5,5,5,455,Champions
1358803,2019-12-31,418,3,7473.9,4,4,4,4,444,Loyal Customers
1358810,2018-07-11,956,1,17.76,1,2,1,2,121,Lost
1359024,2020-01-02,416,4,11588.7,4,5,5,5,455,Champions
1359103,2019-06-01,631,1,151.62,2,2,1,2,221,About To Sleep
1359325,2019-12-14,435,2,5945.7,3,3,4,4,334,Loyal Customers
1359483,2017-06-05,1357,4,7673.599999999999,1,5,5,5,155,Can't Lose Them
1359629,2018-12-20,794,1,3120.0,2,2,3,2,223,About To Sleep
1359727,2020-03-01,357,3,3929.36,4,4,3,4,443,Loyal Customers
1360303,2017-01-06,1507,1,5940.0,1,2,4,3,124,At Risk
1360450,2020-02-22,365,2,2430.86,4,3,3,3,433,Loyal Customers
1360467,2020-08-07,198,4,13334.78,5,5,5,5,555,Champions
1360550,2021-02-12,9,7,30452.44,5,5,5,5,555,Champions
1360697,2019-10-11,499,2,1639.8300000000002,3,3,2,2,332,Need Attention
1360960,2019-01-04,779,3,14079.0,2,4,5,4,245,At Risk
1361042,2019-09-10,530,7,14337.37,3,5,5,5,355,Loyal Customers
1361464,2019-12-31,418,2,2825.38,4,3,3,3,433,Loyal Customers
1361542,2019-10-24,486,3,2528.84,3,4,3,4,343,Loyal Customers
1361682,2020-10-17,127,2,2480.0,5,3,3,3,533,Potential Loyalists
1361958,2019-09-23,517,2,3116.87,3,3,3,3,333,Need Attention
1361969,2017-11-29,1180,1,119.8,1,2,1,2,121,Lost
1362159,2020-07-11,225,1,12893.55,5,2,5,4,525,Loyal Customers
1362686,2019-12-24,425,4,9614.36,4,5,5,5,455,Champions
1362769,2019-11-13,466,2,6846.67,3,3,4,4,334,Loyal Customers
1363027,2021-02-06,15,2,4279.9400000000005,5,3,4,4,534,Loyal Customers
1363203,2019-05-17,646,4,7601.07,2,5,5,5,255,Can't Lose Them
1363258,2019-12-10,439,4,13440.52,3,5,5,5,355,Loyal Customers
1363404,2020-06-24,242,6,5824.37,5,5,4,4,554,Loyal Customers
1363472,2017-08-29,1272,3,6150.67,1,4,4,4,144,Can't Lose Them
1363486,2020-11-19,94,2,3846.35,5,3,3,3,533,Potential Loyalists
1363803,2020-04-28,299,1,25608.739999999998,5,2,5,4,525,Loyal Customers
1364161,2019-11-17,462,1,728.0,3,2,1,2,321,Need Attention
1364298,2021-01-15,37,3,4052.9,5,4,3,4,543,Loyal Customers
1364334,2020-07-15,221,4,1779.87,5,5,2,4,552,Loyal Customers
1364466,2019-01-02,781,4,3763.4900000000002,2,5,3,4,253,At Risk
1364538,2020-01-31,387,1,389.97,4,2,1,2,421,Potential Loyalists
1364716,2019-08-21,550,1,3597.14,3,2,3,2,323,Need Attention
1365036,2021-02-17,4,1,451.87,5,2,1,2,521,Potential Loyalists
1365045,2020-01-04,414,5,8100.88,4,5,5,5,455,Champions
1365090,2020-02-26,361,3,1427.7,4,4,2,3,442,Loyal Customers
1365154,2020-02-22,365,3,12965.77,4,4,5,4,445,Loyal Customers
1365286,2019-02-12,740,2,731.13,2,3,1,2,231,About To Sleep
1365450,2020-08-18,187,2,802.97,5,3,1,2,531,Potential Loyalists
1365840,2020-02-22,365,4,27223.75,4,5,5,5,455,Champions
1366124,2020-03-08,350,3,9077.18,4,4,5,4,445,Loyal Customers
1366250,2020-02-18,369,4,5645.14,4,5,4,4,454,Loyal Customers
1366540,2019-08-15,556,1,1131.99,3,2,2,2,322,Need Attention
1366578,2019-05-18,645,1,298.94,2,2,1,2,221,About To Sleep
1367070,2017-12-16,1163,3,14152.279999999999,1,4,5,4,145,Can't Lose Them
1367180,2020-06-09,257,2,13996.17,5,3,5,4,535,Loyal Customers
1367366,2018-03-06,1083,1,51.38,1,2,1,2,121,Lost
1367439,2019-03-16,708,5,3368.0,2,5,3,4,253,At Risk
1367470,2020-12-26,57,2,2578.5,5,3,3,3,533,Potential Loyalists
1367542,2017-12-30,1149,2,14211.69,1,3,5,4,135,Can't Lose Them
1367691,2017-12-26,1153,2,4636.97,1,3,4,4,134,Can't Lose Them
1367711,2020-02-01,386,4,11317.230000000001,4,5,5,5,455,Champions
1367760,2019-08-30,541,3,3325.86,3,4,3,4,343,Loyal Customers
1367800,2018-07-26,941,3,3362.8399999999997,1,4,3,4,143,Can't Lose Them
1367861,2019-06-21,611,3,802.85,2,4,1,2,241,About To Sleep
1367878,2020-01-07,411,2,2790.42,4,3,3,3,433,Loyal Customers
1368025,2018-01-25,1123,4,9320.380000000001,1,5,5,5,155,Can't Lose Them
1368205,2020-01-24,394,2,2533.9,4,3,3,3,433,Loyal Customers
1368261,2020-02-18,369,3,6151.0,4,4,4,4,444,Loyal Customers
1368275,2020-01-03,415,1,4186.99,4,2,4,3,424,Loyal Customers
1368341,2020-01-18,400,3,2123.27,4,4,2,3,442,Loyal Customers
1368371,2019-01-16,767,1,3329.7000000000003,2,2,3,2,223,About To Sleep
1368372,2019-10-27,483,5,2593.7,3,5,3,4,353,Loyal Customers
1368909,2019-10-12,498,2,1012.62,3,3,2,2,332,Need Attention
1368924,2018-10-27,848,2,5245.15,2,3,4,4,234,At Risk
1369363,2019-12-27,422,5,19671.15,4,5,5,5,455,Champions
1369522,2019-10-17,493,3,2459.9700000000003,3,4,3,4,343,Loyal Customers
1369624,2016-01-19,1860,1,1999.6,1,2,2,2,122,Lost
1369643,2019-10-19,491,2,5702.8,3,3,4,4,334,Loyal Customers
1369647,2020-12-30,53,2,659.89,5,3,1,2,531,Potential Loyalists
1370349,2020-03-08,350,3,4745.9400000000005,4,4,4,4,444,Loyal Customers
1370573,2020-02-13,374,3,1740.14,4,4,2,3,442,Loyal Customers
1370619,2018-03-03,1086,2,1828.99,1,3,2,2,132,Lost
1371177,2020-02-11,376,2,130.89,4,3,1,2,431,Potential Loyalists
1371463,2019-11-09,470,1,431.99,3,2,1,2,321,Need Attention
1371492,2020-06-15,251,2,1205.39,5,3,2,2,532,Potential Loyalists
1371642,2020-02-14,373,5,13829.29,4,5,5,5,455,Champions
1371777,2019-08-13,558,6,6168.51,3,5,4,4,354,Loyal Customers
1372423,2019-02-18,734,2,5075.39,2,3,4,4,234,At Risk
1372502,2020-02-20,367,1,256.0,4,2,1,2,421,Potential Loyalists
1372748,2019-01-02,781,1,569.9,2,2,1,2,221,About To Sleep
1372912,2021-01-21,31,2,308.99,5,3,1,2,531,Potential Loyalists
1373028,2020-09-12,162,2,12290.68,5,3,5,4,535,Loyal Customers
1373079,2019-12-06,443,1,211.61,3,2,1,2,321,Need Attention
1373140,2020-12-26,57,4,14326.720000000001,5,5,5,5,555,Champions
1373148,2019-08-28,543,1,1600.0,3,2,2,2,322,Need Attention
1373363,2019-08-22,549,6,23941.79,3,5,5,5,355,Loyal Customers
1373535,2020-07-15,221,3,22338.170000000002,5,4,5,4,545,Loyal Customers
1373561,2019-11-23,456,5,36817.28,3,5,5,5,355,Loyal Customers
1373602,2019-10-22,488,2,4522.82,3,3,4,4,334,Loyal Customers
1373635,2019-06-19,613,3,1503.87,2,4,2,3,242,At Risk
1373637,2019-09-28,512,2,4838.11,3,3,4,4,334,Loyal Customers
1373708,2021-02-11,10,5,5234.43,5,5,4,4,554,Loyal Customers
1373882,2019-01-10,773,1,1066.0,2,2,2,2,222,About To Sleep
1374050,2021-01-23,29,2,1406.0,5,3,2,2,532,Potential Loyalists
1374276,2017-12-28,1151,1,25.69,1,2,1,2,121,Lost
1374285,2019-10-12,498,3,7383.5,3,4,4,4,344,Loyal Customers
1374314,2020-02-22,365,3,1743.98,4,4,2,3,442,Loyal Customers
1374408,2019-08-23,548,1,246.88,3,2,1,2,321,Need Attention
1374597,2017-11-30,1179,1,167.56,1,2,1,2,121,Lost
1374605,2019-10-31,479,5,18705.31,3,5,5,5,355,Loyal Customers
1374776,2021-01-09,43,1,4603.32,5,2,4,3,524,Potential Loyalists
1375025,2019-06-17,615,1,107.85,2,2,1,2,221,About To Sleep
1375201,2021-02-20,1,2,4632.77,5,3,4,4,534,Loyal Customers
1375230,2020-01-24,394,3,21561.39,4,4,5,4,445,Loyal Customers
1375827,2020-06-18,248,7,10107.73,5,5,5,5,555,Champions
1376346,2018-11-27,817,1,1705.99,2,2,2,2,222,About To Sleep
1376441,2019-02-27,725,1,2777.51,2,2,3,2,223,About To Sleep
1376585,2019-10-31,479,3,1066.6399999999999,3,4,2,3,342,Need Attention
1376687,2019-02-21,731,1,444.9,2,2,1,2,221,About To Sleep
1376798,2018-07-13,954,1,134.8,1,2,1,2,121,Lost
1376991,2019-01-08,775,2,2740.93,2,3,3,3,233,At Risk
1377033,2020-06-06,260,2,223.62,5,3,1,2,531,Potential Loyalists
1377047,2020-03-03,355,1,4564.95,4,2,4,3,424,Loyal Customers
1377152,2020-12-12,71,1,1303.89,5,2,2,2,522,Potential Loyalists
1377195,2020-02-20,367,4,2572.63,4,5,3,4,453,Loyal Customers
1377272,2020-02-29,358,4,11126.34,4,5,5,5,455,Champions
1377677,2021-02-15,6,4,1315.91,5,5,2,4,552,Loyal Customers
1377680,2017-05-17,1376,2,2774.92,1,3,3,3,133,At Risk
1377700,2019-03-04,720,2,9258.53,2,3,5,4,235,At Risk
1377713,2020-10-23,121,2,1054.92,5,3,2,2,532,Potential Loyalists
1378439,2020-06-06,260,3,2146.09,5,4,2,3,542,Potential Loyalists
1378568,2020-05-20,277,2,1115.83,5,3,2,2,532,Potential Loyalists
1378598,2019-02-12,740,2,4758.08,2,3,4,4,234,At Risk
1378700,2017-08-29,1272,1,8216.97,1,2,5,4,125,Can't Lose Them
1378712,2020-02-26,361,1,94.88,4,2,1,2,421,Potential Loyalists
1378782,2021-02-04,17,4,3320.06,5,5,3,4,553,Loyal Customers
1378815,2019-12-31,418,2,7130.969999999999,4,3,4,4,434,Loyal Customers
1378869,2019-06-19,613,1,35.99,2,2,1,2,221,About To Sleep
1378935,2020-06-30,236,3,5188.91,5,4,4,4,544,Loyal Customers
1379027,2017-08-21,1280,2,20076.379999999997,1,3,5,4,135,Can't Lose Them
1379135,2018-12-23,791,1,1343.83,2,2,2,2,222,About To Sleep
1379490,2019-09-07,533,1,5112.39,3,2,4,3,324,Need Attention
1380130,2020-11-06,107,1,2776.0,5,2,3,2,523,Potential Loyalists
1380285,2019-10-23,487,1,920.0,3,2,2,2,322,Need Attention
1380361,2016-05-05,1753,1,664.55,1,2,1,2,121,Lost
1380432,2019-07-09,593,2,1215.9,3,3,2,2,332,Need Attention
1380510,2020-06-15,251,3,14711.49,5,4,5,4,545,Loyal Customers
1380600,2019-08-08,563,5,3587.4,3,5,3,4,353,Loyal Customers
1380607,2017-02-15,1467,2,1309.73,1,3,2,2,132,Lost
1380698,2020-05-27,270,5,7497.11,5,5,5,5,555,Champions
1380707,2019-08-30,541,1,2710.85,3,2,3,2,323,Need Attention
1380720,2020-02-15,372,2,531.5,4,3,1,2,431,Potential Loyalists
1380756,2020-02-21,366,6,5733.69,4,5,4,4,454,Loyal Customers
1381115,2019-06-06,626,2,4209.99,2,3,4,4,234,At Risk
1381264,2017-02-16,1466,1,438.0,1,2,1,2,121,Lost
1381466,2019-02-16,736,4,7924.89,2,5,5,5,255,Can't Lose Them
1381554,2019-12-26,423,2,2756.0,4,3,3,3,433,Loyal Customers
1381579,2021-01-27,25,2,8905.76,5,3,5,4,535,Loyal Customers
1381618,2019-09-10,530,2,1750.51,3,3,2,2,332,Need Attention
1381660,2017-02-25,1457,1,657.0,1,2,1,2,121,Lost
1381762,2017-02-15,1467,1,1486.0,1,2,2,2,122,Lost
1381883,2021-02-03,18,8,13584.55,5,5,5,5,555,Champions
1381899,2019-07-06,596,2,5897.84,3,3,4,4,334,Loyal Customers
1382048,2018-12-14,800,1,2671.71,2,2,3,2,223,About To Sleep
1382192,2018-05-09,1019,2,4541.8,1,3,4,4,134,Can't Lose Them
1382226,2018-10-20,855,2,2790.65,2,3,3,3,233,At Risk
1382863,2020-02-15,372,4,7068.89,4,5,4,4,454,Loyal Customers
1383079,2020-01-04,414,3,2878.16,4,4,3,4,443,Loyal Customers
1383155,2017-03-16,1438,1,564.0,1,2,1,2,121,Lost
1383272,2019-08-27,544,1,558.4,3,2,1,2,321,Need Attention
1383330,2019-08-17,554,2,4548.97,3,3,4,4,334,Loyal Customers
1383605,2018-02-17,1100,4,7248.23,1,5,4,4,154,Can't Lose Them
1383884,2019-12-21,428,2,2753.8,4,3,3,3,433,Loyal Customers
1384111,2020-03-12,346,5,3238.2799999999997,4,5,3,4,453,Loyal Customers
1384179,2019-02-15,737,1,279.99,2,2,1,2,221,About To Sleep
1384221,2019-05-17,646,1,881.4000000000001,2,2,2,2,222,About To Sleep
1384305,2019-05-03,660,1,1614.0,2,2,2,2,222,About To Sleep
1384464,2019-08-30,541,2,3253.81,3,3,3,3,333,Need Attention
1384774,2018-12-14,800,1,4399.96,2,2,4,3,224,At Risk
1385312,2020-02-22,365,2,4640.21,4,3,4,4,434,Loyal Customers
1385392,2018-08-21,915,2,271.98,1,3,1,2,131,Lost
1385421,2019-08-08,563,2,2313.0,3,3,3,3,333,Need Attention
1385491,2019-05-02,661,2,2948.84,2,3,3,3,233,At Risk
1385568,2020-11-24,89,6,14352.14,5,5,5,5,555,Champions
1385828,2020-02-29,358,5,4540.65,4,5,4,4,454,Loyal Customers
1385904,2021-01-21,31,3,3521.0,5,4,3,4,543,Loyal Customers
1386224,2020-12-22,61,4,5003.07,5,5,4,4,554,Loyal Customers
1386380,2020-02-25,362,1,1759.13,4,2,2,2,422,Potential Loyalists
1386439,2019-08-22,549,2,28910.37,3,3,5,4,335,Loyal Customers
1386585,2019-02-20,732,1,359.88,2,2,1,2,221,About To Sleep
1386766,2020-01-05,413,2,62.0,4,3,1,2,431,Potential Loyalists
1386809,2020-12-23,60,1,2437.94,5,2,3,2,523,Potential Loyalists
1386844,2020-02-22,365,2,506.98,4,3,1,2,431,Potential Loyalists
1386926,2020-05-08,289,2,2133.21,5,3,2,2,532,Potential Loyalists
1387026,2018-11-29,815,1,312.45,2,2,1,2,221,About To Sleep
1387156,2016-12-05,1539,1,2935.65,1,2,3,2,123,Lost
1387194,2020-01-30,388,3,214.74,4,4,1,2,441,Potential Loyalists
1387459,2017-08-03,1298,1,779.97,1,2,1,2,121,Lost
1387724,2020-10-23,121,5,2594.69,5,5,3,4,553,Loyal Customers
1387753,2019-01-06,777,3,1672.1,2,4,2,3,242,At Risk
1387959,2020-02-16,371,5,16195.25,4,5,5,5,455,Champions
1388023,2020-02-21,366,10,25236.97,4,5,5,5,455,Champions
1388042,2020-03-07,351,7,16882.19,4,5,5,5,455,Champions
1388246,2016-12-23,1521,1,1838.9,1,2,2,2,122,Lost
1388434,2019-07-03,599,3,8784.9,3,4,5,4,345,Loyal Customers
1388765,2020-05-07,290,5,6369.1900000000005,5,5,4,4,554,Loyal Customers
1388801,2020-05-30,267,6,6698.92,5,5,4,4,554,Loyal Customers
1388923,2018-01-06,1142,1,1638.0,1,2,2,2,122,Lost
1389047,2021-01-01,51,2,912.51,5,3,2,2,532,Potential Loyalists
1389079,2020-12-30,53,4,4408.06,5,5,4,4,554,Loyal Customers
1389309,2018-08-20,916,2,5909.500000000001,1,3,4,4,134,Can't Lose Them
1389310,2018-11-27,817,1,643.88,2,2,1,2,221,About To Sleep
1389440,2019-12-20,429,3,5072.45,4,4,4,4,444,Loyal Customers
1389462,2016-02-10,1838,2,2129.92,1,3,2,2,132,Lost
1389494,2020-01-06,412,3,2580.64,4,4,3,4,443,Loyal Customers
1389502,2020-03-03,355,2,2215.4700000000003,4,3,3,3,433,Loyal Customers
1389511,2019-11-12,467,2,16220.099999999999,3,3,5,4,335,Loyal Customers
1389527,2020-06-19,247,2,163.45,5,3,1,2,531,Potential Loyalists
1389737,2020-02-08,379,2,5532.55,4,3,4,4,434,Loyal Customers
1389855,2019-08-27,544,4,5763.5599999999995,3,5,4,4,354,Loyal Customers
1389867,2020-12-25,58,6,12032.71,5,5,5,5,555,Champions
1390208,2019-02-02,750,2,5601.5,2,3,4,4,234,At Risk
1390213,2020-05-02,295,1,289.99,5,2,1,2,521,Potential Loyalists
1390363,2019-09-09,531,4,10726.51,3,5,5,5,355,Loyal Customers
1390639,2020-02-22,365,2,3178.91,4,3,3,3,433,Loyal Customers
1390823,2020-02-08,379,7,7553.41,4,5,5,5,455,Champions
1391057,2019-10-21,489,4,4228.7300000000005,3,5,4,4,354,Loyal Customers
1391155,2020-05-09,288,2,3293.9700000000003,5,3,3,3,533,Potential Loyalists
1391230,2019-06-11,621,1,287.0,2,2,1,2,221,About To Sleep
1391234,2020-03-04,354,2,4062.08,4,3,3,3,433,Loyal Customers
1391462,2020-01-07,411,5,5661.88,4,5,4,4,454,Loyal Customers
1391759,2020-11-26,87,2,1579.8600000000001,5,3,2,2,532,Potential Loyalists
1392092,2020-09-19,155,4,10181.54,5,5,5,5,555,Champions
1392223,2018-09-29,876,2,1948.99,2,3,2,2,232,About To Sleep
1392224,2018-08-22,914,2,1875.52,1,3,2,2,132,Lost
1392332,2019-12-19,430,4,8266.73,4,5,5,5,455,Champions
1392371,2019-06-12,620,5,15550.130000000001,2,5,5,5,255,Can't Lose Them
1392468,2018-12-31,783,1,438.0,2,2,1,2,221,About To Sleep
1392666,2019-09-04,536,1,6283.42,3,2,4,3,324,Need Attention
1392941,2020-02-26,361,3,10741.93,4,4,5,4,445,Loyal Customers
1393169,2020-05-27,270,4,10483.52,5,5,5,5,555,Champions
1393392,2019-12-26,423,5,23381.99,4,5,5,5,455,Champions
1393425,2018-09-19,886,1,765.9,1,2,1,2,121,Lost
1393738,2016-01-05,1874,1,6306.39,1,2,4,3,124,At Risk
1394326,2020-02-22,365,1,6195.99,4,2,4,3,424,Loyal Customers
1394327,2018-01-25,1123,1,230.0,1,2,1,2,121,Lost
1394461,2018-10-23,852,1,109.99,2,2,1,2,221,About To Sleep
1394921,2020-01-16,402,2,2831.89,4,3,3,3,433,Loyal Customers
1394970,2020-07-02,234,4,11929.67,5,5,5,5,555,Champions
1395293,2020-12-21,62,1,568.0,5,2,1,2,521,Potential Loyalists
1395383,2018-08-20,916,1,49.99,1,2,1,2,121,Lost
1395434,2016-10-20,1585,1,984.0,1,2,2,2,122,Lost
1395464,2020-05-21,276,5,3578.4,5,5,3,4,553,Loyal Customers
1395483,2019-07-01,601,2,6532.77,3,3,4,4,334,Loyal Customers
1395823,2018-12-16,798,1,1180.0,2,2,2,2,222,About To Sleep
1396425,2019-08-09,562,3,5358.67,3,4,4,4,344,Loyal Customers
1396464,2020-06-08,258,4,4723.46,5,5,4,4,554,Loyal Customers
1397180,2020-09-16,158,2,2999.98,5,3,3,3,533,Potential Loyalists
1397271,2020-05-11,286,8,10501.94,5,5,5,5,555,Champions
1397593,2020-07-11,225,4,5499.36,5,5,4,4,554,Loyal Customers
1397652,2019-02-11,741,2,2673.8100000000004,2,3,3,3,233,At Risk
1397681,2019-05-18,645,1,1756.1100000000001,2,2,2,2,222,About To Sleep
1398115,2020-02-27,360,5,12492.81,4,5,5,5,455,Champions
1398124,2019-10-16,494,2,1410.28,3,3,2,2,332,Need Attention
1398193,2018-01-04,1144,1,126.9,1,2,1,2,121,Lost
1398592,2020-08-22,183,3,8517.65,5,4,5,4,545,Loyal Customers
1398769,2020-03-05,353,2,2526.2,4,3,3,3,433,Loyal Customers
1398804,2017-12-23,1156,1,1146.3899999999999,1,2,2,2,122,Lost
1398957,2019-05-20,643,1,599.0,2,2,1,2,221,About To Sleep
1399159,2019-06-25,607,4,2487.99,2,5,3,4,253,At Risk
1399298,2018-08-15,921,1,149.99,1,2,1,2,121,Lost
1399330,2018-11-23,821,2,5532.17,2,3,4,4,234,At Risk
1399512,2019-06-13,619,3,7640.05,2,4,5,4,245,At Risk
1399626,2019-10-19,491,3,2463.33,3,4,3,4,343,Loyal Customers
1400159,2020-02-29,358,6,4586.82,4,5,4,4,454,Loyal Customers
1400201,2020-05-27,270,2,7040.76,5,3,4,4,534,Loyal Customers
1400238,2019-11-23,456,2,809.59,3,3,1,2,331,Need Attention
1400564,2019-12-24,425,4,7838.200000000001,4,5,5,5,455,Champions
1400721,2019-06-17,615,3,3729.9100000000003,2,4,3,4,243,At Risk
1401111,2019-10-02,508,1,3075.0,3,2,3,2,323,Need Attention
1401197,2019-02-21,731,2,5438.4800000000005,2,3,4,4,234,At Risk
1401276,2019-11-04,475,4,9710.54,3,5,5,5,355,Loyal Customers
1401419,2020-06-17,249,3,2228.33,5,4,3,4,543,Loyal Customers
1401445,2019-06-21,611,4,5140.03,2,5,4,4,254,At Risk
1401578,2019-10-26,484,5,13805.84,3,5,5,5,355,Loyal Customers
1401657,2020-09-03,171,4,6477.59,5,5,4,4,554,Loyal Customers
1401888,2018-09-17,888,1,3876.0,1,2,3,2,123,Lost
1402036,2019-12-21,428,4,2681.9,4,5,3,4,453,Loyal Customers
1402096,2018-08-21,915,3,4975.8099999999995,1,4,4,4,144,Can't Lose Them
1402107,2019-07-15,587,1,12202.0,3,2,5,4,325,Loyal Customers
1402689,2020-04-29,298,1,665.9,5,2,1,2,521,Potential Loyalists
1402712,2019-09-13,527,2,1389.7,3,3,2,2,332,Need Attention
1402836,2020-01-20,398,6,20424.36,4,5,5,5,455,Champions
1402912,2019-11-06,473,1,32.0,3,2,1,2,321,Need Attention
1403355,2020-05-06,291,4,5945.81,5,5,4,4,554,Loyal Customers
1403485,2017-12-29,1150,1,58.99,1,2,1,2,121,Lost
1403777,2019-07-27,575,1,184.5,3,2,1,2,321,Need Attention
1404266,2018-06-16,981,1,32.0,1,2,1,2,121,Lost
1404328,2019-05-01,662,2,29988.88,2,3,5,4,235,At Risk
1404342,2020-05-02,295,5,11402.77,5,5,5,5,555,Champions
1404633,2019-10-26,484,1,1339.99,3,2,2,2,322,Need Attention
1404813,2019-12-19,430,3,3918.68,4,4,3,4,443,Loyal Customers
1404840,2019-09-01,539,1,1939.73,3,2,2,2,322,Need Attention
1404845,2019-11-18,461,5,19913.96,3,5,5,5,355,Loyal Customers
1404905,2019-11-16,463,3,4348.3,3,4,4,4,344,Loyal Customers
1405059,2021-01-14,38,3,3614.97,5,4,3,4,543,Loyal Customers
1405105,2019-08-19,552,3,6334.53,3,4,4,4,344,Loyal Customers
1405180,2019-12-03,446,2,4492.47,3,3,4,4,334,Loyal Customers
1405663,2019-02-14,738,2,2355.91,2,3,3,3,233,At Risk
1405778,2021-01-27,25,2,1542.5,5,3,2,2,532,Potential Loyalists
1406079,2020-06-19,247,2,1371.01,5,3,2,2,532,Potential Loyalists
1406094,2019-11-09,470,1,1637.3600000000001,3,2,2,2,322,Need Attention
1406178,2020-12-18,65,5,6595.48,5,5,4,4,554,Loyal Customers
1406216,2020-12-11,72,3,4662.92,5,4,4,4,544,Loyal Customers
1406231,2019-06-19,613,2,6024.25,2,3,4,4,234,At Risk
1406321,2019-05-22,641,1,400.0,2,2,1,2,221,About To Sleep
1406481,2020-01-09,409,4,8041.639999999999,4,5,5,5,455,Champions
1406906,2018-08-13,923,1,365.79999999999995,1,2,1,2,121,Lost
1407125,2019-12-21,428,2,2212.4,4,3,3,3,433,Loyal Customers
1407128,2018-12-19,795,1,10617.0,2,2,5,4,225,At Risk
1407493,2019-10-31,479,3,4894.360000000001,3,4,4,4,344,Loyal Customers
1407506,2019-08-27,544,4,6812.3,3,5,4,4,354,Loyal Customers
1407573,2019-12-30,419,2,5505.9,4,3,4,4,434,Loyal Customers
1407578,2020-01-01,417,3,2546.32,4,4,3,4,443,Loyal Customers
1407626,2020-02-08,379,2,9432.7,4,3,5,4,435,Loyal Customers
1408283,2016-10-02,1603,1,974.96,1,2,2,2,122,Lost
1408372,2020-12-07,76,5,11638.57,5,5,5,5,555,Champions
1408415,2019-05-12,651,2,1933.57,2,3,2,2,232,About To Sleep
1408432,2018-09-10,895,1,788.8499999999999,1,2,1,2,121,Lost
1408551,2020-10-03,141,4,11571.28,5,5,5,5,555,Champions
1409017,2020-07-01,235,2,3031.0,5,3,3,3,533,Potential Loyalists
1409340,2020-01-01,417,4,23868.72,4,5,5,5,455,Champions
1409410,2020-12-23,60,4,2353.82,5,5,3,4,553,Loyal Customers
1409629,2018-12-22,792,2,9683.75,2,3,5,4,235,At Risk
1409729,2019-06-05,627,1,2325.94,2,2,3,2,223,About To Sleep
1409986,2020-11-07,106,3,6075.02,5,4,4,4,544,Loyal Customers
1409991,2019-11-09,470,8,19777.52,3,5,5,5,355,Loyal Customers
1410080,2020-10-22,122,2,419.38,5,3,1,2,531,Potential Loyalists
1410180,2019-10-31,479,3,6505.73,3,4,4,4,344,Loyal Customers
1410305,2021-02-03,18,6,22950.98,5,5,5,5,555,Champions
1410327,2019-09-27,513,1,296.94,3,2,1,2,321,Need Attention
1410466,2019-05-21,642,1,302.95,2,2,1,2,221,About To Sleep
1410514,2019-08-12,559,4,20571.89,3,5,5,5,355,Loyal Customers
1410548,2020-07-02,234,7,17845.84,5,5,5,5,555,Champions
1410778,2020-02-28,359,5,25017.39,4,5,5,5,455,Champions
1410879,2019-12-20,429,1,438.99,4,2,1,2,421,Potential Loyalists
1410945,2020-09-12,162,7,12255.34,5,5,5,5,555,Champions
1411031,2020-10-07,137,2,1016.99,5,3,2,2,532,Potential Loyalists
1411283,2019-10-23,487,2,8229.89,3,3,5,4,335,Loyal Customers
1411409,2020-03-14,344,3,5507.76,5,4,4,4,544,Loyal Customers
1411591,2018-10-19,856,2,3856.89,2,3,3,3,233,At Risk
1411618,2020-01-01,417,3,4056.0,4,4,3,4,443,Loyal Customers
1411747,2020-07-10,226,1,1539.65,5,2,2,2,522,Potential Loyalists
1411860,2018-12-28,786,2,3860.98,2,3,3,3,233,At Risk
1411952,2018-03-13,1076,2,300.45,1,3,1,2,131,Lost
1411983,2020-05-12,285,1,676.2,5,2,1,2,521,Potential Loyalists
1412534,2020-03-12,346,3,2255.46,4,4,3,4,443,Loyal Customers
1412576,2019-09-04,536,3,4199.57,3,4,4,4,344,Loyal Customers
1412593,2020-01-02,416,2,220.85000000000002,4,3,1,2,431,Potential Loyalists
1412621,2020-05-21,276,2,500.35,5,3,1,2,531,Potential Loyalists
1412767,2020-01-30,388,2,1324.8,4,3,2,2,432,Potential Loyalists
1412783,2020-12-03,80,4,11765.91,5,5,5,5,555,Champions
1412880,2017-09-13,1257,1,89.98,1,2,1,2,121,Lost
1412897,2019-07-20,582,1,56.0,3,2,1,2,321,Need Attention
1412924,2019-08-31,540,1,227.96,3,2,1,2,321,Need Attention
1412934,2018-06-18,979,1,1402.5,1,2,2,2,122,Lost
1412994,2019-06-03,629,1,199.99,2,2,1,2,221,About To Sleep
1413042,2020-09-19,155,3,3361.7200000000003,5,4,3,4,543,Loyal Customers
1413086,2019-07-11,591,4,8570.27,3,5,5,5,355,Loyal Customers
1413539,2019-12-05,444,1,1881.0,3,2,2,2,322,Need Attention
1413691,2019-08-27,544,1,1894.0,3,2,2,2,322,Need Attention
1413758,2020-02-19,368,1,219.93,4,2,1,2,421,Potential Loyalists
1413890,2020-01-15,403,4,15791.009999999998,4,5,5,5,455,Champions
1414050,2019-02-16,736,5,14744.18,2,5,5,5,255,Can't Lose Them
1414205,2020-06-10,256,4,12468.3,5,5,5,5,555,Champions
1414215,2019-01-15,768,4,3360.56,2,5,3,4,253,At Risk
1414226,2020-01-03,415,2,1972.8000000000002,4,3,2,2,432,Potential Loyalists
1414241,2020-10-19,125,3,6185.82,5,4,4,4,544,Loyal Customers
1414248,2018-05-10,1018,2,4826.0,1,3,4,4,134,Can't Lose Them
1414295,2020-11-03,110,3,7076.709999999999,5,4,4,4,544,Loyal Customers
1414525,2021-02-11,10,8,10196.84,5,5,5,5,555,Champions
1414666,2020-05-11,286,6,15045.439999999999,5,5,5,5,555,Champions
1414773,2017-11-27,1182,1,1797.0,1,2,2,2,122,Lost
1414914,2019-08-12,559,2,2325.7,3,3,3,3,333,Need Attention
1415255,2020-05-22,275,3,4535.5,5,4,4,4,544,Loyal Customers
1415385,2019-08-31,540,1,539.97,3,2,1,2,321,Need Attention
1415440,2020-05-30,267,4,2199.77,5,5,3,4,553,Loyal Customers
1415442,2020-12-23,60,3,4724.92,5,4,4,4,544,Loyal Customers
1415483,2020-01-06,412,4,3998.5,4,5,3,4,453,Loyal Customers
1415490,2019-05-24,639,3,1999.6699999999998,2,4,2,3,242,At Risk
1415607,2019-10-26,484,3,4891.77,3,4,4,4,344,Loyal Customers
1416025,2018-12-14,800,1,539.8,2,2,1,2,221,About To Sleep
1416154,2018-10-09,866,1,345.0,2,2,1,2,221,About To Sleep
1416469,2020-06-02,264,4,6738.610000000001,5,5,4,4,554,Loyal Customers
1416511,2019-10-02,508,2,596.05,3,3,1,2,331,Need Attention
1416930,2020-08-03,202,1,1734.0,5,2,2,2,522,Potential Loyalists
1416995,2021-01-30,22,5,13159.82,5,5,5,5,555,Champions
1417165,2020-09-09,165,5,12244.26,5,5,5,5,555,Champions
1417542,2019-08-28,543,1,280.52,3,2,1,2,321,Need Attention
1417576,2019-05-29,634,3,17530.93,2,4,5,4,245,At Risk
1417693,2020-12-31,52,6,11710.61,5,5,5,5,555,Champions
1417781,2018-01-09,1139,1,1219.0,1,2,2,2,122,Lost
1418096,2017-02-01,1481,1,4437.0,1,2,4,3,124,At Risk
1418109,2019-12-26,423,3,6359.160000000001,4,4,4,4,444,Loyal Customers
1418119,2020-07-08,228,2,10821.949999999999,5,3,5,4,535,Loyal Customers
1418121,2020-12-03,80,4,3692.42,5,5,3,4,553,Loyal Customers
1418131,2020-01-16,402,4,9535.5,4,5,5,5,455,Champions
1418168,2020-01-17,401,2,1444.38,4,3,2,2,432,Potential Loyalists
1418448,2020-02-19,368,4,4285.67,4,5,4,4,454,Loyal Customers
1418528,2019-12-23,426,2,898.5,4,3,2,2,432,Potential Loyalists
1418618,2019-07-26,576,5,4016.57,3,5,3,4,353,Loyal Customers
1418842,2016-09-27,1608,1,744.32,1,2,1,2,121,Lost
1418976,2019-02-15,737,1,2038.9,2,2,2,2,222,About To Sleep
1418988,2020-02-18,369,3,11275.39,4,4,5,4,445,Loyal Customers
1419155,2018-11-29,815,1,2373.0,2,2,3,2,223,About To Sleep
1419500,2020-10-20,124,1,1118.92,5,2,2,2,522,Potential Loyalists
1419573,2019-07-20,582,3,6865.33,3,4,4,4,344,Loyal Customers
1419594,2019-10-26,484,1,5681.45,3,2,4,3,324,Need Attention
1419863,2020-02-18,369,4,4028.75,4,5,3,4,453,Loyal Customers
1420081,2020-02-01,386,3,9745.95,4,4,5,4,445,Loyal Customers
1420133,2016-12-23,1521,1,772.89,1,2,1,2,121,Lost
1420237,2020-11-25,88,8,28270.19,5,5,5,5,555,Champions
1420473,2019-10-17,493,2,2153.61,3,3,2,2,332,Need Attention
1420774,2019-12-16,433,2,12511.19,4,3,5,4,435,Loyal Customers
1420996,2020-11-16,97,3,7585.8099999999995,5,4,5,4,545,Loyal Customers
1421393,2020-08-22,183,2,3821.0,5,3,3,3,533,Potential Loyalists
1421506,2019-06-12,620,2,5215.2,2,3,4,4,234,At Risk
1421626,2021-01-26,26,5,10934.880000000001,5,5,5,5,555,Champions
1421877,2019-11-06,473,2,10696.2,3,3,5,4,335,Loyal Customers
1421881,2020-03-05,353,1,469.0,4,2,1,2,421,Potential Loyalists
1421890,2021-01-22,30,3,8844.65,5,4,5,4,545,Loyal Customers
1421952,2017-06-20,1342,1,200.95,1,2,1,2,121,Lost
1422140,2018-12-03,811,1,1673.0,2,2,2,2,222,About To Sleep
1422175,2021-02-16,5,3,4912.88,5,4,4,4,544,Loyal Customers
1422363,2020-03-07,351,1,6457.12,4,2,4,3,424,Loyal Customers
1422377,2019-11-11,468,1,599.06,3,2,1,2,321,Need Attention
1422501,2021-02-20,1,3,4388.1900000000005,5,4,4,4,544,Loyal Customers
1422569,2019-07-01,601,3,3298.73,3,4,3,4,343,Loyal Customers
1422773,2018-01-11,1137,1,3070.2299999999996,1,2,3,2,123,Lost
1422903,2020-02-28,359,3,1743.97,4,4,2,3,442,Loyal Customers
1423539,2019-02-23,729,4,5717.1900000000005,2,5,4,4,254,At Risk
1423675,2020-02-19,368,2,376.95,4,3,1,2,431,Potential Loyalists
1423826,2020-06-06,260,2,7445.56,5,3,4,4,534,Loyal Customers
1423836,2019-12-28,421,3,5280.07,4,4,4,4,444,Loyal Customers
1424211,2019-01-30,753,1,6433.2699999999995,2,2,4,3,224,At Risk
1424341,2019-08-09,562,3,7471.37,3,4,4,4,344,Loyal Customers
1424488,2018-07-19,948,1,1199.94,1,2,2,2,122,Lost
1424915,2018-06-13,984,3,13348.34,1,4,5,4,145,Can't Lose Them
1425175,2018-07-02,965,1,2186.8199999999997,1,2,3,2,123,Lost
1425307,2020-12-23,60,4,16069.64,5,5,5,5,555,Champions
1425323,2018-01-31,1117,2,252.89,1,3,1,2,131,Lost
1425386,2020-01-02,416,2,5767.91,4,3,4,4,434,Loyal Customers
1425437,2016-11-09,1565,1,6310.99,1,2,4,3,124,At Risk
1425449,2020-02-24,363,2,3368.37,4,3,3,3,433,Loyal Customers
1425577,2019-05-09,654,3,2447.42,2,4,3,4,243,At Risk
1425887,2019-12-28,421,1,627.8,4,2,1,2,421,Potential Loyalists
1426096,2019-10-27,483,5,11020.57,3,5,5,5,355,Loyal Customers
1426124,2019-06-05,627,3,13197.32,2,4,5,4,245,At Risk
1426220,2020-02-13,374,3,2060.58,4,4,2,3,442,Loyal Customers
1426290,2019-12-28,421,1,40.55,4,2,1,2,421,Potential Loyalists
1426777,2020-01-17,401,5,11243.73,4,5,5,5,455,Champions
1427026,2020-01-27,391,3,6719.6,4,4,4,4,444,Loyal Customers
1427132,2020-05-12,285,6,8853.14,5,5,5,5,555,Champions
1427309,2020-12-22,61,5,8633.1,5,5,5,5,555,Champions
1427357,2016-11-23,1551,1,2774.3399999999997,1,2,3,2,123,Lost
1427596,2020-08-27,178,3,20386.12,5,4,5,4,545,Loyal Customers
1427869,2020-02-08,379,3,2599.8599999999997,4,4,3,4,443,Loyal Customers
1428088,2019-05-08,655,1,747.8,2,2,1,2,221,About To Sleep
1428180,2019-12-05,444,4,13993.380000000001,3,5,5,5,355,Loyal Customers
1428214,2020-07-04,232,4,3771.48,5,5,3,4,553,Loyal Customers
1428309,2020-02-22,365,2,2140.63,4,3,2,2,432,Potential Loyalists
1428776,2019-09-13,527,1,1104.96,3,2,2,2,322,Need Attention
1428812,2020-01-23,395,2,4077.7400000000002,4,3,4,4,434,Loyal Customers
1428814,2018-02-23,1094,1,75.96000000000001,1,2,1,2,121,Lost
1429222,2019-03-12,712,2,667.88,2,3,1,2,231,About To Sleep
1429300,2020-01-02,416,3,21384.61,4,4,5,4,445,Loyal Customers
1429357,2019-09-28,512,2,8760.96,3,3,5,4,335,Loyal Customers
1429587,2019-01-21,762,2,4300.54,2,3,4,4,234,At Risk
1429691,2020-12-05,78,2,1217.98,5,3,2,2,532,Potential Loyalists
1429765,2019-06-10,622,2,5228.5,2,3,4,4,234,At Risk
1429878,2021-01-22,30,2,2378.03,5,3,3,3,533,Potential Loyalists
1430214,2019-05-09,654,4,2162.8900000000003,2,5,3,4,253,At Risk
1430321,2020-04-29,298,4,2161.81,5,5,3,4,553,Loyal Customers
1430625,2019-01-05,778,3,7875.57,2,4,5,4,245,At Risk
1430661,2018-12-12,802,2,2611.92,2,3,3,3,233,At Risk
1430718,2020-02-26,361,3,5831.95,4,4,4,4,444,Loyal Customers
1430890,2020-02-15,372,2,1852.3700000000001,4,3,2,2,432,Potential Loyalists
1430917,2019-02-23,729,1,1476.0,2,2,2,2,222,About To Sleep
1430923,2020-01-04,414,1,3783.5499999999997,4,2,3,2,423,Potential Loyalists
1431002,2021-02-16,5,4,3427.1000000000004,5,5,3,4,553,Loyal Customers
1431209,2020-03-14,344,3,5326.92,5,4,4,4,544,Loyal Customers
1431630,2020-02-27,360,1,919.0,4,2,2,2,422,Potential Loyalists
1431715,2020-01-07,411,4,16196.1,4,5,5,5,455,Champions
1431767,2016-02-25,1823,1,3314.85,1,2,3,2,123,Lost
1431908,2018-10-06,869,2,3003.65,2,3,3,3,233,At Risk
1431986,2016-07-03,1694,1,746.67,1,2,1,2,121,Lost
1432139,2018-12-01,813,2,7488.8099999999995,2,3,4,4,234,At Risk
1432379,2017-05-18,1375,2,512.64,1,3,1,2,131,Lost
1432419,2020-11-07,106,8,28100.96,5,5,5,5,555,Champions
1432652,2018-12-31,783,3,8172.2,2,4,5,4,245,At Risk
1432706,2020-02-13,374,2,1996.85,4,3,2,2,432,Potential Loyalists
1432834,2019-09-12,528,1,255.0,3,2,1,2,321,Need Attention
1432907,2019-07-17,585,3,3414.7799999999997,3,4,3,4,343,Loyal Customers
1433136,2020-03-01,357,4,6700.78,4,5,4,4,454,Loyal Customers
1433216,2019-06-25,607,2,5129.6,2,3,4,4,234,At Risk
1433269,2019-07-31,571,4,3959.99,3,5,3,4,353,Loyal Customers
1433344,2018-12-27,787,2,5751.73,2,3,4,4,234,At Risk
1433389,2018-02-22,1095,1,1053.77,1,2,2,2,122,Lost
1433539,2020-01-01,417,2,5656.0,4,3,4,4,434,Loyal Customers
1433584,2020-12-24,59,3,6632.599999999999,5,4,4,4,544,Loyal Customers
1433628,2017-02-18,1464,2,4025.89,1,3,3,3,133,At Risk
1433844,2020-03-05,353,2,1124.8,4,3,2,2,432,Potential Loyalists
1433991,2020-11-09,104,4,6117.33,5,5,4,4,554,Loyal Customers
1434399,2018-01-19,1129,2,2849.63,1,3,3,3,133,At Risk
1434562,2017-09-25,1245,1,1190.0,1,2,2,2,122,Lost
1435081,2019-03-10,714,1,1599.6799999999998,2,2,2,2,222,About To Sleep
1435185,2020-05-02,295,1,251.0,5,2,1,2,521,Potential Loyalists
1435339,2020-07-25,211,5,6135.52,5,5,4,4,554,Loyal Customers
1435532,2017-12-09,1170,2,8449.69,1,3,5,4,135,Can't Lose Them
1435829,2019-11-02,477,1,3984.04,3,2,3,2,323,Need Attention
1436054,2019-09-11,529,3,5469.83,3,4,4,4,344,Loyal Customers
1436124,2019-08-31,540,3,4231.7,3,4,4,4,344,Loyal Customers
1436157,2019-06-15,617,2,319.99,2,3,1,2,231,About To Sleep
1436857,2020-01-21,397,4,10743.939999999999,4,5,5,5,455,Champions
1436891,2020-03-14,344,4,3601.52,5,5,3,4,553,Loyal Customers
1437052,2020-04-28,299,3,10335.91,5,4,5,4,545,Loyal Customers
1437117,2020-12-19,64,3,8959.97,5,4,5,4,545,Loyal Customers
1437127,2018-12-21,793,1,579.98,2,2,1,2,221,About To Sleep
1437243,2019-08-21,550,3,1739.73,3,4,2,3,342,Need Attention
1437275,2019-07-13,589,3,11728.0,3,4,5,4,345,Loyal Customers
1437592,2016-02-09,1839,1,5650.69,1,2,4,3,124,At Risk
1437644,2020-03-11,347,2,6410.9,4,3,4,4,434,Loyal Customers
1437943,2021-02-11,10,1,1079.91,5,2,2,2,522,Potential Loyalists
1437958,2019-01-03,780,1,4845.0,2,2,4,3,224,At Risk
1437978,2020-02-18,369,3,1539.93,4,4,2,3,442,Loyal Customers
1438050,2016-01-02,1877,1,1000.0,1,2,2,2,122,Lost
1438329,2020-01-31,387,2,5577.0,4,3,4,4,434,Loyal Customers
1438425,2018-08-25,911,1,2367.0,1,2,3,2,123,Lost
1438477,2016-03-03,1816,1,1926.7,1,2,2,2,122,Lost
1438489,2019-01-17,766,1,1157.95,2,2,2,2,222,About To Sleep
1438900,2020-07-16,220,2,24463.95,5,3,5,4,535,Loyal Customers
1438951,2017-10-25,1215,2,10575.66,1,3,5,4,135,Can't Lose Them
1439027,2020-01-07,411,5,25847.28,4,5,5,5,455,Champions
1439472,2018-12-10,804,1,3004.39,2,2,3,2,223,About To Sleep
1439502,2020-01-08,410,6,19632.29,4,5,5,5,455,Champions
1439788,2019-12-05,444,2,2842.5499999999997,3,3,3,3,333,Need Attention
1440032,2019-12-26,423,2,2759.18,4,3,3,3,433,Loyal Customers
1440047,2019-08-15,556,4,2555.93,3,5,3,4,353,Loyal Customers
1440061,2019-01-03,780,1,4959.83,2,2,4,3,224,At Risk
1440062,2019-09-02,538,2,1804.99,3,3,2,2,332,Need Attention
1440084,2019-09-11,529,2,1028.0,3,3,2,2,332,Need Attention
1440349,2019-01-28,755,3,6509.219999999999,2,4,4,4,244,At Risk
1440476,2019-02-06,746,2,2230.95,2,3,3,3,233,At Risk
1440748,2018-10-03,872,2,9625.28,2,3,5,4,235,At Risk
1440753,2018-07-14,953,2,750.81,1,3,1,2,131,Lost
1440889,2019-12-14,435,2,1706.73,3,3,2,2,332,Need Attention
1441210,2020-01-14,404,1,315.34000000000003,4,2,1,2,421,Potential Loyalists
1441326,2018-10-15,860,5,5140.98,2,5,4,4,254,At Risk
1441384,2020-06-22,244,5,5344.51,5,5,4,4,554,Loyal Customers
1441657,2020-02-29,358,1,129.99,4,2,1,2,421,Potential Loyalists
1441731,2021-01-09,43,2,1133.35,5,3,2,2,532,Potential Loyalists
1442048,2020-03-12,346,5,7368.85,4,5,4,4,454,Loyal Customers
1442274,2018-11-30,814,1,631.52,2,2,1,2,221,About To Sleep
1442358,2020-05-14,283,2,930.0,5,3,2,2,532,Potential Loyalists
1442626,2018-05-17,1011,1,5140.8,1,2,4,3,124,At Risk
1442640,2020-10-06,138,4,11883.75,5,5,5,5,555,Champions
1442830,2020-03-02,356,2,2974.0,4,3,3,3,433,Loyal Customers
1442886,2019-09-26,514,1,737.53,3,2,1,2,321,Need Attention
1442911,2020-12-19,64,2,5084.29,5,3,4,4,534,Loyal Customers
1443446,2020-03-09,349,3,4801.79,4,4,4,4,444,Loyal Customers
1443641,2020-08-12,193,3,12748.35,5,4,5,4,545,Loyal Customers
1443682,2020-02-22,365,2,2846.56,4,3,3,3,433,Loyal Customers
1444352,2016-10-08,1597,1,398.93,1,2,1,2,121,Lost
1444672,2019-12-26,423,2,2571.49,4,3,3,3,433,Loyal Customers
1444831,2020-06-24,242,2,1270.0,5,3,2,2,532,Potential Loyalists
1444901,2020-08-20,185,6,9982.92,5,5,5,5,555,Champions
1444903,2019-12-25,424,3,10128.05,4,4,5,4,445,Loyal Customers
1445061,2019-02-18,734,2,7978.95,2,3,5,4,235,At Risk
1445115,2019-11-26,453,1,2891.6,3,2,3,2,323,Need Attention
1445195,2019-05-02,661,2,8228.83,2,3,5,4,235,At Risk
1445497,2018-09-13,892,2,4706.0,1,3,4,4,134,Can't Lose Them
1445597,2018-08-11,925,1,115.0,1,2,1,2,121,Lost
1445735,2020-01-01,417,4,12015.62,4,5,5,5,455,Champions
1446473,2019-06-28,604,1,1476.46,3,2,2,2,322,Need Attention
1446919,2018-12-29,785,1,6521.22,2,2,4,3,224,At Risk
1447016,2020-02-22,365,3,4537.97,4,4,4,4,444,Loyal Customers
1447394,2018-11-21,823,2,168.39,2,3,1,2,231,About To Sleep
1447556,2016-09-13,1622,1,1499.94,1,2,2,2,122,Lost
1448062,2020-01-14,404,1,779.97,4,2,1,2,421,Potential Loyalists
1448213,2020-03-04,354,2,874.92,4,3,2,2,432,Potential Loyalists
1448404,2018-07-23,944,3,2198.93,1,4,3,4,143,Can't Lose Them
1448408,2021-02-12,9,3,3106.11,5,4,3,4,543,Loyal Customers
1448602,2017-11-20,1189,1,6256.9,1,2,4,3,124,At Risk
1448616,2019-09-17,523,2,148.61,3,3,1,2,331,Need Attention
1448778,2018-05-24,1004,1,5871.17,1,2,4,3,124,At Risk
1449155,2020-01-15,403,6,17658.12,4,5,5,5,455,Champions
1449187,2020-03-06,352,5,11312.58,4,5,5,5,455,Champions
1449784,2019-10-22,488,1,6.95,3,2,1,2,321,Need Attention
1449949,2020-07-01,235,2,2637.35,5,3,3,3,533,Potential Loyalists
1450086,2019-05-03,660,6,6936.5,2,5,4,4,254,At Risk
1450137,2017-01-11,1502,1,1865.52,1,2,2,2,122,Lost
1450225,2021-01-29,23,3,3201.87,5,4,3,4,543,Loyal Customers
1450245,2019-12-24,425,1,1600.0,4,2,2,2,422,Potential Loyalists
1450286,2020-04-29,298,3,2957.59,5,4,3,4,543,Loyal Customers
1450826,2019-12-19,430,2,1827.95,4,3,2,2,432,Potential Loyalists
1451193,2020-08-22,183,4,7874.29,5,5,5,5,555,Champions
1451236,2019-10-23,487,2,2083.0,3,3,2,2,332,Need Attention
1451323,2021-01-30,22,7,20708.89,5,5,5,5,555,Champions
1451427,2017-03-08,1446,1,1477.0,1,2,2,2,122,Lost
1451431,2020-05-11,286,3,2131.66,5,4,2,3,542,Potential Loyalists
1451466,2019-10-30,480,4,15616.33,3,5,5,5,355,Loyal Customers
1451748,2020-02-26,361,2,1452.84,4,3,2,2,432,Potential Loyalists
1451764,2020-02-27,360,4,4810.96,4,5,4,4,454,Loyal Customers
1451784,2018-10-04,871,1,2878.92,2,2,3,2,223,About To Sleep
1451919,2020-02-18,369,5,17930.63,4,5,5,5,455,Champions
1451966,2019-11-22,457,2,10545.929999999998,3,3,5,4,335,Loyal Customers
1452039,2021-01-16,36,4,5615.36,5,5,4,4,554,Loyal Customers
1452458,2019-10-21,489,1,2727.6899999999996,3,2,3,2,323,Need Attention
1453090,2018-09-25,880,1,438.0,1,2,1,2,121,Lost
1453297,2019-12-20,429,1,809.8499999999999,4,2,1,2,421,Potential Loyalists
1453389,2020-01-15,403,4,5787.85,4,5,4,4,454,Loyal Customers
1453427,2021-02-20,1,5,6895.6,5,5,4,4,554,Loyal Customers
1453451,2019-02-16,736,3,822.97,2,4,1,2,241,About To Sleep
1453679,2020-05-23,274,1,717.0,5,2,1,2,521,Potential Loyalists
1453776,2019-09-05,535,2,1606.1399999999999,3,3,2,2,332,Need Attention
1453868,2019-01-05,778,1,1740.72,2,2,2,2,222,About To Sleep
1454131,2020-01-02,416,1,1927.72,4,2,2,2,422,Potential Loyalists
1454138,2020-10-12,132,2,1880.98,5,3,2,2,532,Potential Loyalists
1454163,2019-05-16,647,1,3703.0,2,2,3,2,223,About To Sleep
1454248,2019-08-14,557,5,7161.65,3,5,4,4,354,Loyal Customers
1454859,2019-02-14,738,1,891.0,2,2,2,2,222,About To Sleep
1454940,2019-10-10,500,5,8964.960000000001,3,5,5,5,355,Loyal Customers
1454988,2019-08-10,561,3,5627.92,3,4,4,4,344,Loyal Customers
1455360,2019-02-23,729,2,4020.1400000000003,2,3,3,3,233,At Risk
1455437,2019-02-09,743,2,2870.99,2,3,3,3,233,At Risk
1456036,2020-02-19,368,4,10850.51,4,5,5,5,455,Champions
1456078,2020-01-01,417,3,11072.82,4,4,5,4,445,Loyal Customers
1456120,2020-07-24,212,3,2946.9300000000003,5,4,3,4,543,Loyal Customers
1456247,2020-02-04,383,6,10157.66,4,5,5,5,455,Champions
1456404,2020-08-27,178,3,1731.86,5,4,2,3,542,Potential Loyalists
1456891,2018-11-21,823,1,999.8,2,2,2,2,222,About To Sleep
1457037,2019-10-06,504,2,1524.82,3,3,2,2,332,Need Attention
1457192,2020-11-12,101,3,6098.44,5,4,4,4,544,Loyal Customers
1457226,2019-02-20,732,1,1237.2,2,2,2,2,222,About To Sleep
1457268,2019-09-21,519,2,8005.34,3,3,5,4,335,Loyal Customers
1457295,2020-02-14,373,3,13840.289999999999,4,4,5,4,445,Loyal Customers
1457391,2021-02-06,15,6,10933.89,5,5,5,5,555,Champions
1457465,2020-06-04,262,1,12951.99,5,2,5,4,525,Loyal Customers
1457500,2020-03-07,351,3,3232.57,4,4,3,4,443,Loyal Customers
1457759,2016-08-10,1656,1,270.16,1,2,1,2,121,Lost
1458164,2019-10-26,484,3,3193.46,3,4,3,4,343,Loyal Customers
1458301,2020-06-27,239,7,24714.27,5,5,5,5,555,Champions
1458350,2020-02-29,358,4,1292.87,4,5,2,4,452,Loyal Customers
1458544,2019-12-07,442,2,2502.41,3,3,3,3,333,Need Attention
1458590,2020-09-12,162,4,8812.91,5,5,5,5,555,Champions
1458743,2020-01-28,390,4,14080.2,4,5,5,5,455,Champions
1458780,2019-01-17,766,2,3372.1,2,3,3,3,233,At Risk
1458811,2017-07-19,1313,2,3131.04,1,3,3,3,133,At Risk
1459006,2020-05-29,268,3,11446.23,5,4,5,4,545,Loyal Customers
1459686,2020-02-24,363,3,8357.5,4,4,5,4,445,Loyal Customers
1459858,2020-02-12,375,2,1031.98,4,3,2,2,432,Potential Loyalists
1459894,2019-12-20,429,1,57.88,4,2,1,2,421,Potential Loyalists
1460061,2020-05-07,290,1,2208.2,5,2,3,2,523,Potential Loyalists
1460077,2018-12-26,788,3,12005.5,2,4,5,4,245,At Risk
1460194,2020-03-04,354,3,2839.98,4,4,3,4,443,Loyal Customers
1460501,2019-08-08,563,3,23636.45,3,4,5,4,345,Loyal Customers
1460614,2019-01-26,757,1,718.0,2,2,1,2,221,About To Sleep
1460919,2019-12-16,433,2,1763.78,4,3,2,2,432,Potential Loyalists
1460974,2020-02-21,366,3,6531.98,4,4,4,4,444,Loyal Customers
1461001,2020-02-11,376,2,4021.3799999999997,4,3,3,3,433,Loyal Customers
1461020,2019-05-18,645,1,1350.98,2,2,2,2,222,About To Sleep
1461041,2019-07-11,591,2,3209.51,3,3,3,3,333,Need Attention
1461077,2019-02-16,736,1,666.6800000000001,2,2,1,2,221,About To Sleep
1461248,2019-06-19,613,3,2612.38,2,4,3,4,243,At Risk
1461316,2018-10-26,849,2,7637.0,2,3,5,4,235,At Risk
1461681,2020-09-16,158,4,6107.29,5,5,4,4,554,Loyal Customers
1461845,2020-01-16,402,3,3018.38,4,4,3,4,443,Loyal Customers
1462148,2019-06-19,613,2,4661.5199999999995,2,3,4,4,234,At Risk
1462224,2019-12-17,432,3,5957.0,4,4,4,4,444,Loyal Customers
1462274,2018-12-06,808,1,1773.99,2,2,2,2,222,About To Sleep
1462312,2016-12-03,1541,2,9188.68,1,3,5,4,135,Can't Lose Them
1462974,2019-07-04,598,1,460.0,3,2,1,2,321,Need Attention
1463092,2019-11-19,460,1,539.8,3,2,1,2,321,Need Attention
1463149,2021-01-04,48,1,1816.88,5,2,2,2,522,Potential Loyalists
1463375,2018-05-10,1018,1,4374.0,1,2,4,3,124,At Risk
1463606,2021-02-20,1,3,6383.35,5,4,4,4,544,Loyal Customers
1463715,2016-06-18,1709,1,2848.0,1,2,3,2,123,Lost
1464274,2020-09-23,151,4,6846.870000000001,5,5,4,4,554,Loyal Customers
1464440,2019-05-09,654,2,3277.41,2,3,3,3,233,At Risk
1464857,2020-03-02,356,3,1997.8899999999999,4,4,2,3,442,Loyal Customers
1464960,2017-02-13,1469,1,3345.6,1,2,3,2,123,Lost
1465108,2019-12-13,436,1,666.6700000000001,3,2,1,2,321,Need Attention
1465279,2019-11-28,451,1,2770.99,3,2,3,2,323,Need Attention
1465283,2020-12-24,59,3,6240.58,5,4,4,4,544,Loyal Customers
1465462,2020-06-04,262,7,12948.6,5,5,5,5,555,Champions
1465552,2019-12-28,421,4,7128.72,4,5,4,4,454,Loyal Customers
1465813,2020-01-18,400,1,4087.0,4,2,4,3,424,Loyal Customers
1465827,2020-01-25,393,2,1181.28,4,3,2,2,432,Potential Loyalists
1465839,2020-01-18,400,5,12242.0,4,5,5,5,455,Champions
1466089,2019-12-19,430,4,2427.73,4,5,3,4,453,Loyal Customers
1466160,2018-01-31,1117,1,120.0,1,2,1,2,121,Lost
1466166,2020-07-16,220,3,6262.3,5,4,4,4,544,Loyal Customers
1466422,2020-04-28,299,3,11441.81,5,4,5,4,545,Loyal Customers
1466506,2020-10-31,113,1,8.88,5,2,1,2,521,Potential Loyalists
1466528,2019-12-20,429,2,6799.71,4,3,4,4,434,Loyal Customers
1466537,2020-01-21,397,3,1667.69,4,4,2,3,442,Loyal Customers
1466682,2019-09-12,528,1,202.75,3,2,1,2,321,Need Attention
1466728,2020-03-04,354,2,907.98,4,3,2,2,432,Potential Loyalists
1467036,2020-08-28,177,3,3623.42,5,4,3,4,543,Loyal Customers
1467046,2019-08-05,566,4,6088.76,3,5,4,4,354,Loyal Customers
1467054,2019-07-13,589,2,127.92,3,3,1,2,331,Need Attention
1467088,2019-06-01,631,1,299.0,2,2,1,2,221,About To Sleep
1467137,2019-12-14,435,2,2094.9700000000003,3,3,2,2,332,Need Attention
1467183,2019-11-20,459,1,841.99,3,2,1,2,321,Need Attention
1467292,2020-07-10,226,2,97.37,5,3,1,2,531,Potential Loyalists
1467706,2020-08-14,191,4,11186.07,5,5,5,5,555,Champions
1468248,2020-10-29,115,4,10188.89,5,5,5,5,555,Champions
1468252,2020-06-23,243,3,8141.7,5,4,5,4,545,Loyal Customers
1469208,2019-12-18,431,1,430.0,4,2,1,2,421,Potential Loyalists
1469355,2019-10-25,485,3,7128.46,3,4,4,4,344,Loyal Customers
1469379,2019-06-22,610,1,957.9,2,2,2,2,222,About To Sleep
1469753,2019-10-02,508,3,12737.41,3,4,5,4,345,Loyal Customers
1470025,2020-08-07,198,5,5630.92,5,5,4,4,554,Loyal Customers
1470076,2019-10-31,479,2,3739.79,3,3,3,3,333,Need Attention
1470332,2020-03-11,347,3,3439.91,4,4,3,4,443,Loyal Customers
1470398,2018-08-07,929,1,559.0,1,2,1,2,121,Lost
1470640,2020-02-25,362,3,3142.13,4,4,3,4,443,Loyal Customers
1470648,2018-07-11,956,2,687.5999999999999,1,3,1,2,131,Lost
1470803,2016-01-13,1866,1,10636.41,1,2,5,4,125,Can't Lose Them
1470908,2020-01-02,416,3,18243.370000000003,4,4,5,4,445,Loyal Customers
1471107,2020-05-09,288,4,18397.95,5,5,5,5,555,Champions
1471304,2021-01-02,50,3,3192.5499999999997,5,4,3,4,543,Loyal Customers
1471397,2020-06-10,256,6,17002.64,5,5,5,5,555,Champions
1471544,2019-10-24,486,2,5953.42,3,3,4,4,334,Loyal Customers
1472106,2019-05-25,638,2,584.99,2,3,1,2,231,About To Sleep
1472188,2017-12-22,1157,1,564.54,1,2,1,2,121,Lost
1472278,2020-05-26,271,2,5929.97,5,3,4,4,534,Loyal Customers
1472319,2020-05-23,274,5,28674.32,5,5,5,5,555,Champions
1472334,2019-02-26,726,1,699.0,2,2,1,2,221,About To Sleep
1472355,2018-12-13,801,2,4792.26,2,3,4,4,234,At Risk
1472632,2019-09-26,514,3,4175.9400000000005,3,4,4,4,344,Loyal Customers
1472706,2019-01-17,766,3,6910.32,2,4,4,4,244,At Risk
1472731,2019-05-20,643,3,10208.92,2,4,5,4,245,At Risk
1472942,2020-11-19,94,2,1092.0,5,3,2,2,532,Potential Loyalists
1472967,2020-05-28,269,3,3561.98,5,4,3,4,543,Loyal Customers
1473090,2018-09-12,893,4,7178.47,1,5,4,4,154,Can't Lose Them
1473522,2020-01-24,394,4,21250.28,4,5,5,5,455,Champions
1473690,2017-07-01,1331,2,3526.96,1,3,3,3,133,At Risk
1474188,2019-05-29,634,2,6251.45,2,3,4,4,234,At Risk
1474189,2020-06-12,254,2,648.9499999999999,5,3,1,2,531,Potential Loyalists
1474251,2020-02-12,375,2,7915.46,4,3,5,4,435,Loyal Customers
1474264,2020-01-10,408,3,11316.86,4,4,5,4,445,Loyal Customers
1474363,2020-01-26,392,3,3102.26,4,4,3,4,443,Loyal Customers
1474420,2020-02-24,363,5,5460.64,4,5,4,4,454,Loyal Customers
1474834,2020-01-03,415,3,3305.7200000000003,4,4,3,4,443,Loyal Customers
1475255,2018-10-31,844,2,287.94,2,3,1,2,231,About To Sleep
1475591,2019-06-18,614,1,1004.0,2,2,2,2,222,About To Sleep
1475761,2019-09-06,534,3,10081.17,3,4,5,4,345,Loyal Customers
1475886,2016-01-05,1874,1,1930.76,1,2,2,2,122,Lost
1475900,2018-12-12,802,1,7484.1900000000005,2,2,4,3,224,At Risk
1476356,2019-11-07,472,3,831.44,3,4,1,2,341,Need Attention
1476450,2016-02-03,1845,1,189.98,1,2,1,2,121,Lost
1476600,2020-11-24,89,2,3120.06,5,3,3,3,533,Potential Loyalists
1476648,2019-12-09,440,2,5018.64,3,3,4,4,334,Loyal Customers
1476747,2019-11-27,452,2,1531.3400000000001,3,3,2,2,332,Need Attention
1476834,2020-08-21,184,3,4564.969999999999,5,4,4,4,544,Loyal Customers
1476967,2019-10-13,497,2,1604.25,3,3,2,2,332,Need Attention
1477324,2020-05-16,281,5,6035.969999999999,5,5,4,4,554,Loyal Customers
1477343,2021-01-08,44,4,16071.48,5,5,5,5,555,Champions
1477627,2019-07-05,597,4,6101.64,3,5,4,4,354,Loyal Customers
1477712,2020-07-03,233,3,1859.0300000000002,5,4,2,3,542,Potential Loyalists
1477953,2020-07-17,219,4,5482.7,5,5,4,4,554,Loyal Customers
1478150,2016-10-27,1578,1,55.92,1,2,1,2,121,Lost
1478441,2017-07-27,1305,1,257.5,1,2,1,2,121,Lost
1478481,2020-01-18,400,2,31543.43,4,3,5,4,435,Loyal Customers
1478631,2016-03-05,1814,1,904.95,1,2,2,2,122,Lost
1478691,2020-02-22,365,1,824.9300000000001,4,2,1,2,421,Potential Loyalists
1479015,2017-03-11,1443,1,3140.9700000000003,1,2,3,2,123,Lost
1479035,2016-11-01,1573,1,132.99,1,2,1,2,121,Lost
1479117,2020-06-23,243,4,8166.81,5,5,5,5,555,Champions
1479170,2019-11-08,471,3,138.07999999999998,3,4,1,2,341,Need Attention
1479334,2020-01-10,408,3,15503.81,4,4,5,4,445,Loyal Customers
1480115,2019-09-04,536,2,3203.67,3,3,3,3,333,Need Attention
1480191,2017-06-30,1332,2,1994.91,1,3,2,2,132,Lost
1480257,2020-03-11,347,2,4882.55,4,3,4,4,434,Loyal Customers
1480276,2019-12-04,445,2,4961.49,3,3,4,4,334,Loyal Customers
1480378,2020-01-01,417,4,7263.46,4,5,4,4,454,Loyal Customers
1480712,2018-10-18,857,3,11235.369999999999,2,4,5,4,245,At Risk
1480876,2020-09-24,150,2,1514.8400000000001,5,3,2,2,532,Potential Loyalists
1480890,2017-09-11,1259,1,608.98,1,2,1,2,121,Lost
1480971,2021-02-03,18,7,15604.29,5,5,5,5,555,Champions
1481042,2020-05-07,290,5,7850.98,5,5,5,5,555,Champions
1481067,2019-11-07,472,3,3094.97,3,4,3,4,343,Loyal Customers
1481150,2019-05-18,645,2,868.96,2,3,2,2,232,About To Sleep
1481250,2019-07-23,579,3,4076.95,3,4,4,4,344,Loyal Customers
1481578,2019-10-25,485,3,619.3299999999999,3,4,1,2,341,Need Attention
1482039,2020-11-17,96,7,9293.31,5,5,5,5,555,Champions
1482078,2018-12-22,792,2,1207.35,2,3,2,2,232,About To Sleep
1482176,2019-12-18,431,2,1873.0,4,3,2,2,432,Potential Loyalists
1482325,2020-02-20,367,4,2215.27,4,5,3,4,453,Loyal Customers
1482467,2020-02-15,372,3,3371.02,4,4,3,4,443,Loyal Customers
1482513,2019-11-27,452,5,12525.32,3,5,5,5,355,Loyal Customers
1482535,2020-08-01,204,3,1534.6299999999999,5,4,2,3,542,Potential Loyalists
1482570,2019-10-10,500,1,3123.98,3,2,3,2,323,Need Attention
1482586,2016-01-02,1877,1,307.45,1,2,1,2,121,Lost
1482831,2019-05-11,652,2,1420.98,2,3,2,2,232,About To Sleep
1483091,2019-05-01,662,1,3051.99,2,2,3,2,223,About To Sleep
1483256,2019-12-18,431,7,22975.09,4,5,5,5,455,Champions
1483469,2019-11-08,471,2,2558.61,3,3,3,3,333,Need Attention
1483567,2016-06-16,1711,1,1150.8999999999999,1,2,2,2,122,Lost
1483593,2019-10-07,503,2,2386.9,3,3,3,3,333,Need Attention
1483653,2020-01-13,405,2,2891.94,4,3,3,3,433,Loyal Customers
1483885,2017-05-27,1366,1,1405.95,1,2,2,2,122,Lost
1484053,2019-07-03,599,3,8742.95,3,4,5,4,345,Loyal Customers
1484131,2020-01-07,411,3,2373.4300000000003,4,4,3,4,443,Loyal Customers
1484183,2019-11-27,452,6,25791.42,3,5,5,5,355,Loyal Customers
1484343,2020-02-19,368,4,13575.13,4,5,5,5,455,Champions
1484427,2017-12-28,1151,1,1069.46,1,2,2,2,122,Lost
1484484,2020-02-01,386,4,6458.72,4,5,4,4,454,Loyal Customers
1484561,2020-11-23,90,4,12196.29,5,5,5,5,555,Champions
1484738,2020-02-22,365,2,6841.65,4,3,4,4,434,Loyal Customers
1484743,2018-06-21,976,1,2630.32,1,2,3,2,123,Lost
1484805,2019-03-02,722,4,9691.99,2,5,5,5,255,Can't Lose Them
1484963,2020-06-23,243,6,13136.58,5,5,5,5,555,Champions
1484964,2021-02-13,8,1,2691.95,5,2,3,2,523,Potential Loyalists
1485014,2019-10-25,485,1,6.88,3,2,1,2,321,Need Attention
1485404,2018-08-25,911,1,1811.56,1,2,2,2,122,Lost
1485415,2019-10-25,485,4,2410.79,3,5,3,4,353,Loyal Customers
1485548,2020-02-15,372,3,4182.85,4,4,4,4,444,Loyal Customers
1486024,2020-02-25,362,2,234.6,4,3,1,2,431,Potential Loyalists
1486029,2020-12-15,68,6,3355.88,5,5,3,4,553,Loyal Customers
1486156,2019-11-05,474,3,1968.81,3,4,2,3,342,Need Attention
1486370,2018-03-03,1086,1,1855.0,1,2,2,2,122,Lost
1486608,2018-09-19,886,1,1878.5,1,2,2,2,122,Lost
1486720,2017-08-31,1270,1,9195.19,1,2,5,4,125,Can't Lose Them
1486762,2019-02-15,737,1,15387.76,2,2,5,4,225,At Risk
1486787,2020-03-07,351,2,2536.95,4,3,3,3,433,Loyal Customers
1486871,2021-01-01,51,2,1340.99,5,3,2,2,532,Potential Loyalists
1486879,2021-02-12,9,1,1247.99,5,2,2,2,522,Potential Loyalists
1486980,2020-09-15,159,4,12018.77,5,5,5,5,555,Champions
1487034,2016-10-01,1604,1,7052.95,1,2,4,3,124,At Risk
1487198,2016-08-11,1655,1,68.67,1,2,1,2,121,Lost
1487390,2019-12-10,439,3,3967.67,3,4,3,4,343,Loyal Customers
1487544,2020-01-21,397,1,4416.98,4,2,4,3,424,Loyal Customers
1487580,2016-12-07,1537,1,6493.99,1,2,4,3,124,At Risk
1487693,2019-09-12,528,2,1110.94,3,3,2,2,332,Need Attention
1487794,2018-06-13,984,2,1202.18,1,3,2,2,132,Lost
1488083,2018-01-16,1132,2,5597.78,1,3,4,4,134,Can't Lose Them
1488175,2020-03-12,346,2,554.51,4,3,1,2,431,Potential Loyalists
1488346,2019-12-21,428,1,3649.0,4,2,3,2,423,Potential Loyalists
1488538,2019-05-16,647,2,1499.17,2,3,2,2,232,About To Sleep
1488708,2019-12-28,421,1,2475.95,4,2,3,2,423,Potential Loyalists
1488734,2018-12-11,803,1,850.48,2,2,2,2,222,About To Sleep
1489054,2021-01-30,22,8,11783.25,5,5,5,5,555,Champions
1489075,2020-12-03,80,3,3296.5,5,4,3,4,543,Loyal Customers
1489101,2017-01-21,1492,1,257.5,1,2,1,2,121,Lost
1489110,2018-01-04,1144,3,4150.62,1,4,4,4,144,Can't Lose Them
1489156,2020-01-04,414,3,468.94,4,4,1,2,441,Potential Loyalists
1489269,2020-01-01,417,4,12822.77,4,5,5,5,455,Champions
1489610,2019-02-06,746,2,15778.96,2,3,5,4,235,At Risk
1489650,2020-08-27,178,1,5231.17,5,2,4,3,524,Potential Loyalists
1490044,2018-06-29,968,1,561.9300000000001,1,2,1,2,121,Lost
1490226,2020-02-27,360,5,9770.69,4,5,5,5,455,Champions
1490323,2020-02-27,360,3,7092.389999999999,4,4,4,4,444,Loyal Customers
1490471,2019-12-28,421,5,8003.4,4,5,5,5,455,Champions
1490800,2018-09-26,879,1,462.0,1,2,1,2,121,Lost
1490808,2021-01-06,46,4,4814.05,5,5,4,4,554,Loyal Customers
1491175,2019-12-28,421,2,7432.96,4,3,4,4,434,Loyal Customers
1491533,2020-06-13,253,2,138.45000000000002,5,3,1,2,531,Potential Loyalists
1491550,2018-06-29,968,2,1591.98,1,3,2,2,132,Lost
1491708,2020-02-20,367,2,1046.99,4,3,2,2,432,Potential Loyalists
1491746,2019-12-25,424,2,3879.49,4,3,3,3,433,Loyal Customers
1491814,2018-08-18,918,3,7529.0,1,4,5,4,145,Can't Lose Them
1491817,2019-12-16,433,3,4952.78,4,4,4,4,444,Loyal Customers
1492176,2020-12-25,58,10,29985.5,5,5,5,5,555,Champions
1492661,2020-11-18,95,4,13894.0,5,5,5,5,555,Champions
1493184,2018-09-08,897,1,2040.0,1,2,2,2,122,Lost
1493457,2019-10-29,481,7,26102.13,3,5,5,5,355,Loyal Customers
1493539,2020-08-21,184,5,4508.61,5,5,4,4,554,Loyal Customers
1493694,2019-08-21,550,1,1499.0,3,2,2,2,322,Need Attention
1493760,2016-05-26,1732,1,29002.99,1,2,5,4,125,Can't Lose Them
1493826,2018-07-07,960,1,2066.0,1,2,2,2,122,Lost
1493947,2020-01-08,410,3,1090.88,4,4,2,3,442,Loyal Customers
1494306,2019-12-27,422,5,8706.57,4,5,5,5,455,Champions
1494972,2020-02-08,379,1,2500.79,4,2,3,2,423,Potential Loyalists
1495200,2020-05-23,274,4,7482.06,5,5,4,4,554,Loyal Customers
1495557,2021-02-18,3,3,7444.61,5,4,4,4,544,Loyal Customers
1495668,2016-10-12,1593,1,1198.0,1,2,2,2,122,Lost
1495710,2019-09-19,521,2,5831.0,3,3,4,4,334,Loyal Customers
1495716,2020-01-31,387,3,3452.72,4,4,3,4,443,Loyal Customers
1495792,2021-02-05,16,2,1759.28,5,3,2,2,532,Potential Loyalists
1496038,2019-12-19,430,1,120.57,4,2,1,2,421,Potential Loyalists
1496211,2019-06-15,617,3,8390.91,2,4,5,4,245,At Risk
1496288,2020-01-20,398,1,50.0,4,2,1,2,421,Potential Loyalists
1496323,2018-08-17,919,1,6783.0,1,2,4,3,124,At Risk
1496360,2019-10-13,497,1,32.0,3,2,1,2,321,Need Attention
1496507,2018-11-10,834,1,53.97,2,2,1,2,221,About To Sleep
1496883,2019-01-04,779,1,156.0,2,2,1,2,221,About To Sleep
1497151,2019-02-06,746,2,4527.84,2,3,4,4,234,At Risk
1497629,2018-12-27,787,1,629.88,2,2,1,2,221,About To Sleep
1497719,2019-03-09,715,4,4077.02,2,5,4,4,254,At Risk
1497730,2019-12-25,424,1,327.99,4,2,1,2,421,Potential Loyalists
1497768,2018-12-14,800,2,1189.99,2,3,2,2,232,About To Sleep
1498031,2019-03-06,718,3,498.25,2,4,1,2,241,About To Sleep
1498135,2019-03-12,712,1,199.99,2,2,1,2,221,About To Sleep
1498218,2019-08-20,551,4,2618.36,3,5,3,4,353,Loyal Customers
1498538,2019-10-23,487,5,13239.08,3,5,5,5,355,Loyal Customers
1498800,2020-05-06,291,3,12164.779999999999,5,4,5,4,545,Loyal Customers
1499317,2018-11-28,816,2,8295.92,2,3,5,4,235,At Risk
1499462,2019-03-09,715,3,4202.62,2,4,4,4,244,At Risk
1499604,2019-01-01,782,1,25447.0,2,2,5,4,225,At Risk
1499630,2018-11-24,820,1,1617.68,2,2,2,2,222,About To Sleep
1499679,2019-10-04,506,4,6157.150000000001,3,5,4,4,354,Loyal Customers
1499911,2019-05-22,641,1,2650.13,2,2,3,2,223,About To Sleep
1500150,2019-05-29,634,1,960.99,2,2,2,2,222,About To Sleep
1500269,2017-12-06,1173,1,2158.99,1,2,2,2,122,Lost
1500391,2019-06-10,622,3,3848.9,2,4,3,4,243,At Risk
1501073,2019-09-09,531,1,2779.8500000000004,3,2,3,2,323,Need Attention
1501127,2020-09-15,159,3,1304.81,5,4,2,3,542,Potential Loyalists
1501383,2020-05-28,269,2,9374.99,5,3,5,4,535,Loyal Customers
1501439,2020-12-28,55,4,13559.38,5,5,5,5,555,Champions
1501443,2019-08-16,555,2,4813.95,3,3,4,4,334,Loyal Customers
1501608,2020-02-12,375,2,4239.4400000000005,4,3,4,4,434,Loyal Customers
1501626,2018-05-14,1014,2,8083.57,1,3,5,4,135,Can't Lose Them
1501704,2018-01-01,1147,1,3879.95,1,2,3,2,123,Lost
1501746,2019-05-10,653,4,10994.34,2,5,5,5,255,Can't Lose Them
1501857,2019-11-05,474,1,118.23,3,2,1,2,321,Need Attention
1502034,2020-01-22,396,2,5360.889999999999,4,3,4,4,434,Loyal Customers
1502234,2019-10-23,487,5,3724.32,3,5,3,4,353,Loyal Customers
1502480,2020-06-27,239,2,11392.81,5,3,5,4,535,Loyal Customers
1502555,2019-07-10,592,2,495.88,3,3,1,2,331,Need Attention
1502567,2021-02-06,15,3,15954.630000000001,5,4,5,4,545,Loyal Customers
1502818,2019-12-03,446,4,14426.44,3,5,5,5,355,Loyal Customers
1502837,2020-09-02,172,3,4047.17,5,4,3,4,543,Loyal Customers
1503301,2020-06-10,256,5,13644.53,5,5,5,5,555,Champions
1503418,2020-08-18,187,3,8154.4400000000005,5,4,5,4,545,Loyal Customers
1503489,2018-07-28,939,1,3032.0,1,2,3,2,123,Lost
1503640,2018-10-19,856,3,3444.06,2,4,3,4,243,At Risk
1503831,2018-12-26,788,3,37319.88,2,4,5,4,245,At Risk
1503933,2020-12-28,55,4,7116.7,5,5,4,4,554,Loyal Customers
1504078,2020-05-15,282,3,2674.75,5,4,3,4,543,Loyal Customers
1504102,2018-12-29,785,1,684.0,2,2,1,2,221,About To Sleep
1504353,2019-04-25,668,2,2512.73,2,3,3,3,233,At Risk
1504430,2018-12-28,786,1,219.95,2,2,1,2,221,About To Sleep
1504616,2019-01-26,757,3,9587.51,2,4,5,4,245,At Risk
1504968,2020-01-28,390,3,6259.02,4,4,4,4,444,Loyal Customers
1505426,2019-08-31,540,2,236.98,3,3,1,2,331,Need Attention
1505443,2019-10-09,501,3,7037.98,3,4,4,4,344,Loyal Customers
1505785,2020-02-26,361,1,3.35,4,2,1,2,421,Potential Loyalists
1506082,2019-02-26,726,1,188.64,2,2,1,2,221,About To Sleep
1506352,2016-10-05,1600,1,1349.5,1,2,2,2,122,Lost
1506430,2017-05-31,1362,1,2377.45,1,2,3,2,123,Lost
1506493,2020-03-05,353,1,758.0,4,2,1,2,421,Potential Loyalists
1506511,2018-07-18,949,2,2733.82,1,3,3,3,133,At Risk
1506603,2019-07-09,593,2,8349.85,3,3,5,4,335,Loyal Customers
1506640,2019-11-12,467,2,1839.35,3,3,2,2,332,Need Attention
1507007,2017-10-19,1221,2,2270.07,1,3,3,3,133,At Risk
1507090,2019-10-05,505,2,2223.5,3,3,3,3,333,Need Attention
1507348,2019-01-10,773,1,1971.0,2,2,2,2,222,About To Sleep
1507400,2018-02-24,1093,2,4484.92,1,3,4,4,134,Can't Lose Them
1507519,2017-07-11,1321,1,9161.95,1,2,5,4,125,Can't Lose Them
1507750,2017-09-13,1257,2,4332.65,1,3,4,4,134,Can't Lose Them
1507791,2016-12-31,1513,1,737.99,1,2,1,2,121,Lost
1507926,2020-04-29,298,3,4937.46,5,4,4,4,544,Loyal Customers
1508230,2016-11-24,1550,1,759.92,1,2,1,2,121,Lost
1508295,2017-10-28,1212,1,2494.95,1,2,3,2,123,Lost
1508721,2020-02-01,386,1,828.56,4,2,1,2,421,Potential Loyalists
1509196,2019-07-09,593,1,2238.89,3,2,3,2,323,Need Attention
1509250,2016-07-29,1668,1,202.29,1,2,1,2,121,Lost
1509335,2019-11-23,456,4,6430.02,3,5,4,4,354,Loyal Customers
1509730,2019-08-27,544,4,8728.94,3,5,5,5,355,Loyal Customers
1509931,2019-12-04,445,2,399.88,3,3,1,2,331,Need Attention
1509978,2020-01-10,408,5,24007.11,4,5,5,5,455,Champions
1510026,2019-10-14,496,2,15792.82,3,3,5,4,335,Loyal Customers
1510144,2017-06-28,1334,2,1355.39,1,3,2,2,132,Lost
1510251,2021-01-30,22,5,14455.400000000001,5,5,5,5,555,Champions
1510449,2018-07-03,964,1,4425.0,1,2,4,3,124,At Risk
1510628,2018-10-02,873,3,2966.86,2,4,3,4,243,At Risk
1510796,2020-06-06,260,1,64.9,5,2,1,2,521,Potential Loyalists
1511165,2019-01-20,763,2,2924.9700000000003,2,3,3,3,233,At Risk
1511333,2020-01-11,407,2,1881.92,4,3,2,2,432,Potential Loyalists
1511494,2019-08-10,561,5,10443.95,3,5,5,5,355,Loyal Customers
1512083,2020-07-06,230,2,554.51,5,3,1,2,531,Potential Loyalists
1512274,2021-02-19,2,3,10154.57,5,4,5,4,545,Loyal Customers
1512289,2020-09-25,149,4,7791.78,5,5,5,5,555,Champions
1512558,2020-01-23,395,3,4223.77,4,4,4,4,444,Loyal Customers
1512747,2018-12-24,790,2,2044.2,2,3,2,2,232,About To Sleep
1513100,2021-02-11,10,2,2710.88,5,3,3,3,533,Potential Loyalists
1513119,2018-06-13,984,2,1703.93,1,3,2,2,132,Lost
1513290,2019-12-07,442,1,897.97,3,2,2,2,322,Need Attention
1513428,2019-12-17,432,5,6057.02,4,5,4,4,454,Loyal Customers
1513448,2019-08-30,541,3,5375.25,3,4,4,4,344,Loyal Customers
1513582,2019-09-03,537,1,1659.8,3,2,2,2,322,Need Attention
1513646,2020-02-24,363,2,676.76,4,3,1,2,431,Potential Loyalists
1513670,2020-06-25,241,1,1275.96,5,2,2,2,522,Potential Loyalists
1513795,2019-12-23,426,3,2787.92,4,4,3,4,443,Loyal Customers
1513894,2018-08-04,932,1,2780.34,1,2,3,2,123,Lost
1513963,2016-12-26,1518,2,1326.49,1,3,2,2,132,Lost
1514006,2017-07-08,1324,1,4335.91,1,2,4,3,124,At Risk
1514093,2020-08-15,190,4,4891.91,5,5,4,4,554,Loyal Customers
1514233,2018-12-27,787,2,7001.18,2,3,4,4,234,At Risk
1514479,2019-02-22,730,2,3956.61,2,3,3,3,233,At Risk
1514787,2020-05-22,275,3,9601.849999999999,5,4,5,4,545,Loyal Customers
1514884,2020-01-18,400,1,599.96,4,2,1,2,421,Potential Loyalists
1514909,2016-10-19,1586,1,529.0,1,2,1,2,121,Lost
1515177,2020-09-26,148,3,5096.42,5,4,4,4,544,Loyal Customers
1515615,2020-03-11,347,2,7853.55,4,3,5,4,435,Loyal Customers
1515621,2020-06-20,246,3,4032.17,5,4,3,4,543,Loyal Customers
1515698,2018-01-13,1135,1,537.0,1,2,1,2,121,Lost
1516060,2020-01-30,388,2,405.09999999999997,4,3,1,2,431,Potential Loyalists
1516123,2020-02-15,372,2,1575.96,4,3,2,2,432,Potential Loyalists
1516541,2020-02-06,381,3,6046.59,4,4,4,4,444,Loyal Customers
1516646,2019-11-09,470,2,8381.74,3,3,5,4,335,Loyal Customers
1516885,2020-01-25,393,2,5211.69,4,3,4,4,434,Loyal Customers
1517046,2020-10-02,142,3,2888.99,5,4,3,4,543,Loyal Customers
1517088,2019-09-12,528,2,4930.16,3,3,4,4,334,Loyal Customers
1517199,2019-05-23,640,2,10909.58,2,3,5,4,235,At Risk
1517394,2018-10-20,855,2,640.05,2,3,1,2,231,About To Sleep
1517504,2018-10-04,871,2,14831.28,2,3,5,4,235,At Risk
1517554,2021-01-09,43,2,2543.34,5,3,3,3,533,Potential Loyalists
1517642,2021-01-21,31,2,899.0,5,3,2,2,532,Potential Loyalists
1517700,2019-07-17,585,1,6301.42,3,2,4,3,324,Need Attention
1517783,2020-03-12,346,2,1319.65,4,3,2,2,432,Potential Loyalists
1517872,2018-11-02,842,1,2748.64,2,2,3,2,223,About To Sleep
1518136,2020-02-15,372,2,3498.23,4,3,3,3,433,Loyal Customers
1518244,2020-05-22,275,2,780.7,5,3,1,2,531,Potential Loyalists
1518437,2018-05-23,1005,1,1490.97,1,2,2,2,122,Lost
1518651,2020-09-07,167,3,9504.64,5,4,5,4,545,Loyal Customers
1519041,2019-02-19,733,1,550.0,2,2,1,2,221,About To Sleep
1519236,2020-04-25,302,2,9293.13,5,3,5,4,535,Loyal Customers
1519309,2020-07-02,234,2,414.96,5,3,1,2,531,Potential Loyalists
1519413,2020-01-01,417,5,2387.91,4,5,3,4,453,Loyal Customers
1519854,2020-02-21,366,4,4141.57,4,5,4,4,454,Loyal Customers
1520094,2019-10-26,484,4,6864.92,3,5,4,4,354,Loyal Customers
1520217,2019-08-13,558,1,27.78,3,2,1,2,321,Need Attention
1520295,2019-08-20,551,2,2509.99,3,3,3,3,333,Need Attention
1520875,2019-01-28,755,5,5458.65,2,5,4,4,254,At Risk
1520979,2019-11-16,463,3,2523.91,3,4,3,4,343,Loyal Customers
1521107,2020-02-20,367,4,8485.33,4,5,5,5,455,Champions
1521358,2020-03-17,341,1,1558.94,5,2,2,2,522,Potential Loyalists
1521733,2020-04-30,297,9,17474.39,5,5,5,5,555,Champions
1521744,2017-12-26,1153,1,897.0,1,2,2,2,122,Lost
1522232,2019-05-01,662,1,259.8,2,2,1,2,221,About To Sleep
1522440,2020-01-07,411,4,7969.59,4,5,5,5,455,Champions
1522447,2019-11-13,466,2,4142.39,3,3,4,4,334,Loyal Customers
1522483,2017-10-18,1222,1,2022.94,1,2,2,2,122,Lost
1522590,2019-11-21,458,4,6466.6900000000005,3,5,4,4,354,Loyal Customers
1522682,2019-07-02,600,1,1472.0,3,2,2,2,322,Need Attention
1522843,2020-01-11,407,3,5345.860000000001,4,4,4,4,444,Loyal Customers
1522988,2017-09-09,1261,1,215.0,1,2,1,2,121,Lost
1523267,2017-11-07,1202,1,3895.95,1,2,3,2,123,Lost
1523366,2020-05-19,278,3,5809.95,5,4,4,4,544,Loyal Customers
1523497,2019-12-05,444,2,55.66,3,3,1,2,331,Need Attention
1523902,2020-01-08,410,1,2177.0,4,2,3,2,423,Potential Loyalists
1523947,2019-09-11,529,2,829.89,3,3,1,2,331,Need Attention
1523982,2020-02-13,374,9,29008.84,4,5,5,5,455,Champions
1524144,2020-02-27,360,4,7071.84,4,5,4,4,454,Loyal Customers
1524428,2020-07-25,211,3,7228.42,5,4,4,4,544,Loyal Customers
1524438,2020-02-22,365,1,415.74,4,2,1,2,421,Potential Loyalists
1524450,2019-12-30,419,1,12.66,4,2,1,2,421,Potential Loyalists
1524551,2018-11-19,825,5,10176.24,2,5,5,5,255,Can't Lose Them
1524676,2018-05-30,998,2,684.9100000000001,1,3,1,2,131,Lost
1524756,2021-02-20,1,4,2159.83,5,5,2,4,552,Loyal Customers
1524810,2019-09-30,510,1,1939.0,3,2,2,2,322,Need Attention
1524904,2020-02-29,358,4,10434.84,4,5,5,5,455,Champions
1525000,2018-10-04,871,3,7571.9400000000005,2,4,5,4,245,At Risk
1525002,2019-06-08,624,3,3024.26,2,4,3,4,243,At Risk
1525015,2016-09-18,1617,1,5276.0,1,2,4,3,124,At Risk
1525125,2020-01-08,410,2,1959.49,4,3,2,2,432,Potential Loyalists
1525193,2020-10-29,115,6,32925.03,5,5,5,5,555,Champions
1525634,2020-02-29,358,2,3756.0299999999997,4,3,3,3,433,Loyal Customers
1525920,2019-03-14,710,1,2266.0,2,2,3,2,223,About To Sleep
1525943,2017-03-09,1445,1,1991.49,1,2,2,2,122,Lost
1525958,2019-11-14,465,3,6865.4,3,4,4,4,344,Loyal Customers
1526098,2020-01-28,390,4,5137.7,4,5,4,4,454,Loyal Customers
1526191,2020-07-16,220,4,1815.19,5,5,2,4,552,Loyal Customers
1526388,2020-01-30,388,5,10774.77,4,5,5,5,455,Champions
1526612,2020-12-15,68,5,3255.07,5,5,3,4,553,Loyal Customers
1526675,2020-05-13,284,2,5060.639999999999,5,3,4,4,534,Loyal Customers
1526835,2019-05-16,647,2,771.16,2,3,1,2,231,About To Sleep
1526993,2020-01-02,416,2,1066.65,4,3,2,2,432,Potential Loyalists
1527115,2018-12-24,790,1,11.9,2,2,1,2,221,About To Sleep
1527126,2020-01-25,393,4,7263.56,4,5,4,4,454,Loyal Customers
1527475,2019-01-10,773,1,33.0,2,2,1,2,221,About To Sleep
1527714,2019-02-15,737,2,4228.5,2,3,4,4,234,At Risk
1527949,2018-11-13,831,1,1359.6999999999998,2,2,2,2,222,About To Sleep
1527995,2019-08-17,554,1,7646.84,3,2,5,4,325,Loyal Customers
1528045,2020-02-17,370,1,724.0,4,2,1,2,421,Potential Loyalists
1528114,2019-11-03,476,1,658.9,3,2,1,2,321,Need Attention
1528345,2019-04-29,664,1,1504.99,2,2,2,2,222,About To Sleep
1528423,2019-01-17,766,1,3792.7,2,2,3,2,223,About To Sleep
1528439,2020-01-03,415,4,2784.87,4,5,3,4,453,Loyal Customers
1528611,2020-06-26,240,3,13351.59,5,4,5,4,545,Loyal Customers
1529022,2019-05-03,660,1,8850.0,2,2,5,4,225,At Risk
1529235,2019-01-25,758,2,5421.5,2,3,4,4,234,At Risk
1529263,2020-01-01,417,1,6688.9,4,2,4,3,424,Loyal Customers
1529720,2020-05-02,295,1,5296.3,5,2,4,3,524,Potential Loyalists
1529852,2019-11-16,463,5,5618.3099999999995,3,5,4,4,354,Loyal Customers
1529853,2018-12-08,806,2,3241.4700000000003,2,3,3,3,233,At Risk
1529909,2019-11-08,471,1,3432.98,3,2,3,2,323,Need Attention
1529931,2018-11-29,815,2,5543.57,2,3,4,4,234,At Risk
1530535,2019-12-28,421,4,4919.38,4,5,4,4,454,Loyal Customers
1530554,2019-12-18,431,2,915.34,4,3,2,2,432,Potential Loyalists
1530756,2020-04-28,299,2,5748.799999999999,5,3,4,4,534,Loyal Customers
1530958,2019-10-31,479,2,14648.33,3,3,5,4,335,Loyal Customers
1530975,2020-05-01,296,3,7490.5,5,4,4,4,544,Loyal Customers
1531024,2019-11-16,463,5,13218.79,3,5,5,5,355,Loyal Customers
1531046,2019-01-01,782,1,1101.6000000000001,2,2,2,2,222,About To Sleep
1531146,2018-07-16,951,2,958.0,1,3,2,2,132,Lost
1531376,2018-08-11,925,2,1218.96,1,3,2,2,132,Lost
1531435,2020-02-18,369,2,23083.91,4,3,5,4,435,Loyal Customers
1531565,2019-02-20,732,4,13688.4,2,5,5,5,255,Can't Lose Them
1531685,2021-02-03,18,2,5331.639999999999,5,3,4,4,534,Loyal Customers
1531794,2020-06-11,255,2,1246.24,5,3,2,2,532,Potential Loyalists
1531796,2019-09-07,533,4,5891.21,3,5,4,4,354,Loyal Customers
1531809,2020-12-23,60,1,2062.35,5,2,2,2,522,Potential Loyalists
1532128,2020-03-06,352,3,4056.38,4,4,3,4,443,Loyal Customers
1532248,2020-08-20,185,3,1283.8700000000001,5,4,2,3,542,Potential Loyalists
1532276,2019-12-04,445,3,10425.01,3,4,5,4,345,Loyal Customers
1532333,2018-10-19,856,1,1886.97,2,2,2,2,222,About To Sleep
1532522,2020-03-13,345,6,11063.01,4,5,5,5,455,Champions
1532790,2017-10-13,1227,1,2117.46,1,2,2,2,122,Lost
1533025,2018-11-01,843,2,2142.0,2,3,2,2,232,About To Sleep
1533095,2017-09-30,1240,1,12.66,1,2,1,2,121,Lost
1533246,2017-03-09,1445,1,119.99,1,2,1,2,121,Lost
1533381,2019-03-03,721,2,6997.9,2,3,4,4,234,At Risk
1533401,2019-05-27,636,2,6026.58,2,3,4,4,234,At Risk
1533574,2016-11-26,1548,1,1228.69,1,2,2,2,122,Lost
1533894,2021-01-02,50,7,8132.2,5,5,5,5,555,Champions
1533906,2019-07-12,590,3,6286.530000000001,3,4,4,4,344,Loyal Customers
1534133,2019-11-19,460,3,1310.51,3,4,2,3,342,Need Attention
1534242,2020-09-30,144,4,2475.81,5,5,3,4,553,Loyal Customers
1534539,2019-06-07,625,2,234.82,2,3,1,2,231,About To Sleep
1534621,2019-01-02,781,1,2382.77,2,2,3,2,223,About To Sleep
1534676,2019-08-09,562,1,5359.95,3,2,4,3,324,Need Attention
1534703,2020-09-12,162,4,7253.57,5,5,4,4,554,Loyal Customers
1534799,2018-10-02,873,2,1812.97,2,3,2,2,232,About To Sleep
1534954,2018-12-15,799,2,2308.0,2,3,3,3,233,At Risk
1534968,2019-02-26,726,1,8372.93,2,2,5,4,225,At Risk
1535089,2019-10-21,489,4,5236.18,3,5,4,4,354,Loyal Customers
1535104,2019-05-23,640,1,3557.8100000000004,2,2,3,2,223,About To Sleep
1535347,2020-12-14,69,3,9172.1,5,4,5,4,545,Loyal Customers
1535357,2021-01-25,27,5,16489.85,5,5,5,5,555,Champions
1535406,2018-09-13,892,2,4603.0,1,3,4,4,134,Can't Lose Them
1535424,2019-11-05,474,3,2874.29,3,4,3,4,343,Loyal Customers
1535433,2019-12-26,423,2,1622.98,4,3,2,2,432,Potential Loyalists
1535508,2019-03-14,710,3,6991.59,2,4,4,4,244,At Risk
1535646,2017-06-30,1332,1,1187.0,1,2,2,2,122,Lost
1535726,2018-10-06,869,3,4220.0599999999995,2,4,4,4,244,At Risk
1535814,2018-11-23,821,2,1484.2800000000002,2,3,2,2,232,About To Sleep
1536206,2020-02-06,381,3,7469.9,4,4,4,4,444,Loyal Customers
1536254,2020-02-07,380,1,680.96,4,2,1,2,421,Potential Loyalists
1536373,2020-06-23,243,3,2325.84,5,4,3,4,543,Loyal Customers
1536505,2019-08-10,561,3,20272.51,3,4,5,4,345,Loyal Customers
1536966,2020-02-11,376,4,7206.5599999999995,4,5,4,4,454,Loyal Customers
1537074,2019-02-16,736,3,6210.41,2,4,4,4,244,At Risk
1537138,2017-01-04,1509,1,3505.07,1,2,3,2,123,Lost
1537178,2020-10-16,128,2,1027.66,5,3,2,2,532,Potential Loyalists
1537343,2020-01-15,403,3,2968.29,4,4,3,4,443,Loyal Customers
1537435,2019-06-18,614,5,3569.84,2,5,3,4,253,At Risk
1537459,2019-06-25,607,1,389.97,2,2,1,2,221,About To Sleep
1537507,2019-05-28,635,4,9779.93,2,5,5,5,255,Can't Lose Them
1537589,2021-02-19,2,3,1480.3899999999999,5,4,2,3,542,Potential Loyalists
1537923,2019-12-27,422,1,291.9,4,2,1,2,421,Potential Loyalists
1538150,2020-02-21,366,3,15711.89,4,4,5,4,445,Loyal Customers
1538224,2020-04-27,300,2,8979.51,5,3,5,4,535,Loyal Customers
1538337,2020-05-28,269,2,182.15,5,3,1,2,531,Potential Loyalists
1538436,2020-02-07,380,2,1274.97,4,3,2,2,432,Potential Loyalists
1538632,2018-11-16,828,1,749.97,2,2,1,2,221,About To Sleep
1538662,2018-09-14,891,2,4353.73,1,3,4,4,134,Can't Lose Them
1538667,2020-08-13,192,2,4692.93,5,3,4,4,534,Loyal Customers
1538685,2016-09-24,1611,1,488.98,1,2,1,2,121,Lost
1538701,2018-03-08,1081,2,1793.78,1,3,2,2,132,Lost
1538797,2019-01-05,778,2,1173.99,2,3,2,2,232,About To Sleep
1538902,2020-11-04,109,2,2311.7799999999997,5,3,3,3,533,Potential Loyalists
1538967,2020-11-07,106,4,4640.38,5,5,4,4,554,Loyal Customers
1538998,2020-07-31,205,3,12257.03,5,4,5,4,545,Loyal Customers
1539041,2020-02-14,373,4,5738.84,4,5,4,4,454,Loyal Customers
1539245,2019-12-14,435,2,2216.6,3,3,3,3,333,Need Attention
1539247,2019-11-16,463,2,2035.7,3,3,2,2,332,Need Attention
1539384,2017-12-30,1149,1,310.43,1,2,1,2,121,Lost
1539414,2019-07-22,580,3,2389.94,3,4,3,4,343,Loyal Customers
1539544,2020-11-14,99,2,5885.39,5,3,4,4,534,Loyal Customers
1539575,2021-01-29,23,5,28281.489999999998,5,5,5,5,555,Champions
1539806,2020-07-14,222,4,18757.0,5,5,5,5,555,Champions
1539986,2019-02-25,727,1,394.0,2,2,1,2,221,About To Sleep
1540067,2020-05-23,274,4,8602.5,5,5,5,5,555,Champions
1540227,2019-07-18,584,4,7768.38,3,5,5,5,355,Loyal Customers
1540284,2021-01-06,46,1,2885.98,5,2,3,2,523,Potential Loyalists
1540376,2019-01-12,771,1,129.0,2,2,1,2,221,About To Sleep
1540569,2019-02-13,739,1,930.94,2,2,2,2,222,About To Sleep
1540634,2019-07-04,598,2,3911.8,3,3,3,3,333,Need Attention
1540821,2019-12-30,419,2,4476.77,4,3,4,4,434,Loyal Customers
1540849,2019-07-10,592,2,1792.5700000000002,3,3,2,2,332,Need Attention
1541000,2020-05-26,271,6,10221.18,5,5,5,5,555,Champions
1541239,2020-02-09,378,2,1002.97,4,3,2,2,432,Potential Loyalists
1541249,2019-01-03,780,2,326.55,2,3,1,2,231,About To Sleep
1541279,2019-08-21,550,3,1431.98,3,4,2,3,342,Need Attention
1541470,2020-09-07,167,1,5242.93,5,2,4,3,524,Potential Loyalists
1541474,2016-09-17,1618,1,116.1,1,2,1,2,121,Lost
1541524,2021-02-17,4,3,32984.91,5,4,5,4,545,Loyal Customers
1541789,2019-06-03,629,5,13678.619999999999,2,5,5,5,255,Can't Lose Them
1542311,2016-06-07,1720,1,1834.0,1,2,2,2,122,Lost
1542332,2020-02-06,381,3,6580.08,4,4,4,4,444,Loyal Customers
1542481,2020-05-05,292,2,5437.01,5,3,4,4,534,Loyal Customers
1542495,2018-02-03,1114,3,12830.68,1,4,5,4,145,Can't Lose Them
1542638,2018-12-13,801,2,1814.57,2,3,2,2,232,About To Sleep
1542784,2020-09-24,150,4,9020.74,5,5,5,5,555,Champions
1543271,2019-09-04,536,1,3280.49,3,2,3,2,323,Need Attention
1543325,2019-12-27,422,8,26283.34,4,5,5,5,455,Champions
1543466,2020-01-21,397,4,20541.15,4,5,5,5,455,Champions
1543863,2019-11-20,459,2,164.9,3,3,1,2,331,Need Attention
1544231,2018-12-06,808,1,335.38000000000005,2,2,1,2,221,About To Sleep
1544244,2018-02-23,1094,1,2519.77,1,2,3,2,123,Lost
1544289,2020-02-25,362,2,3886.9,4,3,3,3,433,Loyal Customers
1544330,2018-12-03,811,1,9216.79,2,2,5,4,225,At Risk
1544497,2016-03-09,1810,1,2477.56,1,2,3,2,123,Lost
1544568,2019-07-10,592,3,8134.48,3,4,5,4,345,Loyal Customers
1544577,2019-12-26,423,4,4736.75,4,5,4,4,454,Loyal Customers
1544679,2020-03-12,346,1,128.0,4,2,1,2,421,Potential Loyalists
1544722,2019-11-07,472,2,1375.0,3,3,2,2,332,Need Attention
1544819,2020-06-09,257,4,4310.45,5,5,4,4,554,Loyal Customers
1545230,2019-01-22,761,2,2034.9499999999998,2,3,2,2,232,About To Sleep
1545880,2019-11-30,449,1,1239.94,3,2,2,2,322,Need Attention
1545927,2019-01-24,759,2,5126.85,2,3,4,4,234,At Risk
1546247,2019-07-29,573,1,2305.0,3,2,3,2,323,Need Attention
1546540,2020-01-22,396,3,14342.0,4,4,5,4,445,Loyal Customers
1546647,2020-05-19,278,4,3048.87,5,5,3,4,553,Loyal Customers
1546746,2019-05-03,660,2,1950.96,2,3,2,2,232,About To Sleep
1546902,2019-12-30,419,1,1050.0,4,2,2,2,422,Potential Loyalists
1546927,2018-05-26,1002,1,72.85000000000001,1,2,1,2,121,Lost
1547483,2019-02-21,731,1,1825.38,2,2,2,2,222,About To Sleep
1547527,2020-06-01,265,2,13451.109999999999,5,3,5,4,535,Loyal Customers
1547560,2019-10-26,484,1,667.6,3,2,1,2,321,Need Attention
1547777,2019-10-10,500,2,7554.54,3,3,5,4,335,Loyal Customers
1547810,2019-09-27,513,1,536.0,3,2,1,2,321,Need Attention
1547892,2018-11-22,822,2,1427.9,2,3,2,2,232,About To Sleep
1548057,2021-02-05,16,2,3692.4700000000003,5,3,3,3,533,Potential Loyalists
1548257,2016-06-28,1699,1,6136.67,1,2,4,3,124,At Risk
1548406,2021-01-13,39,2,867.95,5,3,2,2,532,Potential Loyalists
1548410,2018-01-02,1146,2,11134.87,1,3,5,4,135,Can't Lose Them
1548524,2019-12-16,433,4,10542.57,4,5,5,5,455,Champions
1548647,2019-09-07,533,1,341.97,3,2,1,2,321,Need Attention
1548927,2020-11-05,108,4,4541.58,5,5,4,4,554,Loyal Customers
1548942,2019-11-21,458,3,3698.54,3,4,3,4,343,Loyal Customers
1549048,2019-01-02,781,3,4897.26,2,4,4,4,244,At Risk
1549412,2019-06-17,615,2,2910.91,2,3,3,3,233,At Risk
1549476,2019-10-19,491,1,2093.9300000000003,3,2,2,2,322,Need Attention
1549671,2020-01-06,412,3,11944.8,4,4,5,4,445,Loyal Customers
1549707,2020-03-07,351,2,3864.5,4,3,3,3,433,Loyal Customers
1549951,2018-12-22,792,1,2481.95,2,2,3,2,223,About To Sleep
1549964,2019-11-25,454,5,9277.38,3,5,5,5,355,Loyal Customers
1550192,2020-02-06,381,2,12681.0,4,3,5,4,435,Loyal Customers
1550479,2019-02-24,728,2,2058.86,2,3,2,2,232,About To Sleep
1550543,2019-11-16,463,3,16810.77,3,4,5,4,345,Loyal Customers
1550559,2019-07-13,589,2,1973.3,3,3,2,2,332,Need Attention
1551051,2019-10-19,491,3,4421.99,3,4,4,4,344,Loyal Customers
1551066,2019-09-23,517,4,1447.83,3,5,2,4,352,Loyal Customers
1551319,2020-11-26,87,3,7493.55,5,4,4,4,544,Loyal Customers
1551427,2016-08-12,1654,1,6599.9400000000005,1,2,4,3,124,At Risk
1551531,2019-12-29,420,1,791.0,4,2,1,2,421,Potential Loyalists
1551713,2019-02-16,736,1,3254.22,2,2,3,2,223,About To Sleep
1551714,2018-12-21,793,2,763.93,2,3,1,2,231,About To Sleep
1552401,2021-02-19,2,1,1085.86,5,2,2,2,522,Potential Loyalists
1552478,2019-11-11,468,2,2408.33,3,3,3,3,333,Need Attention
1552696,2020-01-28,390,6,4242.36,4,5,4,4,454,Loyal Customers
1552741,2019-07-08,594,2,2714.9,3,3,3,3,333,Need Attention
1553271,2020-09-26,148,4,14128.03,5,5,5,5,555,Champions
1553334,2019-08-10,561,5,4524.8099999999995,3,5,4,4,354,Loyal Customers
1553366,2016-07-13,1684,1,149.0,1,2,1,2,121,Lost
1553446,2020-04-30,297,1,25.32,5,2,1,2,521,Potential Loyalists
1553574,2021-02-18,3,6,15093.38,5,5,5,5,555,Champions
1553965,2021-01-02,50,4,2810.49,5,5,3,4,553,Loyal Customers
1554137,2016-01-16,1863,1,1273.96,1,2,2,2,122,Lost
1554303,2019-10-24,486,2,3994.94,3,3,3,3,333,Need Attention
1554591,2020-02-20,367,1,1012.61,4,2,2,2,422,Potential Loyalists
1554806,2020-01-23,395,2,2230.96,4,3,3,3,433,Loyal Customers
1554835,2019-12-25,424,2,6109.92,4,3,4,4,434,Loyal Customers
1555078,2019-06-29,603,2,1155.49,3,3,2,2,332,Need Attention
1555615,2018-08-08,928,1,416.57,1,2,1,2,121,Lost
1556134,2019-02-13,739,3,3123.95,2,4,3,4,243,At Risk
1556431,2019-09-13,527,2,3020.6,3,3,3,3,333,Need Attention
1556602,2021-01-27,25,6,26123.27,5,5,5,5,555,Champions
1556707,2020-07-16,220,2,3476.88,5,3,3,3,533,Potential Loyalists
1556976,2019-12-21,428,2,141.93,4,3,1,2,431,Potential Loyalists
1557174,2018-01-04,1144,2,1212.38,1,3,2,2,132,Lost
1557251,2021-02-17,4,2,7452.93,5,3,4,4,534,Loyal Customers
1557502,2020-05-02,295,1,2010.33,5,2,2,2,522,Potential Loyalists
1557593,2019-03-06,718,2,12601.22,2,3,5,4,235,At Risk
1557688,2018-12-28,786,3,8965.960000000001,2,4,5,4,245,At Risk
1557761,2019-02-21,731,2,4875.99,2,3,4,4,234,At Risk
1557811,2020-05-03,294,5,21219.41,5,5,5,5,555,Champions
1558454,2020-05-04,293,4,6412.530000000001,5,5,4,4,554,Loyal Customers
1558511,2020-12-30,53,1,1022.9200000000001,5,2,2,2,522,Potential Loyalists
1558551,2019-10-03,507,2,1155.5,3,3,2,2,332,Need Attention
1558588,2020-06-06,260,5,3438.53,5,5,3,4,553,Loyal Customers
1558640,2019-08-10,561,2,3780.91,3,3,3,3,333,Need Attention
1558652,2019-05-09,654,2,4556.0,2,3,4,4,234,At Risk
1558964,2020-02-17,370,3,3729.45,4,4,3,4,443,Loyal Customers
1559125,2019-02-14,738,2,729.97,2,3,1,2,231,About To Sleep
1559226,2017-09-15,1255,1,934.5,1,2,2,2,122,Lost
1559342,2018-12-23,791,3,3704.95,2,4,3,4,243,At Risk
1559404,2018-10-15,860,2,2006.3200000000002,2,3,2,2,232,About To Sleep
1559552,2019-01-19,764,4,3802.31,2,5,3,4,253,At Risk
1559597,2020-12-31,52,3,1891.24,5,4,2,3,542,Potential Loyalists
1559711,2020-02-15,372,5,3169.23,4,5,3,4,453,Loyal Customers
1559760,2020-02-14,373,4,2479.29,4,5,3,4,453,Loyal Customers
1559820,2020-11-25,88,4,11206.23,5,5,5,5,555,Champions
1560123,2018-09-02,903,3,7818.8,1,4,5,4,145,Can't Lose Them
1560282,2019-12-12,437,2,4275.96,3,3,4,4,334,Loyal Customers
1560490,2019-12-29,420,6,7001.549999999999,4,5,4,4,454,Loyal Customers
1560587,2019-11-09,470,2,10178.92,3,3,5,4,335,Loyal Customers
1560641,2017-01-09,1504,1,476.0,1,2,1,2,121,Lost
1560793,2020-06-25,241,4,8951.34,5,5,5,5,555,Champions
1561059,2016-10-19,1586,1,345.0,1,2,1,2,121,Lost
1561454,2020-01-06,412,6,15947.26,4,5,5,5,455,Champions
1561561,2020-01-15,403,4,10508.36,4,5,5,5,455,Champions
1561764,2020-01-01,417,5,7851.26,4,5,5,5,455,Champions
1561945,2018-12-13,801,2,1689.29,2,3,2,2,232,About To Sleep
1561955,2020-05-01,296,4,3889.76,5,5,3,4,553,Loyal Customers
1562024,2020-07-04,232,3,4787.91,5,4,4,4,544,Loyal Customers
1562099,2020-01-09,409,2,3381.71,4,3,3,3,433,Loyal Customers
1562638,2019-07-22,580,2,1486.7,3,3,2,2,332,Need Attention
1562703,2019-01-05,778,2,6830.47,2,3,4,4,234,At Risk
1562806,2020-06-04,262,4,9950.91,5,5,5,5,555,Champions
1562994,2020-12-22,61,2,667.52,5,3,1,2,531,Potential Loyalists
1563045,2020-01-11,407,4,6805.76,4,5,4,4,454,Loyal Customers
1563218,2019-12-03,446,2,18778.02,3,3,5,4,335,Loyal Customers
1563279,2020-03-03,355,3,5777.4,4,4,4,4,444,Loyal Customers
1563724,2020-09-08,166,7,11078.05,5,5,5,5,555,Champions
1563746,2020-05-01,296,1,13.89,5,2,1,2,521,Potential Loyalists
1564311,2021-02-01,20,4,1858.29,5,5,2,4,552,Loyal Customers
1564394,2018-11-03,841,1,645.88,2,2,1,2,221,About To Sleep
1564526,2019-02-04,748,2,2397.85,2,3,3,3,233,At Risk
1564649,2019-12-18,431,2,2704.93,4,3,3,3,433,Loyal Customers
1564727,2018-02-07,1110,1,218.0,1,2,1,2,121,Lost
1564733,2020-02-20,367,4,2817.2,4,5,3,4,453,Loyal Customers
1564826,2020-01-03,415,2,5331.460000000001,4,3,4,4,434,Loyal Customers
1564987,2018-01-16,1132,3,482.38,1,4,1,2,141,Lost
1565782,2020-12-26,57,2,1332.0,5,3,2,2,532,Potential Loyalists
1565847,2020-01-31,387,5,9432.880000000001,4,5,5,5,455,Champions
1566037,2019-09-11,529,3,4297.9,3,4,4,4,344,Loyal Customers
1566368,2020-02-25,362,4,14713.560000000001,4,5,5,5,455,Champions
1566584,2017-12-16,1163,2,1467.0,1,3,2,2,132,Lost
1566670,2018-05-22,1006,1,115.0,1,2,1,2,121,Lost
1566740,2021-01-02,50,1,1536.0,5,2,2,2,522,Potential Loyalists
1566742,2019-01-22,761,3,6245.5599999999995,2,4,4,4,244,At Risk
1567069,2020-01-22,396,1,534.0,4,2,1,2,421,Potential Loyalists
1567343,2020-10-02,142,3,20667.27,5,4,5,4,545,Loyal Customers
1567347,2020-06-21,245,4,25855.159999999996,5,5,5,5,555,Champions
1567503,2020-02-13,374,2,7763.6900000000005,4,3,5,4,435,Loyal Customers
1567570,2017-02-07,1475,1,1336.96,1,2,2,2,122,Lost
1567719,2019-01-10,773,2,2213.7799999999997,2,3,3,3,233,At Risk
1568116,2019-12-21,428,8,18003.65,4,5,5,5,455,Champions
1568316,2019-06-18,614,2,9821.87,2,3,5,4,235,At Risk
1568944,2020-06-16,250,5,15834.33,5,5,5,5,555,Champions
1569144,2020-01-28,390,5,4001.79,4,5,3,4,453,Loyal Customers
1569496,2020-02-11,376,6,12192.3,4,5,5,5,455,Champions
1569601,2018-12-24,790,1,828.9399999999999,2,2,1,2,221,About To Sleep
1569702,2020-11-20,93,2,4970.64,5,3,4,4,534,Loyal Customers
1569944,2020-07-30,206,3,2283.32,5,4,3,4,543,Loyal Customers
1570075,2018-06-11,986,1,567.98,1,2,1,2,121,Lost
1570164,2019-03-08,716,4,2978.55,2,5,3,4,253,At Risk
1570185,2020-01-10,408,2,1590.0,4,3,2,2,432,Potential Loyalists
1570220,2020-06-03,263,1,2399.6,5,2,3,2,523,Potential Loyalists
1570381,2019-08-05,566,1,115.98,3,2,1,2,321,Need Attention
1570733,2020-04-30,297,3,5498.63,5,4,4,4,544,Loyal Customers
1570781,2021-01-20,32,2,8881.359999999999,5,3,5,4,535,Loyal Customers
1570784,2019-02-27,725,2,962.0,2,3,2,2,232,About To Sleep
1570925,2020-12-05,78,4,7387.07,5,5,4,4,554,Loyal Customers
1571048,2019-08-03,568,2,5196.45,3,3,4,4,334,Loyal Customers
1571124,2021-02-19,2,3,8576.57,5,4,5,4,545,Loyal Customers
1571169,2020-07-02,234,2,2411.7200000000003,5,3,3,3,533,Potential Loyalists
1571311,2018-11-10,834,6,27283.02,2,5,5,5,255,Can't Lose Them
1571374,2019-11-16,463,2,1526.78,3,3,2,2,332,Need Attention
1571665,2019-10-10,500,2,3517.91,3,3,3,3,333,Need Attention
1571781,2019-12-14,435,4,8340.64,3,5,5,5,355,Loyal Customers
1571856,2019-08-02,569,1,43.0,3,2,1,2,321,Need Attention
1571957,2020-08-19,186,5,10776.59,5,5,5,5,555,Champions
1572109,2020-02-08,379,1,121.97999999999999,4,2,1,2,421,Potential Loyalists
1572157,2017-06-10,1352,1,219.95,1,2,1,2,121,Lost
1572239,2019-12-29,420,1,269.98,4,2,1,2,421,Potential Loyalists
1572283,2019-07-10,592,2,8229.21,3,3,5,4,335,Loyal Customers
1572390,2020-02-25,362,2,2385.9,4,3,3,3,433,Loyal Customers
1572525,2019-03-05,719,3,11610.9,2,4,5,4,245,At Risk
1572607,2019-02-15,737,1,1267.99,2,2,2,2,222,About To Sleep
1572714,2019-06-28,604,1,899.75,3,2,2,2,322,Need Attention
1572728,2017-10-20,1220,1,2108.9300000000003,1,2,2,2,122,Lost
1572877,2020-02-22,365,4,10569.9,4,5,5,5,455,Champions
1573050,2019-06-05,627,2,3503.96,2,3,3,3,233,At Risk
1573316,2019-08-17,554,1,3998.4,3,2,3,2,323,Need Attention
1573427,2018-08-13,923,3,6155.16,1,4,4,4,144,Can't Lose Them
1573485,2018-08-28,908,2,3936.0,1,3,3,3,133,At Risk
1574202,2019-05-30,633,2,1036.5900000000001,2,3,2,2,232,About To Sleep
1574270,2017-09-26,1244,1,299.9,1,2,1,2,121,Lost
1574290,2016-11-25,1549,1,2671.4900000000002,1,2,3,2,123,Lost
1574307,2019-11-04,475,4,8326.66,3,5,5,5,355,Loyal Customers
1574553,2020-01-03,415,2,3544.76,4,3,3,3,433,Loyal Customers
1574605,2018-08-15,921,2,2503.07,1,3,3,3,133,At Risk
1575066,2020-12-23,60,2,396.52,5,3,1,2,531,Potential Loyalists
1575457,2020-01-10,408,5,5028.33,4,5,4,4,454,Loyal Customers
1575584,2020-12-05,78,3,4051.79,5,4,3,4,543,Loyal Customers
1575642,2020-02-14,373,3,5227.06,4,4,4,4,444,Loyal Customers
1575801,2020-01-31,387,3,12323.23,4,4,5,4,445,Loyal Customers
1575920,2020-01-02,416,1,16.169999999999998,4,2,1,2,421,Potential Loyalists
1576331,2019-12-28,421,7,13990.92,4,5,5,5,455,Champions
1576374,2019-10-25,485,2,338.06,3,3,1,2,331,Need Attention
1576532,2020-09-08,166,3,2558.61,5,4,3,4,543,Loyal Customers
1576610,2019-10-01,509,1,735.2,3,2,1,2,321,Need Attention
1576676,2020-07-28,208,3,13665.320000000002,5,4,5,4,545,Loyal Customers
1577191,2019-12-21,428,4,4695.38,4,5,4,4,454,Loyal Customers
1577297,2019-12-25,424,5,10358.9,4,5,5,5,455,Champions
1577472,2020-08-27,178,2,4951.08,5,3,4,4,534,Loyal Customers
1577535,2019-05-11,652,3,6341.22,2,4,4,4,244,At Risk
1577659,2020-05-30,267,8,10536.15,5,5,5,5,555,Champions
1577700,2019-12-21,428,3,7323.76,4,4,4,4,444,Loyal Customers
1577921,2019-09-12,528,1,828.07,3,2,1,2,321,Need Attention
1578249,2018-12-26,788,2,3341.24,2,3,3,3,233,At Risk
1578933,2020-01-02,416,3,473.96,4,4,1,2,441,Potential Loyalists
1579183,2020-02-12,375,10,35780.33,4,5,5,5,455,Champions
1579553,2021-01-06,46,2,4366.26,5,3,4,4,534,Loyal Customers
1579735,2019-08-16,555,3,3688.45,3,4,3,4,343,Loyal Customers
1579793,2018-06-27,970,3,4218.89,1,4,4,4,144,Can't Lose Them
1579839,2020-06-08,258,3,7145.99,5,4,4,4,544,Loyal Customers
1579971,2016-07-12,1685,1,3071.9,1,2,3,2,123,Lost
1579996,2019-03-14,710,3,8521.48,2,4,5,4,245,At Risk
1579999,2019-09-25,515,1,25.69,3,2,1,2,321,Need Attention
1580391,2019-02-18,734,1,694.99,2,2,1,2,221,About To Sleep
1580459,2020-03-14,344,4,4929.52,5,5,4,4,554,Loyal Customers
1581139,2020-10-15,129,1,1006.8100000000001,5,2,2,2,522,Potential Loyalists
1581375,2019-01-04,779,1,260.96,2,2,1,2,221,About To Sleep
1581545,2020-01-21,397,2,7895.99,4,3,5,4,435,Loyal Customers
1581565,2018-09-18,887,1,188.5,1,2,1,2,121,Lost
1581788,2019-11-23,456,2,1590.69,3,3,2,2,332,Need Attention
1581888,2020-02-17,370,7,10493.83,4,5,5,5,455,Champions
1581992,2018-11-16,828,3,2939.8,2,4,3,4,243,At Risk
1582077,2018-07-25,942,2,298.89,1,3,1,2,131,Lost
1582099,2019-08-31,540,2,7021.95,3,3,4,4,334,Loyal Customers
1582192,2019-10-26,484,2,2788.91,3,3,3,3,333,Need Attention
1582197,2018-06-16,981,1,3675.88,1,2,3,2,123,Lost
1582515,2019-09-19,521,1,4066.8199999999997,3,2,3,2,323,Need Attention
1582605,2019-12-19,430,2,1403.25,4,3,2,2,432,Potential Loyalists
1582684,2020-01-09,409,3,4363.64,4,4,4,4,444,Loyal Customers
1582685,2019-05-23,640,3,682.29,2,4,1,2,241,About To Sleep
1582741,2020-01-18,400,5,4288.7,4,5,4,4,454,Loyal Customers
1582814,2019-08-03,568,1,155.36,3,2,1,2,321,Need Attention
1583170,2020-05-23,274,4,4405.07,5,5,4,4,554,Loyal Customers
1583342,2020-01-18,400,4,4802.28,4,5,4,4,454,Loyal Customers
1583359,2019-01-25,758,3,1402.01,2,4,2,3,242,At Risk
1583546,2019-08-07,564,1,2826.6800000000003,3,2,3,2,323,Need Attention
1583625,2021-01-02,50,4,4542.55,5,5,4,4,554,Loyal Customers
1583892,2019-05-01,662,4,9955.619999999999,2,5,5,5,255,Can't Lose Them
1583943,2018-09-12,893,1,1999.6,1,2,2,2,122,Lost
1584109,2016-01-18,1861,1,184.5,1,2,1,2,121,Lost
1584520,2018-10-11,864,2,2264.8,2,3,3,3,233,At Risk
1584962,2020-02-22,365,4,5360.71,4,5,4,4,454,Loyal Customers
1585026,2019-12-31,418,2,1242.8400000000001,4,3,2,2,432,Potential Loyalists
1585030,2020-02-13,374,1,3329.8,4,2,3,2,423,Potential Loyalists
1585075,2019-09-10,530,2,249.09,3,3,1,2,331,Need Attention
1585149,2020-02-20,367,4,23348.98,4,5,5,5,455,Champions
1585185,2019-12-29,420,4,12610.51,4,5,5,5,455,Champions
1585352,2019-12-28,421,1,2576.0,4,2,3,2,423,Potential Loyalists
1585631,2020-02-05,382,2,9902.329999999998,4,3,5,4,435,Loyal Customers
1585758,2020-01-18,400,2,4853.13,4,3,4,4,434,Loyal Customers
1585780,2020-07-01,235,3,2274.32,5,4,3,4,543,Loyal Customers
1585839,2020-02-22,365,2,1864.3100000000002,4,3,2,2,432,Potential Loyalists
1585904,2019-10-19,491,2,2646.96,3,3,3,3,333,Need Attention
1585932,2020-02-22,365,5,14727.25,4,5,5,5,455,Champions
1586325,2020-02-26,361,3,6718.33,4,4,4,4,444,Loyal Customers
1586481,2020-03-04,354,2,2251.51,4,3,3,3,433,Loyal Customers
1586491,2019-06-21,611,4,5931.08,2,5,4,4,254,At Risk
1586575,2019-11-30,449,2,4175.69,3,3,4,4,334,Loyal Customers
1586587,2020-01-30,388,3,4305.27,4,4,4,4,444,Loyal Customers
1586604,2018-12-19,795,1,613.0,2,2,1,2,221,About To Sleep
1586620,2020-01-11,407,2,884.6,4,3,2,2,432,Potential Loyalists
1587170,2020-03-13,345,2,2842.99,4,3,3,3,433,Loyal Customers
1587252,2019-06-03,629,1,534.97,2,2,1,2,221,About To Sleep
1587288,2017-02-25,1457,1,759.95,1,2,1,2,121,Lost
1587485,2016-06-21,1706,1,499.95,1,2,1,2,121,Lost
1587609,2019-07-13,589,2,2435.9399999999996,3,3,3,3,333,Need Attention
1587863,2020-06-06,260,2,7326.67,5,3,4,4,534,Loyal Customers
1588014,2019-01-10,773,3,6988.08,2,4,4,4,244,At Risk
1588361,2020-01-18,400,8,29915.8,4,5,5,5,455,Champions
1588395,2019-09-11,529,2,20762.0,3,3,5,4,335,Loyal Customers
1588449,2018-08-10,926,3,6989.32,1,4,4,4,144,Can't Lose Them
1588479,2020-12-31,52,3,1426.71,5,4,2,3,542,Potential Loyalists
1588825,2020-01-29,389,4,2478.29,4,5,3,4,453,Loyal Customers
1589180,2020-12-11,72,1,200.0,5,2,1,2,521,Potential Loyalists
1589348,2020-11-07,106,5,15048.01,5,5,5,5,555,Champions
1589387,2019-12-24,425,3,10991.17,4,4,5,4,445,Loyal Customers
1589445,2020-01-04,414,1,3313.2,4,2,3,2,423,Potential Loyalists
1589664,2019-07-30,572,2,3373.81,3,3,3,3,333,Need Attention
1589671,2019-11-15,464,1,140.26,3,2,1,2,321,Need Attention
1589810,2019-08-21,550,4,7885.21,3,5,5,5,355,Loyal Customers
1589934,2018-06-30,967,1,1132.97,1,2,2,2,122,Lost
1589958,2020-02-26,361,3,5696.05,4,4,4,4,444,Loyal Customers
1590155,2019-05-18,645,2,1164.63,2,3,2,2,232,About To Sleep
1590257,2019-11-02,477,6,10669.210000000001,3,5,5,5,355,Loyal Customers
1590518,2020-12-23,60,4,4772.21,5,5,4,4,554,Loyal Customers
1590619,2017-12-23,1156,2,6589.12,1,3,4,4,134,Can't Lose Them
1590912,2019-03-02,722,3,4116.92,2,4,4,4,244,At Risk
1590949,2018-11-20,824,2,4438.51,2,3,4,4,234,At Risk
1591113,2019-08-08,563,4,8911.01,3,5,5,5,355,Loyal Customers
1591484,2020-12-17,66,2,13463.49,5,3,5,4,535,Loyal Customers
1591550,2019-08-16,555,1,7996.39,3,2,5,4,325,Loyal Customers
1591588,2020-02-08,379,1,462.0,4,2,1,2,421,Potential Loyalists
1591623,2020-04-27,300,1,1599.6,5,2,2,2,522,Potential Loyalists
1591779,2018-12-01,813,1,3082.0,2,2,3,2,223,About To Sleep
1591782,2019-09-26,514,1,2473.5,3,2,3,2,323,Need Attention
1591884,2019-12-14,435,2,10562.650000000001,3,3,5,4,335,Loyal Customers
1591998,2018-03-15,1074,2,520.9,1,3,1,2,131,Lost
1592095,2020-02-05,382,2,2372.91,4,3,3,3,433,Loyal Customers
1592128,2017-12-22,1157,1,72.93,1,2,1,2,121,Lost
1592197,2020-01-20,398,2,3932.0,4,3,3,3,433,Loyal Customers
1592335,2021-02-13,8,2,5136.12,5,3,4,4,534,Loyal Customers
1592367,2019-02-15,737,4,1264.69,2,5,2,4,252,At Risk
1592400,2020-12-25,58,4,22217.99,5,5,5,5,555,Champions
1592559,2021-01-08,44,1,41.94,5,2,1,2,521,Potential Loyalists
1592592,2018-11-13,831,2,404.13,2,3,1,2,231,About To Sleep
1592641,2019-11-24,455,2,14829.11,3,3,5,4,335,Loyal Customers
1592800,2016-05-12,1746,2,1731.8200000000002,1,3,2,2,132,Lost
1592930,2019-01-27,756,3,4819.56,2,4,4,4,244,At Risk
1593111,2019-09-21,519,3,8296.640000000001,3,4,5,4,345,Loyal Customers
1593191,2016-12-15,1529,1,800.0,1,2,1,2,121,Lost
1593756,2018-12-13,801,1,2123.68,2,2,2,2,222,About To Sleep
1593888,2019-10-10,500,4,5482.6900000000005,3,5,4,4,354,Loyal Customers
1594010,2021-02-15,6,3,6047.62,5,4,4,4,544,Loyal Customers
1594074,2019-02-23,729,1,2313.36,2,2,3,2,223,About To Sleep
1594267,2020-03-07,351,6,4846.54,4,5,4,4,454,Loyal Customers
1594272,2019-12-20,429,3,32867.0,4,4,5,4,445,Loyal Customers
1594290,2018-08-09,927,2,2418.4,1,3,3,3,133,At Risk
1594429,2018-01-29,1119,1,10564.95,1,2,5,4,125,Can't Lose Them
1594465,2018-10-23,852,2,2328.35,2,3,3,3,233,At Risk
1594579,2018-09-18,887,2,5740.25,1,3,4,4,134,Can't Lose Them
1594791,2020-07-01,235,4,9308.74,5,5,5,5,555,Champions
1594853,2021-01-15,37,1,4396.57,5,2,4,3,524,Potential Loyalists
1594919,2020-08-15,190,3,7243.96,5,4,4,4,544,Loyal Customers
1595354,2019-07-24,578,1,50.54,3,2,1,2,321,Need Attention
1595386,2018-12-29,785,2,2788.8100000000004,2,3,3,3,233,At Risk
1595510,2020-01-15,403,2,2919.52,4,3,3,3,433,Loyal Customers
1595518,2019-11-19,460,1,4619.0,3,2,4,3,324,Need Attention
1595569,2020-10-10,134,1,70.13,5,2,1,2,521,Potential Loyalists
1595616,2018-09-27,878,1,15380.09,1,2,5,4,125,Can't Lose Them
1595646,2019-09-19,521,2,430.89000000000004,3,3,1,2,331,Need Attention
1596027,2019-11-30,449,6,6049.88,3,5,4,4,354,Loyal Customers
1596238,2019-05-31,632,3,6181.67,2,4,4,4,244,At Risk
1596264,2019-11-13,466,6,11996.4,3,5,5,5,355,Loyal Customers
1596639,2019-10-19,491,1,2526.0,3,2,3,2,323,Need Attention
1596830,2020-05-08,289,2,455.39,5,3,1,2,531,Potential Loyalists
1596943,2018-06-19,978,1,1900.6100000000001,1,2,2,2,122,Lost
1597238,2019-06-06,626,1,149.99,2,2,1,2,221,About To Sleep
1597329,2020-03-04,354,3,2739.5,4,4,3,4,443,Loyal Customers
1597913,2019-07-16,586,1,396.0,3,2,1,2,321,Need Attention
1598422,2019-09-09,531,3,7440.09,3,4,4,4,344,Loyal Customers
1598675,2019-06-25,607,3,18334.21,2,4,5,4,245,At Risk
1598894,2020-05-02,295,3,2097.1699999999996,5,4,2,3,542,Potential Loyalists
1599193,2019-05-13,650,2,3884.9,2,3,3,3,233,At Risk
1599307,2018-09-27,878,3,2675.0,1,4,3,4,143,Can't Lose Them
1599316,2019-08-28,543,1,650.99,3,2,1,2,321,Need Attention
1599489,2019-05-17,646,1,6448.969999999999,2,2,4,3,224,At Risk
1599683,2019-02-06,746,6,14695.119999999999,2,5,5,5,255,Can't Lose Them
1599697,2020-07-02,234,3,2907.1499999999996,5,4,3,4,543,Loyal Customers
1599716,2020-01-22,396,3,797.48,4,4,1,2,441,Potential Loyalists
1599863,2020-01-02,416,2,4140.0199999999995,4,3,4,4,434,Loyal Customers
1599869,2019-12-28,421,2,3603.66,4,3,3,3,433,Loyal Customers
1599966,2018-12-01,813,2,2626.91,2,3,3,3,233,At Risk
1599978,2020-11-12,101,3,4084.4300000000003,5,4,4,4,544,Loyal Customers
1600031,2019-11-02,477,2,265.98,3,3,1,2,331,Need Attention
1600297,2019-08-11,560,1,997.12,3,2,2,2,322,Need Attention
1600419,2020-11-14,99,6,21952.57,5,5,5,5,555,Champions
1600674,2019-02-19,733,1,3194.1,2,2,3,2,223,About To Sleep
1600939,2018-08-07,929,2,5111.11,1,3,4,4,134,Can't Lose Them
1600965,2020-02-07,380,4,7636.9,4,5,5,5,455,Champions
1601116,2019-08-10,561,2,768.35,3,3,1,2,331,Need Attention
1601287,2019-02-20,732,3,3027.83,2,4,3,4,243,At Risk
1601341,2020-09-02,172,2,2529.69,5,3,3,3,533,Potential Loyalists
1601387,2020-01-02,416,5,12128.16,4,5,5,5,455,Champions
1601425,2019-08-02,569,1,127.54,3,2,1,2,321,Need Attention
1601798,2019-10-31,479,2,686.8,3,3,1,2,331,Need Attention
1602280,2019-12-17,432,1,7291.6,4,2,4,3,424,Loyal Customers
1602426,2020-11-24,89,8,14128.86,5,5,5,5,555,Champions
1602459,2020-01-04,414,6,8014.26,4,5,5,5,455,Champions
1602496,2020-01-11,407,2,7202.69,4,3,4,4,434,Loyal Customers
1602848,2019-06-29,603,2,2319.84,3,3,3,3,333,Need Attention
1603055,2019-11-01,478,2,1967.93,3,3,2,2,332,Need Attention
1603158,2019-08-13,558,3,23650.11,3,4,5,4,345,Loyal Customers
1603395,2018-02-06,1111,2,6054.6,1,3,4,4,134,Can't Lose Them
1603545,2016-11-17,1557,1,717.35,1,2,1,2,121,Lost
1604035,2019-08-28,543,2,5482.34,3,3,4,4,334,Loyal Customers
1604064,2018-06-21,976,2,1989.33,1,4,2,3,142,At Risk
1604181,2019-01-27,756,1,2693.99,2,2,3,2,223,About To Sleep
1604320,2018-06-19,978,1,3447.8,1,2,3,2,123,Lost
1604366,2019-09-17,523,2,1838.97,3,4,2,3,342,Need Attention
1604371,2019-12-31,418,4,2797.2599999999998,4,5,3,4,453,Loyal Customers
1604428,2019-02-06,746,4,2975.84,2,5,3,4,253,At Risk
1605025,2018-11-27,817,2,778.16,2,4,1,2,241,About To Sleep
1605063,2020-06-18,248,1,5394.0,5,2,4,3,524,Potential Loyalists
1605189,2018-09-28,877,2,1901.97,2,4,2,3,242,At Risk
1605337,2020-01-11,407,6,6525.71,4,5,4,4,454,Loyal Customers
1605350,2020-02-27,360,7,7557.04,4,5,5,5,455,Champions
1605500,2020-02-05,382,3,2209.38,4,4,3,4,443,Loyal Customers
1605807,2018-10-04,871,4,864.63,2,5,2,4,252,At Risk
1606396,2020-07-08,228,2,6356.66,5,4,4,4,544,Loyal Customers
1606420,2016-05-19,1739,1,4250.0,1,2,4,3,124,At Risk
1606628,2021-01-06,46,3,4704.27,5,4,4,4,544,Loyal Customers
1606629,2020-02-13,374,2,3087.08,4,4,3,4,443,Loyal Customers
1606675,2017-11-16,1193,2,3546.99,1,4,3,4,143,Can't Lose Them
1606767,2017-05-02,1391,1,79.8,1,2,1,2,121,Lost
1606792,2020-05-27,270,3,2518.94,5,4,3,4,543,Loyal Customers
1606868,2018-02-20,1097,1,115.76,1,2,1,2,121,Lost
1607033,2019-09-21,519,2,3600.3599999999997,3,4,3,4,343,Loyal Customers
1607034,2020-05-12,285,2,7939.4,5,4,5,4,545,Loyal Customers
1607152,2018-06-05,992,1,598.0,1,2,1,2,121,Lost
1607269,2019-12-04,445,3,1829.49,3,4,2,3,342,Need Attention
1607584,2020-09-16,158,3,13025.1,5,4,5,4,545,Loyal Customers
1608129,2018-12-15,799,2,2401.91,2,4,3,4,243,At Risk
1608153,2019-12-20,429,1,31.55,4,2,1,2,421,Potential Loyalists
1608259,2020-05-02,295,4,9912.84,5,5,5,5,555,Champions
1608505,2019-02-16,736,2,1117.98,2,4,2,3,242,At Risk
1608553,2020-05-07,290,3,2784.02,5,4,3,4,543,Loyal Customers
1608642,2019-12-05,444,1,210.39,3,2,1,2,321,Need Attention
1608686,2018-12-29,785,1,2534.0,2,2,3,2,223,About To Sleep
1608818,2020-09-10,164,1,53.28,5,2,1,2,521,Potential Loyalists
1609030,2018-12-13,801,1,710.75,2,2,1,2,221,About To Sleep
1609149,2020-03-16,342,4,11164.81,5,5,5,5,555,Champions
1609162,2019-11-28,451,2,2428.7599999999998,3,4,3,4,343,Loyal Customers
1609340,2019-07-18,584,1,219.98,3,2,1,2,321,Need Attention
1609370,2019-09-19,521,1,159.9,3,2,1,2,321,Need Attention
1609568,2019-08-22,549,1,503.61,3,2,1,2,321,Need Attention
1609589,2020-02-12,375,5,10945.04,4,5,5,5,455,Champions
1609703,2021-02-18,3,3,1985.58,5,4,2,3,542,Potential Loyalists
1609870,2019-12-04,445,3,1121.17,3,4,2,3,342,Need Attention
1610011,2019-12-05,444,3,16483.69,3,4,5,4,345,Loyal Customers
1610092,2020-05-20,277,4,2544.0,5,5,3,4,553,Loyal Customers
1610098,2019-11-29,450,9,20458.22,3,5,5,5,355,Loyal Customers
1610147,2020-01-06,412,4,7076.09,4,5,4,4,454,Loyal Customers
1610211,2019-11-12,467,2,343.89,3,4,1,2,341,Need Attention
1610770,2020-06-02,264,4,26692.76,5,5,5,5,555,Champions
1611379,2019-12-21,428,1,101.99,4,2,1,2,421,Potential Loyalists
1611553,2020-01-03,415,2,2188.86,4,4,3,4,443,Loyal Customers
1611777,2020-01-29,389,3,3596.8,4,4,3,4,443,Loyal Customers
1611795,2018-12-19,795,1,160.23000000000002,2,2,1,2,221,About To Sleep
1611906,2019-11-21,458,1,41.67,3,2,1,2,321,Need Attention
1611938,2018-09-12,893,2,4902.9400000000005,1,4,4,4,144,Can't Lose Them
1612400,2020-12-31,52,3,5968.0,5,4,4,4,544,Loyal Customers
1612490,2021-02-05,16,3,4264.49,5,4,4,4,544,Loyal Customers
1612496,2020-05-07,290,2,703.31,5,4,1,2,541,Potential Loyalists
1612511,2019-07-17,585,3,2121.83,3,4,2,3,342,Need Attention
1612752,2019-08-25,546,2,7262.4800000000005,3,4,4,4,344,Loyal Customers
1613129,2020-02-06,381,4,2266.5699999999997,4,5,3,4,453,Loyal Customers
1613178,2020-02-17,370,2,3438.19,4,4,3,4,443,Loyal Customers
1613285,2020-10-29,115,3,9428.98,5,4,5,4,545,Loyal Customers
1613362,2020-07-31,205,6,4585.33,5,5,4,4,554,Loyal Customers
1613518,2018-08-10,926,1,3597.4199999999996,1,2,3,2,123,Lost
1613605,2019-02-19,733,1,832.0,2,2,1,2,221,About To Sleep
1613767,2020-03-04,354,4,5207.860000000001,4,5,4,4,454,Loyal Customers
1613977,2020-06-24,242,3,10071.27,5,4,5,4,545,Loyal Customers
1614019,2021-02-18,3,4,14328.24,5,5,5,5,555,Champions
1614150,2019-12-07,442,1,1002.91,3,2,2,2,322,Need Attention
1614172,2019-11-09,470,3,1819.14,3,4,2,3,342,Need Attention
1614592,2020-08-10,195,3,2103.27,5,4,2,3,542,Potential Loyalists
1615113,2020-07-11,225,3,6591.45,5,4,4,4,544,Loyal Customers
1615254,2018-08-10,926,1,888.0,1,2,2,2,122,Lost
1615340,2020-12-18,65,1,161.72,5,2,1,2,521,Potential Loyalists
1615716,2019-02-26,726,2,481.99,2,4,1,2,241,About To Sleep
1615839,2020-06-05,261,3,1725.31,5,4,2,3,542,Potential Loyalists
1616131,2020-06-30,236,5,5705.9400000000005,5,5,4,4,554,Loyal Customers
1616162,2018-06-14,983,4,2144.67,1,5,2,4,152,Can't Lose Them
1616350,2019-12-24,425,7,5403.07,4,5,4,4,454,Loyal Customers
1616392,2020-02-19,368,1,203.60999999999999,4,2,1,2,421,Potential Loyalists
1616456,2019-07-04,598,2,6386.7,3,4,4,4,344,Loyal Customers
1616678,2019-08-20,551,2,2140.36,3,4,2,3,342,Need Attention
1616770,2019-11-09,470,2,5214.88,3,4,4,4,344,Loyal Customers
1616811,2019-02-07,745,1,2300.0,2,2,3,2,223,About To Sleep
1617106,2019-07-31,571,3,2228.5,3,4,3,4,343,Loyal Customers
1617142,2020-08-14,191,3,3163.94,5,4,3,4,543,Loyal Customers
1617935,2019-05-22,641,1,109.99,2,2,1,2,221,About To Sleep
1618133,2018-12-19,795,1,854.0,2,2,2,2,222,About To Sleep
1618221,2020-04-28,299,4,15692.41,5,5,5,5,555,Champions
1618248,2020-05-21,276,3,5456.45,5,4,4,4,544,Loyal Customers
1618288,2020-07-30,206,2,197.96,5,4,1,2,541,Potential Loyalists
1618347,2019-09-05,535,2,2924.94,3,4,3,4,343,Loyal Customers
1618469,2019-03-12,712,1,627.0,2,2,1,2,221,About To Sleep
1618514,2020-12-19,64,4,6494.55,5,5,4,4,554,Loyal Customers
1618579,2020-10-28,116,5,4591.29,5,5,4,4,554,Loyal Customers
1618654,2018-09-11,894,1,43.0,1,2,1,2,121,Lost
1618759,2019-06-17,615,1,6142.5,2,2,4,3,224,At Risk
1618878,2019-03-08,716,2,567.0,2,4,1,2,241,About To Sleep
1618921,2020-07-25,211,6,8108.94,5,5,5,5,555,Champions
1618950,2018-03-08,1081,2,21143.460000000003,1,4,5,4,145,Can't Lose Them
1619118,2017-05-25,1368,1,800.0,1,2,1,2,121,Lost
1620094,2017-08-17,1284,1,1629.99,1,2,2,2,122,Lost
1620151,2020-02-25,362,2,6492.24,4,4,4,4,444,Loyal Customers
1620519,2019-07-04,598,2,8311.98,3,4,5,4,345,Loyal Customers
1620615,2019-12-21,428,2,502.76,4,4,1,2,441,Potential Loyalists
1620629,2019-12-27,422,3,6886.75,4,4,4,4,444,Loyal Customers
1621290,2019-08-26,545,2,2015.0,3,4,2,3,342,Need Attention
1621370,2020-03-13,345,4,3115.5699999999997,4,5,3,4,453,Loyal Customers
1621372,2018-02-20,1097,1,1988.07,1,2,2,2,122,Lost
1621469,2019-01-19,764,2,2016.79,2,4,2,3,242,At Risk
1621752,2018-11-13,831,2,941.79,2,4,2,3,242,At Risk
1621778,2017-02-04,1478,2,3498.9700000000003,1,4,3,4,143,Can't Lose Them
1621832,2020-08-15,190,5,7528.82,5,5,5,5,555,Champions
1622140,2021-01-16,36,2,629.97,5,4,1,2,541,Potential Loyalists
1622508,2018-03-14,1075,2,3143.75,1,4,3,4,143,Can't Lose Them
1622857,2019-10-11,499,3,2074.95,3,4,2,3,342,Need Attention
1623146,2020-07-18,218,1,4387.67,5,2,4,3,524,Potential Loyalists
1623262,2019-06-12,620,1,1299.0,2,2,2,2,222,About To Sleep
1623290,2019-07-04,598,1,411.0,3,2,1,2,321,Need Attention
1623592,2018-12-26,788,1,4403.9400000000005,2,2,4,3,224,At Risk
1624025,2019-09-28,512,2,835.2,3,4,1,2,341,Need Attention
1624159,2020-03-10,348,1,2559.88,4,2,3,2,423,Potential Loyalists
1624311,2020-01-25,393,6,8408.79,4,5,5,5,455,Champions
1624323,2019-01-15,768,2,2555.7,2,4,3,4,243,At Risk
1624456,2019-08-31,540,2,638.0799999999999,3,4,1,2,341,Need Attention
1624573,2020-02-24,363,4,7184.15,4,5,4,4,454,Loyal Customers
1625065,2018-03-17,1072,3,9619.029999999999,1,4,5,4,145,Can't Lose Them
1625232,2019-11-28,451,4,3796.9,3,5,3,4,353,Loyal Customers
1625255,2019-01-14,769,1,6212.6,2,2,4,3,224,At Risk
1625297,2021-02-15,6,6,11191.79,5,5,5,5,555,Champions
1625704,2020-02-15,372,5,15712.54,4,5,5,5,455,Champions
1625870,2019-01-05,778,2,12291.83,2,4,5,4,245,At Risk
1625909,2019-05-25,638,2,15193.0,2,4,5,4,245,At Risk
1626189,2019-06-17,615,4,5458.84,2,5,4,4,254,At Risk
1626576,2017-10-26,1214,1,1754.99,1,2,2,2,122,Lost
1626614,2019-08-15,556,2,832.6,3,4,1,2,341,Need Attention
1626758,2018-08-13,923,2,1119.58,1,4,2,3,142,At Risk
1626780,2020-01-07,411,1,1377.0,4,2,2,2,422,Potential Loyalists
1626920,2019-11-02,477,2,4346.68,3,4,4,4,344,Loyal Customers
1626970,2020-01-01,417,2,1208.86,4,4,2,3,442,Loyal Customers
1626990,2020-12-08,75,6,6221.07,5,5,4,4,554,Loyal Customers
1627365,2018-12-08,806,3,4005.2200000000003,2,4,3,4,243,At Risk
1627394,2020-02-26,361,4,4393.860000000001,4,5,4,4,454,Loyal Customers
1627421,2020-07-23,213,2,2429.94,5,4,3,4,543,Loyal Customers
1627570,2019-06-12,620,4,10377.18,2,5,5,5,255,Can't Lose Them
1627599,2019-07-03,599,2,607.0,3,4,1,2,341,Need Attention
1627711,2020-12-05,78,3,2492.97,5,4,3,4,543,Loyal Customers
1627931,2019-12-28,421,1,8914.939999999999,4,2,5,4,425,Loyal Customers
1628073,2018-11-16,828,3,3270.66,2,4,3,4,243,At Risk
1628237,2020-02-29,358,3,8461.42,4,4,5,4,445,Loyal Customers
1628618,2020-05-23,274,1,1885.0,5,2,2,2,522,Potential Loyalists
1628631,2019-06-22,610,2,2036.95,2,4,2,3,242,At Risk
1628727,2020-01-06,412,4,8283.04,4,5,5,5,455,Champions
1628856,2018-06-06,991,2,8291.36,1,4,5,4,145,Can't Lose Them
1629058,2019-07-04,598,2,638.64,3,4,1,2,341,Need Attention
1629123,2019-12-19,430,4,7124.1,4,5,4,4,454,Loyal Customers
1629311,2020-02-25,362,3,8406.5,4,4,5,4,445,Loyal Customers
1629416,2020-01-01,417,4,11914.77,4,5,5,5,455,Champions
1629447,2018-07-19,948,4,3366.32,1,5,3,4,153,Can't Lose Them
1629610,2019-11-25,454,5,8793.88,3,5,5,5,355,Loyal Customers
1629676,2021-01-30,22,2,2192.0,5,4,3,4,543,Loyal Customers
1629879,2019-01-07,776,1,1977.57,2,2,2,2,222,About To Sleep
1629941,2018-12-18,796,2,1255.9,2,4,2,3,242,At Risk
1630103,2019-04-30,663,3,13732.17,2,4,5,4,245,At Risk
1631070,2020-12-17,66,3,3173.44,5,4,3,4,543,Loyal Customers
1631101,2019-09-19,521,1,69.93,3,2,1,2,321,Need Attention
1631350,2020-01-03,415,2,508.33000000000004,4,4,1,2,441,Potential Loyalists
1631443,2019-09-14,526,3,4509.84,3,4,4,4,344,Loyal Customers
1631876,2019-01-10,773,2,1345.8600000000001,2,4,2,3,242,At Risk
1632062,2020-03-02,356,4,4081.45,4,5,4,4,454,Loyal Customers
1632235,2021-02-17,4,2,6707.0599999999995,5,4,4,4,544,Loyal Customers
1632278,2019-09-11,529,1,2508.52,3,2,3,2,323,Need Attention
1632302,2019-12-18,431,3,18795.800000000003,4,4,5,4,445,Loyal Customers
1632461,2021-01-02,50,4,8853.35,5,5,5,5,555,Champions
1632492,2019-09-13,527,2,1542.03,3,4,2,3,342,Need Attention
1632547,2017-12-06,1173,1,1578.0,1,2,2,2,122,Lost
1632630,2020-05-11,286,3,3071.69,5,4,3,4,543,Loyal Customers
1633217,2019-10-15,495,2,2497.74,3,4,3,4,343,Loyal Customers
1633409,2019-10-29,481,3,5168.08,3,4,4,4,344,Loyal Customers
1633425,2019-07-09,593,2,2237.19,3,4,3,4,343,Loyal Customers
1633498,2018-12-29,785,2,7408.82,2,4,4,4,244,At Risk
1633676,2019-05-06,657,1,44.400000000000006,2,2,1,2,221,About To Sleep
1633913,2019-01-01,782,2,4170.93,2,4,4,4,244,At Risk
1633967,2019-09-27,513,6,34484.280000000006,3,5,5,5,355,Loyal Customers
1633997,2020-01-07,411,2,4862.85,4,4,4,4,444,Loyal Customers
1634029,2018-05-23,1005,1,4669.58,1,2,4,3,124,At Risk
1634354,2019-11-20,459,4,1477.73,3,5,2,4,352,Loyal Customers
1634380,2020-02-29,358,2,667.5699999999999,4,4,1,2,441,Potential Loyalists
1634778,2020-01-04,414,5,21428.09,4,5,5,5,455,Champions
1635130,2017-12-20,1159,2,6931.650000000001,1,4,4,4,144,Can't Lose Them
1635142,2020-02-06,381,2,4209.57,4,4,4,4,444,Loyal Customers
1635172,2020-12-26,57,1,2567.89,5,2,3,2,523,Potential Loyalists
1635245,2020-02-15,372,2,3495.0,4,4,3,4,443,Loyal Customers
1635374,2019-11-08,471,5,9609.46,3,5,5,5,355,Loyal Customers
1635396,2020-03-13,345,2,1686.0,4,4,2,3,442,Loyal Customers
1635484,2018-02-20,1097,2,2630.88,1,4,3,4,143,Can't Lose Them
1635565,2020-12-23,60,3,2522.7200000000003,5,4,3,4,543,Loyal Customers
1635587,2018-09-03,902,3,9361.81,1,4,5,4,145,Can't Lose Them
1635725,2021-01-04,48,4,8199.89,5,5,5,5,555,Champions
1635754,2019-08-27,544,1,4595.0,3,2,4,3,324,Need Attention
1636482,2020-08-08,197,2,9840.0,5,4,5,4,545,Loyal Customers
1636548,2019-11-06,473,4,8696.0,3,5,5,5,355,Loyal Customers
1636578,2020-12-28,55,1,484.15999999999997,5,2,1,2,521,Potential Loyalists
1636845,2021-02-09,12,3,5494.58,5,4,4,4,544,Loyal Customers
1637055,2019-05-24,639,3,5760.47,2,4,4,4,244,At Risk
1637269,2020-01-04,414,5,6557.910000000001,4,5,4,4,454,Loyal Customers
1637330,2016-10-08,1597,1,5607.82,1,2,4,3,124,At Risk
1637399,2020-03-10,348,4,5483.82,4,5,4,4,454,Loyal Customers
1637773,2019-06-05,627,2,2076.54,2,4,2,3,242,At Risk
1637776,2019-07-11,591,2,9275.42,3,4,5,4,345,Loyal Customers
1638102,2021-02-02,19,6,13194.28,5,5,5,5,555,Champions
1638118,2020-07-14,222,8,32605.91,5,5,5,5,555,Champions
1638303,2018-08-31,905,1,2991.6499999999996,1,2,3,2,123,Lost
1638766,2018-08-04,932,1,334.99,1,2,1,2,121,Lost
1639435,2020-07-09,227,4,7145.12,5,5,4,4,554,Loyal Customers
1639477,2020-02-08,379,2,3345.04,4,4,3,4,443,Loyal Customers
1639535,2018-10-31,844,1,5693.4,2,2,4,3,224,At Risk
1639605,2019-10-05,505,4,19664.79,3,5,5,5,355,Loyal Customers
1639790,2018-06-13,984,1,1254.9299999999998,1,2,2,2,122,Lost
1639920,2020-08-22,183,1,2284.92,5,2,3,2,523,Potential Loyalists
1640237,2020-05-08,289,2,2179.53,5,4,3,4,543,Loyal Customers
1640519,2019-02-06,746,2,4734.97,2,4,4,4,244,At Risk
1640635,2018-08-30,906,2,6658.049999999999,1,4,4,4,144,Can't Lose Them
1640955,2020-09-03,171,3,5522.78,5,4,4,4,544,Loyal Customers
1641246,2016-06-24,1703,1,277.33000000000004,1,2,1,2,121,Lost
1641431,2020-07-25,211,1,307.56,5,2,1,2,521,Potential Loyalists
1641744,2019-08-10,561,2,4365.5,3,4,4,4,344,Loyal Customers
1641759,2018-03-07,1082,1,1480.99,1,2,2,2,122,Lost
1641811,2020-02-29,358,1,4.98,4,2,1,2,421,Potential Loyalists
1642691,2020-05-16,281,1,679.0,5,2,1,2,521,Potential Loyalists
1642882,2020-02-26,361,2,349.97,4,4,1,2,441,Potential Loyalists
1642890,2019-07-16,586,3,1258.99,3,4,2,3,342,Need Attention
1643134,2020-02-12,375,3,6288.97,4,4,4,4,444,Loyal Customers
1643550,2020-06-27,239,8,8487.57,5,5,5,5,555,Champions
1643619,2019-10-02,508,3,2939.87,3,4,3,4,343,Loyal Customers
1644234,2019-02-26,726,2,2061.0,2,4,2,3,242,At Risk
1644301,2018-12-29,785,2,1343.9,2,4,2,3,242,At Risk
1644327,2019-10-12,498,4,2868.21,3,5,3,4,353,Loyal Customers
1644544,2020-12-01,82,2,6439.7,5,4,4,4,544,Loyal Customers
1644716,2019-11-15,464,2,3351.77,3,4,3,4,343,Loyal Customers
1645326,2019-02-13,739,1,289.99,2,2,1,2,221,About To Sleep
1645441,2020-05-11,286,5,4525.16,5,5,4,4,554,Loyal Customers
1645445,2017-08-09,1292,1,947.9300000000001,1,2,2,2,122,Lost
1645532,2021-01-09,43,3,8493.93,5,4,5,4,545,Loyal Customers
1646029,2018-11-29,815,1,5579.19,2,2,4,3,224,At Risk
1646102,2019-12-05,444,4,12834.7,3,5,5,5,355,Loyal Customers
1646264,2019-10-01,509,1,1825.74,3,2,2,2,322,Need Attention
1646403,2019-10-19,491,4,8704.08,3,5,5,5,355,Loyal Customers
1646517,2020-02-25,362,5,12176.939999999999,4,5,5,5,455,Champions
1646561,2018-01-01,1147,1,1118.0,1,2,2,2,122,Lost
1646713,2020-10-09,135,5,2814.9,5,5,3,4,553,Loyal Customers
1647241,2018-11-23,821,3,7177.45,2,4,4,4,244,At Risk
1647289,2019-09-19,521,1,559.98,3,2,1,2,321,Need Attention
1647358,2019-12-20,429,3,5630.98,4,4,4,4,444,Loyal Customers
1647588,2019-11-19,460,2,9761.68,3,4,5,4,345,Loyal Customers
1647594,2019-08-08,563,2,18234.88,3,4,5,4,345,Loyal Customers
1647752,2018-08-06,930,2,2982.6099999999997,1,4,3,4,143,Can't Lose Them
1647827,2018-12-29,785,1,3156.95,2,2,3,2,223,About To Sleep
1647919,2021-01-26,26,2,4200.67,5,4,4,4,544,Loyal Customers
1647940,2018-12-31,783,2,6302.59,2,4,4,4,244,At Risk
1648240,2019-08-30,541,2,4054.05,3,4,3,4,343,Loyal Customers
1648616,2020-01-02,416,3,1154.52,4,4,2,3,442,Loyal Customers
1648699,2019-05-22,641,2,7851.99,2,4,5,4,245,At Risk
1649468,2019-09-06,534,3,4850.5,3,4,4,4,344,Loyal Customers
1649694,2019-12-07,442,2,1724.35,3,4,2,3,342,Need Attention
1649724,2020-05-20,277,4,12754.78,5,5,5,5,555,Champions
1649797,2020-11-25,88,2,2797.93,5,4,3,4,543,Loyal Customers
1649927,2020-08-12,193,2,2969.81,5,4,3,4,543,Loyal Customers
1649990,2019-12-07,442,1,1863.0,3,2,2,2,322,Need Attention
1650349,2019-08-26,545,3,3507.13,3,4,3,4,343,Loyal Customers
1650383,2019-10-24,486,2,2472.8599999999997,3,4,3,4,343,Loyal Customers
1650488,2019-09-18,522,4,7885.14,3,5,5,5,355,Loyal Customers
1650783,2020-12-15,68,4,28829.13,5,5,5,5,555,Champions
1650975,2020-01-01,417,2,8441.7,4,4,5,4,445,Loyal Customers
1651118,2019-05-11,652,1,229.34000000000003,2,2,1,2,221,About To Sleep
1651231,2020-03-03,355,2,1411.84,4,4,2,3,442,Loyal Customers
1651423,2019-02-25,727,2,8994.99,2,4,5,4,245,At Risk
1651668,2019-10-31,479,1,1881.0,3,2,2,2,322,Need Attention
1651796,2019-02-04,748,1,657.0,2,2,1,2,221,About To Sleep
1651921,2019-10-07,503,1,104.89,3,2,1,2,321,Need Attention
1651927,2018-01-05,1143,2,5272.8,1,4,4,4,144,Can't Lose Them
1652611,2018-12-29,785,2,2514.96,2,4,3,4,243,At Risk
1652631,2019-09-20,520,2,148.6,3,4,1,2,341,Need Attention
1652808,2020-02-27,360,5,15284.84,4,5,5,5,455,Champions
1652819,2020-04-25,302,2,3194.24,5,4,3,4,543,Loyal Customers
1653040,2019-06-26,606,3,2423.01,3,4,3,4,343,Loyal Customers
1653099,2019-12-19,430,3,9452.34,4,4,5,4,445,Loyal Customers
1653179,2017-01-04,1509,1,6399.83,1,2,4,3,124,At Risk
1653389,2019-10-24,486,2,4872.95,3,4,4,4,344,Loyal Customers
1653529,2020-05-02,295,2,2805.62,5,4,3,4,543,Loyal Customers
1653624,2020-01-04,414,7,9682.29,4,5,5,5,455,Champions
1653751,2019-05-15,648,1,517.3199999999999,2,2,1,2,221,About To Sleep
1653979,2020-09-12,162,2,6941.0,5,4,4,4,544,Loyal Customers
1654095,2019-12-21,428,2,8724.3,4,4,5,4,445,Loyal Customers
1654125,2018-05-09,1019,2,1469.38,1,4,2,3,142,At Risk
1654128,2018-12-28,786,1,3008.76,2,2,3,2,223,About To Sleep
1654206,2020-01-25,393,2,1241.27,4,4,2,3,442,Loyal Customers
1654309,2019-03-09,715,1,4397.62,2,2,4,3,224,At Risk
1654502,2019-03-12,712,2,6139.95,2,4,4,4,244,At Risk
1654717,2017-07-15,1317,1,1197.7,1,2,2,2,122,Lost
1654802,2019-07-11,591,2,6859.99,3,4,4,4,344,Loyal Customers
1654855,2019-10-25,485,1,2616.93,3,2,3,2,323,Need Attention
1655053,2020-02-19,368,3,2171.75,4,4,3,4,443,Loyal Customers
1655136,2019-10-04,506,3,9653.44,3,4,5,4,345,Loyal Customers
1655148,2019-10-16,494,1,3397.0,3,2,3,2,323,Need Attention
1655705,2019-06-06,626,2,3195.94,2,4,3,4,243,At Risk
1655733,2018-12-18,796,3,1814.97,2,4,2,3,242,At Risk
1655745,2019-08-10,561,1,645.0,3,2,1,2,321,Need Attention
1656224,2017-01-19,1494,1,726.99,1,2,1,2,121,Lost
1656233,2019-07-16,586,1,2287.76,3,2,3,2,323,Need Attention
1656349,2019-08-14,557,1,1588.19,3,2,2,2,322,Need Attention
1656614,2019-12-24,425,4,4852.74,4,5,4,4,454,Loyal Customers
1656683,2019-12-08,441,3,15028.230000000001,3,4,5,4,345,Loyal Customers
1656716,2019-09-14,526,1,2066.94,3,2,2,2,322,Need Attention
1656756,2017-11-01,1208,1,850.34,1,2,2,2,122,Lost
1656861,2020-02-19,368,3,9634.0,4,4,5,4,445,Loyal Customers
1656873,2020-02-19,368,3,158.59,4,4,1,2,441,Potential Loyalists
1657133,2019-05-29,634,2,1817.6100000000001,2,4,2,3,242,At Risk
1657334,2018-10-12,863,1,347.28000000000003,2,2,1,2,221,About To Sleep
1657494,2019-11-21,458,1,103.99000000000001,3,2,1,2,321,Need Attention
1657885,2020-01-04,414,3,3773.2599999999998,4,4,3,4,443,Loyal Customers
1657930,2016-07-09,1688,1,1908.93,1,2,2,2,122,Lost
1657976,2019-09-05,535,2,1449.19,3,4,2,3,342,Need Attention
1658273,2020-06-06,260,6,14458.26,5,5,5,5,555,Champions
1658428,2019-05-23,640,1,8085.2300000000005,2,2,5,4,225,At Risk
1658532,2019-06-24,608,2,4152.89,2,4,4,4,244,At Risk
1658995,2019-11-11,468,2,2578.4399999999996,3,4,3,4,343,Loyal Customers
1659040,2020-06-27,239,5,22223.66,5,5,5,5,555,Champions
1659112,2016-05-17,1741,1,198.0,1,2,1,2,121,Lost
1659162,2020-12-04,79,2,1036.15,5,4,2,3,542,Potential Loyalists
1659181,2020-02-19,368,6,6345.08,4,5,4,4,454,Loyal Customers
1659595,2019-11-20,459,2,8566.85,3,4,5,4,345,Loyal Customers
1660175,2018-02-24,1093,1,2236.0,1,2,3,2,123,Lost
1660406,2019-08-26,545,2,1456.67,3,4,2,3,342,Need Attention
1660494,2019-06-29,603,2,1353.87,3,4,2,3,342,Need Attention
1660620,2016-09-12,1623,1,1321.98,1,2,2,2,122,Lost
1661010,2019-08-08,563,1,684.0,3,2,1,2,321,Need Attention
1661150,2019-07-10,592,1,5610.610000000001,3,2,4,3,324,Need Attention
1661166,2016-03-08,1811,1,32056.890000000003,1,2,5,4,125,Can't Lose Them
1661177,2020-01-14,404,2,265.19,4,4,1,2,441,Potential Loyalists
1661180,2019-11-11,468,2,2365.0,3,4,3,4,343,Loyal Customers
1661465,2017-01-10,1503,1,1556.99,1,2,2,2,122,Lost
1661476,2020-01-25,393,3,21534.800000000003,4,4,5,4,445,Loyal Customers
1661516,2019-02-23,729,1,689.7,2,2,1,2,221,About To Sleep
1661596,2018-10-20,855,2,2202.64,2,4,3,4,243,At Risk
1661735,2018-08-14,922,4,5622.54,1,5,4,4,154,Can't Lose Them
1662334,2020-02-08,379,4,6996.2,4,5,4,4,454,Loyal Customers
1662706,2020-12-01,82,1,159.99,5,2,1,2,521,Potential Loyalists
1662787,2018-11-13,831,1,10343.22,2,2,5,4,225,At Risk
1662788,2020-07-04,232,2,4517.45,5,4,4,4,544,Loyal Customers
1662988,2018-11-03,841,1,3179.3,2,2,3,2,223,About To Sleep
1663056,2020-12-30,53,4,11800.41,5,5,5,5,555,Champions
1663250,2020-05-16,281,1,696.0,5,2,1,2,521,Potential Loyalists
1663270,2020-01-04,414,1,307.47,4,2,1,2,421,Potential Loyalists
1663333,2020-05-19,278,3,2686.3599999999997,5,4,3,4,543,Loyal Customers
1663459,2019-07-18,584,1,1155.95,3,2,2,2,322,Need Attention
1663669,2019-10-29,481,1,1882.97,3,2,2,2,322,Need Attention
1663745,2020-05-13,284,2,538.0,5,4,1,2,541,Potential Loyalists
1664155,2020-11-07,106,3,8115.26,5,4,5,4,545,Loyal Customers
1664195,2019-05-10,653,1,506.83,2,2,1,2,221,About To Sleep
1664688,2019-12-11,438,5,7993.719999999999,3,5,5,5,355,Loyal Customers
1664742,2019-12-28,421,4,1222.11,4,5,2,4,452,Loyal Customers
1664824,2019-10-04,506,8,8487.460000000001,3,5,5,5,355,Loyal Customers
1664972,2017-11-13,1196,1,539.8,1,2,1,2,121,Lost
1665138,2020-12-14,69,1,445.0,5,2,1,2,521,Potential Loyalists
1665621,2020-03-08,350,2,3178.67,4,4,3,4,443,Loyal Customers
1665839,2018-07-26,941,1,478.95,1,2,1,2,121,Lost
1666075,2020-02-29,358,5,7985.46,4,5,5,5,455,Champions
1666094,2019-03-14,710,2,1095.97,2,4,2,3,242,At Risk
1666310,2019-02-19,733,3,5153.98,2,4,4,4,244,At Risk
1666423,2019-07-29,573,1,9.99,3,2,1,2,321,Need Attention
1666650,2019-10-28,482,3,5857.75,3,4,4,4,344,Loyal Customers
1666766,2018-11-03,841,1,2824.0,2,2,3,2,223,About To Sleep
1666909,2020-08-29,176,2,1151.51,5,4,2,3,542,Potential Loyalists
1667179,2019-11-22,457,1,6.99,3,2,1,2,321,Need Attention
1667206,2020-12-16,67,5,5597.43,5,5,4,4,554,Loyal Customers
1667349,2019-12-19,430,2,3674.65,4,4,3,4,443,Loyal Customers
1667754,2021-01-29,23,1,13056.65,5,2,5,4,525,Loyal Customers
1667950,2020-02-21,366,2,3724.0,4,4,3,4,443,Loyal Customers
1667987,2020-05-19,278,1,860.4000000000001,5,2,2,2,522,Potential Loyalists
1668069,2018-09-09,896,2,4613.22,1,4,4,4,144,Can't Lose Them
1668237,2021-02-05,16,7,10638.03,5,5,5,5,555,Champions
1668372,2018-08-06,930,2,3646.0,1,4,3,4,143,Can't Lose Them
1668458,2020-07-18,218,6,14539.57,5,5,5,5,555,Champions
1668474,2020-09-05,169,2,4539.2,5,4,4,4,544,Loyal Customers
1668513,2016-07-07,1690,1,4692.92,1,2,4,3,124,At Risk
1668545,2018-12-15,799,2,1369.47,2,4,2,3,242,At Risk
1668822,2019-10-02,508,2,18602.48,3,4,5,4,345,Loyal Customers
1668828,2016-02-23,1825,1,2013.0,1,2,2,2,122,Lost
1668853,2020-02-27,360,2,9803.47,4,4,5,4,445,Loyal Customers
1669021,2020-09-12,162,5,7919.57,5,5,5,5,555,Champions
1669134,2019-09-02,538,1,835.97,3,2,1,2,321,Need Attention
1669230,2019-03-03,721,1,2277.0,2,2,3,2,223,About To Sleep
1669551,2019-01-05,778,1,4817.51,2,2,4,3,224,At Risk
1669695,2020-04-30,297,3,5072.95,5,4,4,4,544,Loyal Customers
1669725,2019-08-28,543,1,648.99,3,2,1,2,321,Need Attention
1669745,2019-05-22,641,3,3215.45,2,4,3,4,243,At Risk
1669971,2019-12-28,421,3,14592.61,4,4,5,4,445,Loyal Customers
1669997,2019-09-23,517,2,2062.59,3,4,2,3,342,Need Attention
1670107,2020-12-31,52,6,7593.2699999999995,5,5,5,5,555,Champions
1670150,2019-02-12,740,1,3714.84,2,2,3,2,223,About To Sleep
1670409,2017-11-11,1198,1,2421.0,1,2,3,2,123,Lost
1670689,2019-09-09,531,3,6816.96,3,4,4,4,344,Loyal Customers
1670789,2019-10-31,479,4,9533.3,3,5,5,5,355,Loyal Customers
1670940,2019-08-09,562,6,7487.37,3,5,4,4,354,Loyal Customers
1670942,2021-01-09,43,2,9846.0,5,4,5,4,545,Loyal Customers
1670966,2018-11-15,829,1,3650.98,2,2,3,2,223,About To Sleep
1670993,2018-11-24,820,3,9966.46,2,4,5,4,245,At Risk
1671068,2020-11-28,85,1,6.95,5,2,1,2,521,Potential Loyalists
1671353,2019-10-12,498,1,300.5,3,2,1,2,321,Need Attention
1671513,2020-06-11,255,2,6515.58,5,4,4,4,544,Loyal Customers
1671541,2017-12-29,1150,4,9411.51,1,5,5,5,155,Can't Lose Them
1671672,2019-03-04,720,3,5270.0599999999995,2,4,4,4,244,At Risk
1671692,2019-12-20,429,2,1843.99,4,4,2,3,442,Loyal Customers
1672305,2019-10-12,498,3,4747.96,3,4,4,4,344,Loyal Customers
1673040,2019-08-15,556,2,3244.7,3,4,3,4,343,Loyal Customers
1673191,2019-06-11,621,2,2435.62,2,4,3,4,243,At Risk
1673408,2018-12-27,787,2,26787.0,2,4,5,4,245,At Risk
1673423,2017-12-25,1154,1,10355.99,1,2,5,4,125,Can't Lose Them
1673438,2020-06-24,242,2,2450.1800000000003,5,4,3,4,543,Loyal Customers
1673539,2016-08-26,1640,1,2027.0,1,2,2,2,122,Lost
1673797,2017-11-02,1207,1,503.94,1,2,1,2,121,Lost
1673825,2017-11-01,1208,2,1757.2299999999998,1,4,2,3,142,At Risk
1674200,2020-03-05,353,3,776.65,4,4,1,2,441,Potential Loyalists
1674304,2019-06-25,607,3,6943.72,2,4,4,4,244,At Risk
1675004,2019-05-15,648,3,5626.58,2,4,4,4,244,At Risk
1675064,2018-10-27,848,2,4903.97,2,4,4,4,244,At Risk
1675160,2019-10-12,498,4,14526.46,3,5,5,5,355,Loyal Customers
1675546,2021-02-18,3,4,6215.11,5,5,4,4,554,Loyal Customers
1675644,2020-07-21,215,7,9795.9,5,5,5,5,555,Champions
1675809,2018-12-29,785,2,7758.91,2,4,5,4,245,At Risk
1676402,2020-12-31,52,4,6625.049999999999,5,5,4,4,554,Loyal Customers
1676434,2019-03-08,716,2,1047.26,2,4,2,3,242,At Risk
1676445,2018-10-22,853,2,606.23,2,4,1,2,241,About To Sleep
1676582,2018-04-30,1028,1,1354.0,1,2,2,2,122,Lost
1676628,2019-07-10,592,3,5582.32,3,4,4,4,344,Loyal Customers
1676662,2018-11-24,820,2,2173.99,2,4,3,4,243,At Risk
1677103,2019-12-16,433,2,3113.24,4,4,3,4,443,Loyal Customers
1677457,2019-01-31,752,2,4211.92,2,4,4,4,244,At Risk
1677703,2018-09-26,879,2,2790.7,1,4,3,4,143,Can't Lose Them
1677730,2018-11-26,818,1,13.76,2,2,1,2,221,About To Sleep
1677739,2020-02-14,373,3,3001.43,4,4,3,4,443,Loyal Customers
1677794,2020-12-30,53,5,2608.9700000000003,5,5,3,4,553,Loyal Customers
1678135,2020-02-23,364,3,2553.18,4,4,3,4,443,Loyal Customers
1678208,2019-11-28,451,3,786.63,3,4,1,2,341,Need Attention
1678458,2020-01-28,390,1,2395.2,4,2,3,2,423,Potential Loyalists
1678562,2021-02-11,10,4,20648.63,5,5,5,5,555,Champions
1678602,2018-12-26,788,2,5235.99,2,4,4,4,244,At Risk
1678735,2019-12-18,431,3,4101.98,4,4,4,4,444,Loyal Customers
1678823,2020-01-15,403,5,7931.27,4,5,5,5,455,Champions
1678977,2017-07-01,1331,1,1921.92,1,2,2,2,122,Lost
1678994,2017-01-13,1500,1,402.0,1,2,1,2,121,Lost
1679618,2019-11-06,473,2,6279.6900000000005,3,4,4,4,344,Loyal Customers
1679762,2021-01-28,24,1,309.5,5,2,1,2,521,Potential Loyalists
1679789,2020-12-23,60,3,3958.15,5,4,3,4,543,Loyal Customers
1679869,2020-01-02,416,1,2190.0,4,2,3,2,423,Potential Loyalists
1680169,2020-06-01,265,2,2876.94,5,4,3,4,543,Loyal Customers
1680415,2019-09-30,510,3,4287.9400000000005,3,4,4,4,344,Loyal Customers
1680645,2019-07-15,587,4,32840.509999999995,3,5,5,5,355,Loyal Customers
1680728,2020-02-21,366,7,8580.76,4,5,5,5,455,Champions
1680775,2016-12-10,1534,1,80.65,1,2,1,2,121,Lost
1681033,2018-11-08,836,3,7755.54,2,4,5,4,245,At Risk
1681092,2019-12-19,430,3,7400.59,4,4,4,4,444,Loyal Customers
1681099,2020-02-21,366,4,2443.5,4,5,3,4,453,Loyal Customers
1681186,2020-05-09,288,2,13594.060000000001,5,4,5,4,545,Loyal Customers
1681270,2019-12-23,426,2,811.58,4,4,1,2,441,Potential Loyalists
1681427,2019-02-23,729,5,7100.0,2,5,4,4,254,At Risk
1681761,2021-02-12,9,3,9258.29,5,4,5,4,545,Loyal Customers
1681854,2018-02-09,1108,1,2195.87,1,2,3,2,123,Lost
1682006,2019-09-21,519,1,272.90999999999997,3,2,1,2,321,Need Attention
1682062,2018-12-08,806,2,9201.95,2,4,5,4,245,At Risk
1682198,2019-08-14,557,2,2190.05,3,4,3,4,343,Loyal Customers
1682354,2019-08-12,559,2,5510.150000000001,3,4,4,4,344,Loyal Customers
1682386,2019-07-19,583,4,20504.219999999998,3,5,5,5,355,Loyal Customers
1682472,2020-01-23,395,3,20345.89,4,4,5,4,445,Loyal Customers
1682553,2018-11-07,837,1,5656.02,2,2,4,3,224,At Risk
1682660,2020-06-05,261,6,10337.56,5,5,5,5,555,Champions
1682730,2018-08-11,925,1,1602.0,1,2,2,2,122,Lost
1682942,2018-12-30,784,1,5424.5,2,2,4,3,224,At Risk
1683222,2018-12-20,794,2,886.95,2,4,2,3,242,At Risk
1683603,2019-09-30,510,1,354.9,3,2,1,2,321,Need Attention
1683799,2018-07-17,950,1,2157.98,1,2,2,2,122,Lost
1684157,2019-12-25,424,6,9784.619999999999,4,5,5,5,455,Champions
1684287,2020-02-07,380,4,1205.6699999999998,4,5,2,4,452,Loyal Customers
1684539,2020-09-15,159,2,3797.74,5,4,3,4,543,Loyal Customers
1684677,2019-08-05,566,2,3358.7400000000002,3,4,3,4,343,Loyal Customers
1684931,2020-06-20,246,3,4947.61,5,4,4,4,544,Loyal Customers
1685055,2020-02-13,374,3,6109.34,4,4,4,4,444,Loyal Customers
1685102,2018-11-21,823,3,3420.39,2,4,3,4,243,At Risk
1686021,2020-02-25,362,4,15697.42,4,5,5,5,455,Champions
1686106,2017-07-05,1327,1,1386.99,1,2,2,2,122,Lost
1686113,2019-02-26,726,2,2136.85,2,4,2,3,242,At Risk
1686257,2018-02-22,1095,2,4207.4,1,4,4,4,144,Can't Lose Them
1686269,2019-08-15,556,3,7936.98,3,4,5,4,345,Loyal Customers
1686496,2020-12-28,55,5,5912.22,5,5,4,4,554,Loyal Customers
1686673,2021-02-17,4,3,21816.12,5,4,5,4,545,Loyal Customers
1686731,2018-11-03,841,1,449.89,2,2,1,2,221,About To Sleep
1686814,2020-02-02,385,5,10538.79,4,5,5,5,455,Champions
1686889,2020-01-20,398,4,8447.53,4,5,5,5,455,Champions
1687058,2020-02-16,371,1,2778.96,4,2,3,2,423,Potential Loyalists
1687142,2020-10-31,113,3,19795.21,5,4,5,4,545,Loyal Customers
1687146,2020-03-07,351,1,7462.6,4,2,4,3,424,Loyal Customers
1687187,2019-05-20,643,2,819.6,2,4,1,2,241,About To Sleep
1687281,2016-12-20,1524,1,3478.88,1,2,3,2,123,Lost
1687294,2020-02-20,367,3,4827.97,4,4,4,4,444,Loyal Customers
1687392,2020-07-04,232,4,15477.58,5,5,5,5,555,Champions
1687406,2019-01-12,771,1,4315.99,2,2,4,3,224,At Risk
1687512,2020-08-01,204,2,787.73,5,4,1,2,541,Potential Loyalists
1687668,2021-01-27,25,1,659.7,5,2,1,2,521,Potential Loyalists
1688009,2019-10-17,493,1,2671.9599999999996,3,2,3,2,323,Need Attention
1688255,2019-07-12,590,1,5243.91,3,2,4,3,324,Need Attention
1688411,2019-05-07,656,3,22103.120000000003,2,5,5,5,255,Can't Lose Them
1688415,2019-05-17,646,1,8363.93,2,2,5,4,225,At Risk
1688501,2019-02-17,735,4,4078.85,2,5,4,4,254,At Risk
1688698,2018-12-03,811,2,3000.0,2,4,3,4,243,At Risk
1688706,2020-01-09,409,1,4232.97,4,2,4,3,424,Loyal Customers
1688818,2019-09-14,526,2,4038.97,3,4,3,4,343,Loyal Customers
1688921,2019-09-16,524,2,707.2299999999999,3,4,1,2,341,Need Attention
1688939,2019-09-12,528,2,633.46,3,4,1,2,341,Need Attention
1689433,2019-12-30,419,2,853.97,4,4,2,3,442,Loyal Customers
1689813,2018-10-19,856,1,2209.62,2,2,3,2,223,About To Sleep
1689863,2018-01-20,1128,2,2047.5900000000001,1,4,2,3,142,At Risk
1689951,2018-02-27,1090,1,4766.780000000001,1,2,4,3,124,At Risk
1690200,2017-05-19,1374,2,5685.37,1,4,4,4,144,Can't Lose Them
1690335,2020-10-12,132,3,4614.97,5,5,4,4,554,Loyal Customers
1690458,2020-02-20,367,4,3236.9700000000003,4,5,3,4,453,Loyal Customers
1690713,2018-05-23,1005,1,3366.2000000000003,1,2,3,2,123,Lost
1690737,2018-08-21,915,1,447.0,1,2,1,2,121,Lost
1691086,2019-12-30,419,4,2353.88,4,5,3,4,453,Loyal Customers
1691196,2019-05-25,638,1,752.0,2,2,1,2,221,About To Sleep
1691284,2019-09-30,510,3,4383.07,3,5,4,4,354,Loyal Customers
1691296,2018-06-23,974,3,3582.8,1,5,3,4,153,Can't Lose Them
1691351,2019-05-24,639,3,2562.85,2,5,3,4,253,At Risk
1691521,2019-03-06,718,2,2711.88,2,4,3,4,243,At Risk
1691683,2019-06-24,608,4,3350.08,2,5,3,4,253,At Risk
1691871,2016-08-18,1648,1,47.95,1,2,1,2,121,Lost
1691895,2019-08-20,551,4,4679.889999999999,3,5,4,4,354,Loyal Customers
1691988,2019-09-08,532,2,1424.8899999999999,3,4,2,3,342,Need Attention
1692085,2018-06-09,988,1,3694.48,1,2,3,2,123,Lost
1692115,2020-01-07,411,6,9249.119999999999,4,5,5,5,455,Champions
1692156,2019-11-21,458,3,8352.18,3,5,5,5,355,Loyal Customers
1692200,2019-07-13,589,2,1791.09,3,4,2,3,342,Need Attention
1692220,2020-10-31,113,3,1837.8,5,5,2,4,552,Loyal Customers
1692266,2020-10-24,120,3,13242.52,5,5,5,5,555,Champions
1692405,2019-12-25,424,1,29.98,4,2,1,2,421,Potential Loyalists
1692448,2017-10-30,1210,1,187.62,1,2,1,2,121,Lost
1692531,2020-07-23,213,2,4915.0,5,4,4,4,544,Loyal Customers
1693028,2019-02-11,741,2,3638.67,2,4,3,4,243,At Risk
1693067,2019-12-17,432,3,9724.4,4,5,5,5,455,Champions
1693133,2019-01-04,779,2,10778.949999999999,2,4,5,4,245,At Risk
1693175,2019-10-03,507,3,20532.66,3,5,5,5,355,Loyal Customers
1693179,2020-09-03,171,2,1500.28,5,4,2,3,542,Potential Loyalists
1693373,2019-10-04,506,2,3655.4,3,4,3,4,343,Loyal Customers
1693705,2019-12-10,439,4,7469.4400000000005,3,5,4,4,354,Loyal Customers
1693753,2020-08-26,179,5,5592.6,5,5,4,4,554,Loyal Customers
1693809,2016-10-15,1590,1,531.96,1,2,1,2,121,Lost
1693813,2019-09-28,512,6,8535.39,3,5,5,5,355,Loyal Customers
1693920,2019-06-27,605,1,230.76,3,2,1,2,321,Need Attention
1694130,2020-06-29,237,3,6512.84,5,5,4,4,554,Loyal Customers
1694135,2020-10-23,121,5,12604.93,5,5,5,5,555,Champions
1694264,2019-07-13,589,3,7985.780000000001,3,5,5,5,355,Loyal Customers
1694314,2019-12-22,427,2,4189.92,4,4,4,4,444,Loyal Customers
1694419,2021-02-05,16,6,21614.12,5,5,5,5,555,Champions
1694565,2019-07-22,580,3,4962.0,3,5,4,4,354,Loyal Customers
1694752,2020-10-13,131,3,9829.71,5,5,5,5,555,Champions
1695804,2020-02-05,382,4,6116.74,4,5,4,4,454,Loyal Customers
1696458,2020-10-10,134,1,539.9,5,2,1,2,521,Potential Loyalists
1696481,2020-01-15,403,2,1106.65,4,4,2,3,442,Loyal Customers
1696508,2019-08-30,541,2,7961.49,3,4,5,4,345,Loyal Customers
1696512,2019-07-04,598,1,2716.0,3,2,3,2,323,Need Attention
1696695,2020-02-05,382,3,9858.03,4,5,5,5,455,Champions
1696726,2019-06-12,620,3,1992.12,2,5,2,4,252,At Risk
1696748,2020-06-16,250,3,5892.41,5,5,4,4,554,Loyal Customers
1697119,2019-06-15,617,1,339.39,2,2,1,2,221,About To Sleep
1697375,2020-10-08,136,4,11044.17,5,5,5,5,555,Champions
1697467,2020-01-22,396,4,13766.62,4,5,5,5,455,Champions
1697627,2020-09-18,156,2,2217.46,5,4,3,4,543,Loyal Customers
1697711,2020-08-29,176,3,14015.859999999999,5,5,5,5,555,Champions
1697767,2019-09-17,523,2,7660.32,3,4,5,4,345,Loyal Customers
1697895,2016-05-23,1735,1,507.6,1,2,1,2,121,Lost
1698033,2019-05-30,633,3,15050.35,2,5,5,5,255,Can't Lose Them
1698157,2016-02-16,1832,1,889.95,1,2,2,2,122,Lost
1698337,2017-12-02,1177,1,8850.0,1,2,5,4,125,Can't Lose Them
1698496,2019-12-23,426,1,1908.53,4,2,2,2,422,Potential Loyalists
1698662,2018-02-06,1111,3,6977.47,1,5,4,4,154,Can't Lose Them
1698828,2020-10-15,129,3,2388.98,5,5,3,4,553,Loyal Customers
1698831,2016-08-29,1637,1,329.85,1,2,1,2,121,Lost
1698870,2016-08-22,1644,1,2736.56,1,2,3,2,123,Lost
1699027,2019-12-12,437,5,11611.11,3,5,5,5,355,Loyal Customers
1699343,2019-12-29,420,1,251.94,4,2,1,2,421,Potential Loyalists
1699480,2020-02-14,373,5,1187.09,4,5,2,4,452,Loyal Customers
1699570,2020-03-10,348,5,5508.87,4,5,4,4,454,Loyal Customers
1700005,2019-05-18,645,2,6551.88,2,4,4,4,244,At Risk
1700023,2017-04-27,1396,1,5307.97,1,2,4,3,124,At Risk
1700215,2020-06-17,249,3,7594.47,5,5,5,5,555,Champions
1700598,2018-10-09,866,2,4089.7799999999997,2,4,4,4,244,At Risk
1700661,2020-03-11,347,2,3278.9700000000003,4,4,3,4,443,Loyal Customers
1700848,2019-11-28,451,4,5038.35,3,5,4,4,354,Loyal Customers
1701408,2019-08-06,565,1,1563.99,3,2,2,2,322,Need Attention
1701609,2019-07-20,582,1,9810.55,3,2,5,4,325,Loyal Customers
1701621,2020-05-04,293,2,1533.69,5,4,2,3,542,Potential Loyalists
1701624,2020-06-20,246,4,9771.02,5,5,5,5,555,Champions
1702195,2020-07-08,228,1,108.15,5,2,1,2,521,Potential Loyalists
1702221,2019-12-27,422,9,61871.7,4,5,5,5,455,Champions
1702256,2017-01-04,1509,2,9654.98,1,4,5,4,145,Can't Lose Them
1702428,2018-09-28,877,2,7196.26,2,4,4,4,244,At Risk
1702622,2020-08-17,188,3,5374.92,5,5,4,4,554,Loyal Customers
1702638,2019-02-09,743,2,5180.09,2,4,4,4,244,At Risk
1702792,2019-11-11,468,2,4544.0,3,4,4,4,344,Loyal Customers
1702861,2020-01-17,401,1,2919.0,4,2,3,2,423,Potential Loyalists
1702898,2020-02-18,369,4,12649.96,4,5,5,5,455,Champions
1702950,2019-11-06,473,5,4603.17,3,5,4,4,354,Loyal Customers
1703670,2019-11-13,466,3,10863.75,3,5,5,5,355,Loyal Customers
1703702,2019-06-12,620,1,1619.91,2,2,2,2,222,About To Sleep
1703807,2020-01-22,396,3,1613.74,4,5,2,4,452,Loyal Customers
1703884,2019-02-02,750,3,3654.7200000000003,2,5,3,4,253,At Risk
1703974,2019-10-22,488,2,9121.4,3,4,5,4,345,Loyal Customers
1704016,2020-06-02,264,1,296.0,5,2,1,2,521,Potential Loyalists
1704090,2019-01-26,757,1,1647.28,2,2,2,2,222,About To Sleep
1704092,2020-05-09,288,4,13050.7,5,5,5,5,555,Champions
1704192,2019-11-18,461,2,1254.79,3,4,2,3,342,Need Attention
1704194,2016-06-15,1712,1,539.8,1,2,1,2,121,Lost
1704454,2020-07-08,228,3,7269.98,5,5,4,4,554,Loyal Customers
1704575,2019-06-04,628,1,4845.0,2,2,4,3,224,At Risk
1704715,2020-08-01,204,2,16682.94,5,4,5,4,545,Loyal Customers
1705258,2020-02-15,372,1,201.10000000000002,4,2,1,2,421,Potential Loyalists
1705429,2019-11-30,449,1,1360.0,3,2,2,2,322,Need Attention
1705560,2020-10-29,115,4,958.74,5,5,2,4,552,Loyal Customers
1705952,2019-08-23,548,2,7626.0,3,4,5,4,345,Loyal Customers
1706020,2020-11-23,90,2,8247.7,5,4,5,4,545,Loyal Customers
1706247,2020-07-11,225,6,17033.32,5,5,5,5,555,Champions
1706324,2019-10-19,491,3,5536.129999999999,3,5,4,4,354,Loyal Customers
1706428,2020-02-19,368,2,3268.78,4,4,3,4,443,Loyal Customers
1706433,2020-02-12,375,3,5859.6900000000005,4,5,4,4,454,Loyal Customers
1706457,2017-06-16,1346,1,277.96,1,2,1,2,121,Lost
1706633,2019-02-13,739,3,7725.289999999999,2,5,5,5,255,Can't Lose Them
1706702,2017-05-18,1375,2,8687.98,1,4,5,4,145,Can't Lose Them
1706860,2020-08-25,180,2,1068.1399999999999,5,4,2,3,542,Potential Loyalists
1706876,2018-09-13,892,1,1662.63,1,2,2,2,122,Lost
1706908,2019-04-27,666,1,1317.96,2,2,2,2,222,About To Sleep
1706944,2019-03-09,715,2,9575.98,2,4,5,4,245,At Risk
1707121,2018-10-05,870,2,4647.0,2,4,4,4,244,At Risk
1707124,2020-01-06,412,2,2181.9,4,4,3,4,443,Loyal Customers
1707755,2018-06-18,979,1,3280.0,1,2,3,2,123,Lost
1707959,2020-02-15,372,2,681.52,4,4,1,2,441,Potential Loyalists
1708295,2020-08-19,186,2,1359.92,5,4,2,3,542,Potential Loyalists
1708493,2019-09-25,515,5,6466.97,3,5,4,4,354,Loyal Customers
1708592,2019-02-22,730,1,2575.0,2,2,3,2,223,About To Sleep
1708668,2020-02-05,382,1,624.0,4,2,1,2,421,Potential Loyalists
1709345,2020-02-27,360,1,579.98,4,2,1,2,421,Potential Loyalists
1709993,2019-11-28,451,3,2768.77,3,5,3,4,353,Loyal Customers
1710315,2018-06-07,990,1,2537.0,1,2,3,2,123,Lost
1710320,2020-10-24,120,2,2085.66,5,4,2,3,542,Potential Loyalists
1710324,2020-04-25,302,3,5725.88,5,5,4,4,554,Loyal Customers
1710583,2019-07-05,597,2,2091.85,3,4,2,3,342,Need Attention
1710657,2019-08-03,568,2,1375.99,3,4,2,3,342,Need Attention
1711010,2019-06-06,626,3,4495.96,2,5,4,4,254,At Risk
1711283,2020-06-16,250,4,2457.7799999999997,5,5,3,4,553,Loyal Customers
1711488,2020-06-10,256,3,4919.99,5,5,4,4,554,Loyal Customers
1711599,2021-02-11,10,3,7214.67,5,5,4,4,554,Loyal Customers
1711949,2019-11-14,465,1,354.0,3,2,1,2,321,Need Attention
1712116,2019-09-24,516,3,15135.39,3,5,5,5,355,Loyal Customers
1712404,2019-12-21,428,1,45.769999999999996,4,2,1,2,421,Potential Loyalists
1712795,2019-07-12,590,2,3622.33,3,4,3,4,343,Loyal Customers
1712868,2018-10-27,848,1,1464.0,2,2,2,2,222,About To Sleep
1713253,2016-01-02,1877,1,15367.0,1,2,5,4,125,Can't Lose Them
1713326,2020-12-15,68,2,14282.17,5,4,5,4,545,Loyal Customers
1713539,2019-11-30,449,2,1338.0,3,4,2,3,342,Need Attention
1713595,2018-06-27,970,2,2038.15,1,4,2,3,142,At Risk
1713837,2019-10-19,491,1,2768.5,3,2,3,2,323,Need Attention
1713848,2020-01-02,416,4,9033.49,4,5,5,5,455,Champions
1713898,2020-12-21,62,3,1313.55,5,5,2,4,552,Loyal Customers
1713950,2019-02-21,731,4,9381.14,2,5,5,5,255,Can't Lose Them
1714238,2020-06-26,240,2,7208.51,5,4,4,4,544,Loyal Customers
1714276,2021-01-20,32,4,6211.07,5,5,4,4,554,Loyal Customers
1714301,2016-10-19,1586,1,2258.0,1,2,3,2,123,Lost
1714346,2020-05-24,273,2,2288.98,5,4,3,4,543,Loyal Customers
1714451,2020-02-17,370,2,3439.77,4,4,3,4,443,Loyal Customers
1714587,2019-10-08,502,3,6320.79,3,5,4,4,354,Loyal Customers
1714594,2018-11-15,829,2,7800.9,2,4,5,4,245,At Risk
1714697,2018-12-04,810,1,3283.99,2,2,3,2,223,About To Sleep
1714835,2019-02-23,729,1,4657.8,2,2,4,3,224,At Risk
1714946,2020-06-25,241,4,16358.55,5,5,5,5,555,Champions
1715326,2020-01-07,411,8,7273.93,4,5,4,4,454,Loyal Customers
1715354,2018-12-26,788,1,1614.0,2,2,2,2,222,About To Sleep
1715386,2017-09-21,1249,1,9245.76,1,2,5,4,125,Can't Lose Them
1715553,2019-12-09,440,2,4950.549999999999,3,4,4,4,344,Loyal Customers
1715693,2020-01-18,400,2,913.89,4,4,2,3,442,Loyal Customers
1716160,2020-02-17,370,3,8057.98,4,5,5,5,455,Champions
1716246,2020-03-05,353,1,1091.62,4,2,2,2,422,Potential Loyalists
1716357,2020-05-08,289,7,18913.99,5,5,5,5,555,Champions
1716379,2020-05-15,282,1,704.75,5,2,1,2,521,Potential Loyalists
1716435,2020-01-03,415,2,8744.26,4,4,5,4,445,Loyal Customers
1716470,2018-01-29,1119,1,2503.4700000000003,1,2,3,2,123,Lost
1716510,2019-04-30,663,1,1647.85,2,2,2,2,222,About To Sleep
1716565,2018-01-17,1131,3,8469.16,1,5,5,5,155,Can't Lose Them
1716584,2016-01-06,1873,1,213.57,1,2,1,2,121,Lost
1716647,2020-05-18,279,3,11396.73,5,5,5,5,555,Champions
1716821,2019-02-25,727,1,1116.94,2,2,2,2,222,About To Sleep
1716827,2020-01-17,401,1,5233.16,4,2,4,3,424,Loyal Customers
1716962,2016-12-10,1534,1,12.66,1,2,1,2,121,Lost
1717167,2019-05-30,633,4,11859.91,2,5,5,5,255,Can't Lose Them
1717242,2020-05-24,273,2,91.45,5,4,1,2,541,Potential Loyalists
1717593,2019-12-31,418,3,9876.5,4,5,5,5,455,Champions
1717637,2019-05-06,657,4,6812.1900000000005,2,5,4,4,254,At Risk
1717650,2020-08-07,198,4,5136.76,5,5,4,4,554,Loyal Customers
1717932,2017-06-14,1348,1,9609.970000000001,1,2,5,4,125,Can't Lose Them
1717991,2021-02-16,5,6,8421.58,5,5,5,5,555,Champions
1718030,2019-08-13,558,3,1887.46,3,5,2,4,352,Loyal Customers
1718031,2020-12-16,67,2,1834.07,5,4,2,3,542,Potential Loyalists
1718194,2020-01-22,396,5,25551.53,4,5,5,5,455,Champions
1718240,2019-08-27,544,6,9385.93,3,5,5,5,355,Loyal Customers
1718289,2020-07-27,209,3,3153.71,5,5,3,4,553,Loyal Customers
1718303,2020-05-05,292,2,186.88,5,4,1,2,541,Potential Loyalists
1718597,2018-12-22,792,4,6997.27,2,5,4,4,254,At Risk
1718821,2019-01-24,759,1,4958.97,2,2,4,3,224,At Risk
1718920,2019-10-18,492,3,3415.42,3,5,3,4,353,Loyal Customers
1719466,2018-08-07,929,1,747.99,1,2,1,2,121,Lost
1719541,2018-10-20,855,2,409.89,2,4,1,2,241,About To Sleep
1719596,2020-03-11,347,2,2590.49,4,4,3,4,443,Loyal Customers
1719777,2017-12-21,1158,2,3219.4500000000003,1,4,3,4,143,Can't Lose Them
1719794,2021-02-04,17,9,15021.16,5,5,5,5,555,Champions
1719829,2017-03-09,1445,1,1184.97,1,2,2,2,122,Lost
1719849,2019-10-25,485,2,4572.12,3,4,4,4,344,Loyal Customers
1719990,2019-10-24,486,3,2012.72,3,5,2,4,352,Loyal Customers
1720025,2019-05-04,659,2,4088.5,2,4,4,4,244,At Risk
1720029,2018-05-22,1006,3,25063.53,1,5,5,5,155,Can't Lose Them
1720050,2018-08-31,905,2,1426.51,1,4,2,3,142,At Risk
1720112,2018-05-17,1011,1,1749.0,1,2,2,2,122,Lost
1720405,2019-12-26,423,3,3583.25,4,5,3,4,453,Loyal Customers
1720475,2021-02-19,2,1,190.0,5,2,1,2,521,Potential Loyalists
1720870,2019-07-20,582,1,269.0,3,2,1,2,321,Need Attention
1720942,2019-10-11,499,2,6614.5,3,4,4,4,344,Loyal Customers
1720965,2018-11-29,815,1,2096.65,2,2,2,2,222,About To Sleep
1721037,2020-01-06,412,2,3520.37,4,4,3,4,443,Loyal Customers
1721080,2019-07-06,596,1,1292.72,3,2,2,2,322,Need Attention
1721634,2020-12-12,71,4,7639.39,5,5,5,5,555,Champions
1721961,2019-01-05,778,4,4285.889999999999,2,5,4,4,254,At Risk
1722159,2020-01-14,404,1,624.0,4,2,1,2,421,Potential Loyalists
1722247,2021-02-15,6,3,13386.09,5,5,5,5,555,Champions
1722271,2019-11-09,470,3,4624.19,3,5,4,4,354,Loyal Customers
1722330,2017-02-22,1460,2,3822.4,1,4,3,4,143,Can't Lose Them
1722337,2020-02-04,383,3,6537.85,4,5,4,4,454,Loyal Customers
1722524,2019-06-06,626,3,2254.45,2,5,3,4,253,At Risk
1722764,2021-01-23,29,3,4660.25,5,5,4,4,554,Loyal Customers
1722802,2020-01-08,410,5,14419.15,4,5,5,5,455,Champions
1722880,2019-12-11,438,3,9062.22,3,5,5,5,355,Loyal Customers
1722993,2018-10-18,857,1,6222.4,2,2,4,3,224,At Risk
1723103,2020-02-15,372,4,1788.8400000000001,4,5,2,4,452,Loyal Customers
1723161,2020-02-06,381,1,115.76,4,2,1,2,421,Potential Loyalists
1723332,2019-02-12,740,1,9523.0,2,2,5,4,225,At Risk
1723372,2020-01-10,408,3,4826.66,4,5,4,4,454,Loyal Customers
1723530,2020-08-01,204,6,11538.93,5,5,5,5,555,Champions
1723864,2019-10-04,506,2,8201.58,3,4,5,4,345,Loyal Customers
1724062,2021-02-12,9,4,9558.17,5,5,5,5,555,Champions
1724286,2019-09-21,519,2,10224.34,3,4,5,4,345,Loyal Customers
1724519,2020-11-28,85,1,17364.95,5,2,5,4,525,Loyal Customers
1724660,2019-02-21,731,2,13857.89,2,4,5,4,245,At Risk
1724776,2019-09-25,515,4,7945.92,3,5,5,5,355,Loyal Customers
1724782,2020-01-21,397,6,19861.93,4,5,5,5,455,Champions
1724786,2019-12-28,421,3,2444.0099999999998,4,5,3,4,453,Loyal Customers
1724799,2020-03-10,348,3,2614.58,4,5,3,4,453,Loyal Customers
1724829,2019-12-24,425,3,7275.92,4,5,4,4,454,Loyal Customers
1725488,2020-06-15,251,3,3407.0,5,5,3,4,553,Loyal Customers
1725975,2018-01-13,1135,2,1090.05,1,4,2,3,142,At Risk
1726473,2019-07-30,572,1,530.9,3,2,1,2,321,Need Attention
1726826,2019-01-08,775,1,936.0,2,2,2,2,222,About To Sleep
1727024,2020-03-05,353,2,215.89000000000001,4,4,1,2,441,Potential Loyalists
1727049,2019-09-21,519,2,3724.9700000000003,3,4,3,4,343,Loyal Customers
1727268,2019-06-06,626,1,1071.8,2,2,2,2,222,About To Sleep
1727550,2019-06-28,604,2,2908.1000000000004,3,4,3,4,343,Loyal Customers
1727561,2020-12-25,58,3,12927.0,5,5,5,5,555,Champions
1727572,2020-02-19,368,1,4362.860000000001,4,2,4,3,424,Loyal Customers
1727849,2019-05-02,661,4,23732.7,2,5,5,5,255,Can't Lose Them
1728060,2021-02-20,1,5,3144.5499999999997,5,5,3,4,553,Loyal Customers
1728275,2018-01-03,1145,2,2309.18,1,4,3,4,143,Can't Lose Them
1728306,2019-03-05,719,2,7741.8,2,4,5,4,245,At Risk
1728581,2019-08-16,555,4,22953.37,3,5,5,5,355,Loyal Customers
1728981,2019-07-15,587,1,9001.64,3,2,5,4,325,Loyal Customers
1729134,2018-08-22,914,1,3262.65,1,2,3,2,123,Lost
1729199,2019-12-27,422,2,6704.52,4,4,4,4,444,Loyal Customers
1729213,2017-01-03,1510,1,296.0,1,2,1,2,121,Lost
1729347,2020-02-14,373,4,9627.7,4,5,5,5,455,Champions
1729473,2020-07-11,225,2,2072.45,5,4,2,3,542,Potential Loyalists
1729484,2020-03-05,353,4,7232.28,4,5,4,4,454,Loyal Customers
1729535,2019-10-21,489,1,4369.3,3,2,4,3,324,Need Attention
1729563,2020-02-24,363,1,4317.4800000000005,4,2,4,3,424,Loyal Customers
1729878,2020-04-24,303,6,2277.13,5,5,3,4,553,Loyal Customers
1730084,2020-02-25,362,4,8360.8,4,5,5,5,455,Champions
1730127,2020-09-04,170,4,6473.66,5,5,4,4,554,Loyal Customers
1730150,2018-05-24,1004,1,736.4000000000001,1,2,1,2,121,Lost
1730190,2019-01-06,777,2,2024.88,2,4,2,3,242,At Risk
1730210,2016-01-23,1856,1,56.99,1,2,1,2,121,Lost
1730391,2021-02-13,8,7,13126.76,5,5,5,5,555,Champions
1730479,2019-09-28,512,4,19479.61,3,5,5,5,355,Loyal Customers
1730522,2018-09-12,893,2,2657.89,1,4,3,4,143,Can't Lose Them
1730966,2021-02-12,9,5,20589.690000000002,5,5,5,5,555,Champions
1730985,2016-01-02,1877,1,3967.0,1,2,3,2,123,Lost
1731008,2018-07-17,950,1,1176.97,1,2,2,2,122,Lost
1731452,2020-02-19,368,2,5846.0,4,4,4,4,444,Loyal Customers
1731467,2020-02-11,376,2,3743.0,4,4,3,4,443,Loyal Customers
1731694,2020-02-19,368,1,5937.99,4,2,4,3,424,Loyal Customers
1731696,2018-05-26,1002,2,2159.78,1,4,2,3,142,At Risk
1732017,2016-08-26,1640,1,329.97,1,2,1,2,121,Lost
1732048,2017-09-19,1251,1,179.99,1,2,1,2,121,Lost
1732121,2019-11-07,472,2,4249.76,3,4,4,4,344,Loyal Customers
1732250,2016-10-17,1588,1,526.0,1,2,1,2,121,Lost
1732258,2017-11-08,1201,1,992.0,1,2,2,2,122,Lost
1732455,2018-10-03,872,1,4117.2,2,2,4,3,224,At Risk
1732554,2019-08-31,540,1,1257.8,3,2,2,2,322,Need Attention
1732613,2020-03-10,348,2,3064.96,4,4,3,4,443,Loyal Customers
1732661,2019-05-14,649,3,691.79,2,5,1,3,251,At Risk
1732784,2020-02-20,367,3,6390.29,4,5,4,4,454,Loyal Customers
1732890,2020-01-23,395,1,1857.0,4,2,2,2,422,Potential Loyalists
1733137,2019-12-11,438,2,3383.94,3,4,3,4,343,Loyal Customers
1733373,2017-11-29,1180,1,345.0,1,2,1,2,121,Lost
1733399,2020-02-22,365,2,5242.99,4,4,4,4,444,Loyal Customers
1733897,2019-09-03,537,4,5250.9,3,5,4,4,354,Loyal Customers
1733927,2020-08-13,192,3,6257.76,5,5,4,4,554,Loyal Customers
1734698,2019-06-26,606,7,7809.87,3,5,5,5,355,Loyal Customers
1734732,2018-08-26,910,1,407.92,1,2,1,2,121,Lost
1735123,2020-06-17,249,1,257.94,5,2,1,2,521,Potential Loyalists
1735125,2019-12-21,428,2,5554.32,4,4,4,4,444,Loyal Customers
1735139,2019-11-09,470,2,687.99,3,4,1,2,341,Need Attention
1735191,2020-02-20,367,4,10810.66,4,5,5,5,455,Champions
1735272,2019-06-22,610,2,1546.89,2,4,2,3,242,At Risk
1735341,2019-09-30,510,3,1010.8199999999999,3,5,2,4,352,Loyal Customers
1735668,2020-03-18,340,3,4322.9,5,5,4,4,554,Loyal Customers
1735845,2019-01-03,780,2,1853.0300000000002,2,4,2,3,242,At Risk
1736019,2019-01-23,760,3,2996.12,2,5,3,4,253,At Risk
1736139,2020-05-30,267,6,28425.35,5,5,5,5,555,Champions
1736140,2016-03-05,1814,1,1815.49,1,2,2,2,122,Lost
1736495,2018-08-04,932,2,6633.96,1,4,4,4,144,Can't Lose Them
1736536,2019-05-01,662,3,1190.98,2,5,2,4,252,At Risk
1736614,2019-05-06,657,3,1355.95,2,5,2,4,252,At Risk
1736623,2020-06-17,249,7,7412.59,5,5,4,4,554,Loyal Customers
1736630,2019-05-30,633,1,238.02,2,2,1,2,221,About To Sleep
1737038,2017-02-18,1464,2,1574.01,1,4,2,3,142,At Risk
1737226,2019-06-29,603,2,3678.49,3,4,3,4,343,Loyal Customers
1737326,2018-12-19,795,2,9883.38,2,4,5,4,245,At Risk
1737466,2021-02-20,1,8,4816.97,5,5,4,4,554,Loyal Customers
1737591,2019-10-17,493,4,7973.28,3,5,5,5,355,Loyal Customers
1737854,2020-07-19,217,3,6514.56,5,5,4,4,554,Loyal Customers
1737921,2019-08-18,553,4,2908.6400000000003,3,5,3,4,353,Loyal Customers
1738064,2019-11-26,453,5,5694.88,3,5,4,4,354,Loyal Customers
1738243,2019-08-27,544,3,2640.6,3,5,3,4,353,Loyal Customers
1738306,2019-08-31,540,3,16943.33,3,5,5,5,355,Loyal Customers
1738341,2021-02-15,6,2,2889.79,5,4,3,4,543,Loyal Customers
1738345,2021-01-09,43,2,5012.2300000000005,5,4,4,4,544,Loyal Customers
1738514,2017-11-25,1184,1,51.0,1,2,1,2,121,Lost
1738542,2017-12-30,1149,1,1135.35,1,2,2,2,122,Lost
1738685,2018-11-21,823,2,21538.94,2,4,5,4,245,At Risk
1738763,2017-09-12,1258,2,6973.93,1,4,4,4,144,Can't Lose Them
1739377,2020-12-05,78,5,3859.38,5,5,3,4,553,Loyal Customers
1739383,2019-06-08,624,1,147.0,2,2,1,2,221,About To Sleep
1739969,2020-02-09,378,2,10967.08,4,4,5,4,445,Loyal Customers
1739983,2020-02-15,372,6,4490.61,4,5,4,4,454,Loyal Customers
1739992,2021-01-14,38,4,4226.42,5,5,4,4,554,Loyal Customers
1740013,2020-08-13,192,3,5154.25,5,5,4,4,554,Loyal Customers
1740312,2019-11-15,464,1,3243.4,3,2,3,2,323,Need Attention
1740334,2021-01-19,33,1,2334.08,5,2,3,2,523,Potential Loyalists
1740766,2020-06-13,253,4,2594.42,5,5,3,4,553,Loyal Customers
1740840,2020-08-01,204,2,870.4,5,4,2,3,542,Potential Loyalists
1740873,2020-01-09,409,4,9960.32,4,5,5,5,455,Champions
1741021,2021-02-15,6,3,1778.45,5,5,2,4,552,Loyal Customers
1741351,2020-08-12,193,6,7576.87,5,5,5,5,555,Champions
1741571,2020-10-17,127,3,4171.95,5,5,4,4,554,Loyal Customers
1741581,2019-11-20,459,2,4266.99,3,4,4,4,344,Loyal Customers
1741944,2018-09-04,901,1,2995.98,1,2,3,2,123,Lost
1742077,2019-11-13,466,2,859.6899999999999,3,4,2,3,342,Need Attention
1742088,2020-02-25,362,4,5739.259999999999,4,5,4,4,454,Loyal Customers
1742261,2020-02-22,365,2,805.96,4,4,1,2,441,Potential Loyalists
1742326,2020-02-29,358,2,2650.0,4,4,3,4,443,Loyal Customers
1742432,2019-03-07,717,1,77.68,2,2,1,2,221,About To Sleep
1742438,2016-06-03,1724,1,5516.99,1,2,4,3,124,At Risk
1742626,2020-02-01,386,1,2252.71,4,2,3,2,423,Potential Loyalists
1742787,2018-05-09,1019,1,5208.93,1,2,4,3,124,At Risk
1742913,2020-02-22,365,1,132.99,4,2,1,2,421,Potential Loyalists
1743080,2019-06-27,605,3,13652.01,3,5,5,5,355,Loyal Customers
1743083,2019-10-18,492,2,2795.98,3,4,3,4,343,Loyal Customers
1743133,2018-12-19,795,3,4688.37,2,5,4,4,254,At Risk
1743422,2021-01-16,36,2,361.35999999999996,5,4,1,2,541,Potential Loyalists
1743547,2021-02-18,3,1,21.57,5,2,1,2,521,Potential Loyalists
1744031,2020-09-30,144,3,10972.24,5,5,5,5,555,Champions
1744333,2018-01-24,1124,1,297.68000000000006,1,2,1,2,121,Lost
1744383,2019-10-12,498,1,349.0,3,2,1,2,321,Need Attention
1744411,2018-03-09,1080,1,119.97999999999999,1,2,1,2,121,Lost
1744437,2020-01-09,409,3,1718.97,4,5,2,4,452,Loyal Customers
1745076,2020-02-08,379,7,12914.28,4,5,5,5,455,Champions
1745111,2020-01-08,410,4,7686.68,4,5,5,5,455,Champions
1745187,2017-03-07,1447,3,8180.58,1,5,5,5,155,Can't Lose Them
1745222,2020-02-17,370,2,892.87,4,4,2,3,442,Loyal Customers
1745312,2020-11-09,104,4,10380.52,5,5,5,5,555,Champions
1745379,2019-11-01,478,5,10819.95,3,5,5,5,355,Loyal Customers
1745497,2019-02-25,727,3,10948.52,2,5,5,5,255,Can't Lose Them
1745820,2020-05-30,267,3,6287.51,5,5,4,4,554,Loyal Customers
1745966,2018-12-28,786,2,2940.5,2,4,3,4,243,At Risk
1746184,2020-02-25,362,3,3229.04,4,5,3,4,453,Loyal Customers
1746251,2020-02-18,369,3,6943.870000000001,4,5,4,4,454,Loyal Customers
1746274,2020-05-01,296,2,10983.98,5,4,5,4,545,Loyal Customers
1746364,2020-03-01,357,4,13518.3,4,5,5,5,455,Champions
1746527,2020-07-13,223,3,12017.64,5,5,5,5,555,Champions
1747015,2019-11-26,453,5,3889.8500000000004,3,5,3,4,353,Loyal Customers
1747078,2019-09-15,525,3,7394.93,3,5,4,4,354,Loyal Customers
1747611,2020-11-28,85,2,3089.5600000000004,5,4,3,4,543,Loyal Customers
1748140,2019-12-04,445,4,11705.97,3,5,5,5,355,Loyal Customers
1748309,2019-10-05,505,1,749.95,3,2,1,2,321,Need Attention
1748312,2019-12-27,422,4,9209.31,4,5,5,5,455,Champions
1748682,2019-09-20,520,2,9239.869999999999,3,4,5,4,345,Loyal Customers
1749088,2020-09-05,169,4,2020.08,5,5,2,4,552,Loyal Customers
1749144,2016-05-04,1754,1,642.0,1,2,1,2,121,Lost
1749145,2018-12-01,813,1,408.0,2,2,1,2,221,About To Sleep
1749157,2020-02-17,370,3,16761.85,4,5,5,5,455,Champions
1749311,2019-07-05,597,2,1748.83,3,4,2,3,342,Need Attention
1749380,2020-02-27,360,3,667.79,4,5,1,3,451,Loyal Customers
1749542,2019-11-21,458,4,8047.28,3,5,5,5,355,Loyal Customers
1749596,2019-12-10,439,1,28.0,3,2,1,2,321,Need Attention
1750109,2020-03-12,346,1,2029.76,4,2,2,2,422,Potential Loyalists
1750142,2019-06-26,606,2,12141.06,3,4,5,4,345,Loyal Customers
1750248,2019-12-06,443,2,817.9200000000001,3,4,1,2,341,Need Attention
1750322,2020-01-03,415,1,529.0,4,2,1,2,421,Potential Loyalists
1750451,2019-03-01,723,1,5097.66,2,2,4,3,224,At Risk
1750513,2019-09-14,526,6,7628.87,3,5,5,5,355,Loyal Customers
1750528,2019-10-11,499,4,2324.42,3,5,3,4,353,Loyal Customers
1750554,2017-01-05,1508,2,14888.42,1,4,5,4,145,Can't Lose Them
1750735,2020-04-28,299,1,2059.98,5,2,2,2,522,Potential Loyalists
1751015,2019-02-08,744,2,9068.25,2,4,5,4,245,At Risk
1751091,2019-02-11,741,5,10109.36,2,5,5,5,255,Can't Lose Them
1751123,2019-12-13,436,3,3565.71,3,5,3,4,353,Loyal Customers
1751553,2019-10-24,486,1,69.0,3,2,1,2,321,Need Attention
1751728,2020-12-18,65,1,258.0,5,2,1,2,521,Potential Loyalists
1751918,2019-02-01,751,1,84.0,2,2,1,2,221,About To Sleep
1752012,2019-11-27,452,3,4507.92,3,5,4,4,354,Loyal Customers
1752287,2018-09-20,885,2,815.64,1,4,1,2,141,Lost
1752382,2017-09-30,1240,1,1763.99,1,2,2,2,122,Lost
1752592,2020-01-03,415,2,2210.95,4,4,3,4,443,Loyal Customers
1752596,2017-02-23,1459,1,835.0,1,2,1,2,121,Lost
1752797,2020-02-08,379,2,2397.05,4,4,3,4,443,Loyal Customers
1752811,2019-10-03,507,1,477.98,3,2,1,2,321,Need Attention
1753006,2016-08-29,1637,1,1122.81,1,2,2,2,122,Lost
1753015,2021-01-05,47,6,5287.71,5,5,4,4,554,Loyal Customers
1753324,2017-11-01,1208,1,399.9,1,2,1,2,121,Lost
1753601,2020-01-31,387,2,14011.93,4,4,5,4,445,Loyal Customers
1754112,2019-09-21,519,3,6680.1,3,5,4,4,354,Loyal Customers
1754192,2020-02-01,386,3,4271.13,4,5,4,4,454,Loyal Customers
1754205,2019-07-24,578,3,9491.220000000001,3,5,5,5,355,Loyal Customers
1754312,2019-06-20,612,3,3764.6499999999996,2,5,3,4,253,At Risk
1754382,2020-10-28,116,3,2041.18,5,5,2,4,552,Loyal Customers
1754483,2019-12-25,424,2,293.76,4,4,1,2,441,Potential Loyalists
1754573,2017-01-12,1501,1,5354.58,1,2,4,3,124,At Risk
1754849,2019-07-25,577,3,3317.38,3,5,3,4,353,Loyal Customers
1754919,2016-08-17,1649,1,1099.75,1,2,2,2,122,Lost
1755082,2020-12-12,71,1,28.0,5,2,1,2,521,Potential Loyalists
1755084,2016-08-11,1655,1,3639.6099999999997,1,2,3,2,123,Lost
1755623,2019-09-21,519,2,2056.0,3,4,2,3,342,Need Attention
1755730,2020-10-14,130,2,5825.9400000000005,5,4,4,4,544,Loyal Customers
1755769,2018-10-06,869,1,579.0,2,2,1,2,221,About To Sleep
1755781,2020-01-24,394,4,16987.73,4,5,5,5,455,Champions
1755993,2021-02-10,11,2,8935.9,5,4,5,4,545,Loyal Customers
1756027,2020-06-02,264,3,19542.46,5,5,5,5,555,Champions
1756123,2019-05-01,662,5,15390.23,2,5,5,5,255,Can't Lose Them
1756154,2020-01-18,400,2,3898.9,4,4,3,4,443,Loyal Customers
1756245,2020-02-29,358,6,8356.59,4,5,5,5,455,Champions
1756332,2019-05-18,645,2,5699.52,2,4,4,4,244,At Risk
1756350,2019-09-14,526,3,5532.860000000001,3,5,4,4,354,Loyal Customers
1756364,2021-02-04,17,4,21670.61,5,5,5,5,555,Champions
1756681,2019-02-22,730,4,7993.38,2,5,5,5,255,Can't Lose Them
1756709,2018-10-16,859,2,3863.0099999999998,2,4,3,4,243,At Risk
1756761,2017-05-31,1362,1,115.0,1,2,1,2,121,Lost
1756921,2020-12-15,68,1,638.96,5,2,1,2,521,Potential Loyalists
1757500,2019-12-19,430,2,5285.87,4,4,4,4,444,Loyal Customers
1757539,2020-01-11,407,2,3825.2,4,4,3,4,443,Loyal Customers
1757948,2020-07-08,228,1,1468.9,5,2,2,2,522,Potential Loyalists
1758051,2016-09-10,1625,1,5528.9,1,2,4,3,124,At Risk
1758053,2020-02-12,375,2,7209.48,4,4,4,4,444,Loyal Customers
1758208,2020-11-14,99,2,902.95,5,4,2,3,542,Potential Loyalists
1758240,2019-11-09,470,1,349.92,3,2,1,2,321,Need Attention
1758421,2020-11-04,109,4,2381.59,5,5,3,4,553,Loyal Customers
1758439,2019-02-16,736,2,8946.69,2,4,5,4,245,At Risk
1758999,2018-03-05,1084,1,11378.0,1,2,5,4,125,Can't Lose Them
1759717,2019-08-06,565,3,3042.7,3,5,3,4,353,Loyal Customers
1759870,2019-05-07,656,1,1234.76,2,2,2,2,222,About To Sleep
1760076,2020-10-15,129,6,27502.48,5,5,5,5,555,Champions
1760131,2020-06-10,256,2,235.23,5,4,1,2,541,Potential Loyalists
1760136,2019-02-21,731,3,6149.91,2,5,4,4,254,At Risk
1760369,2018-02-21,1096,1,4439.35,1,2,4,3,124,At Risk
1760929,2020-11-19,94,3,10971.57,5,5,5,5,555,Champions
1761007,2019-11-06,473,2,782.1800000000001,3,4,1,2,341,Need Attention
1761079,2019-02-06,746,3,3289.57,2,5,3,4,253,At Risk
1761462,2016-02-02,1846,1,5588.14,1,2,4,3,124,At Risk
1761592,2020-05-27,270,5,13401.71,5,5,5,5,555,Champions
1761910,2019-10-07,503,3,7779.5,3,5,5,5,355,Loyal Customers
1762395,2018-12-20,794,2,5526.76,2,4,4,4,244,At Risk
1762396,2020-01-11,407,2,3901.92,4,4,3,4,443,Loyal Customers
1762467,2020-05-05,292,5,4670.33,5,5,4,4,554,Loyal Customers
1762532,2019-01-10,773,1,5442.0,2,2,4,3,224,At Risk
1762564,2019-09-19,521,2,3715.5,3,4,3,4,343,Loyal Customers
1763016,2020-02-17,370,7,4225.17,4,5,4,4,454,Loyal Customers
1763082,2019-07-06,596,4,7453.39,3,5,4,4,354,Loyal Customers
1763268,2018-12-26,788,2,1768.73,2,4,2,3,242,At Risk
1763365,2020-02-21,366,5,8941.67,4,5,5,5,455,Champions
1763456,2020-02-20,367,2,5058.13,4,4,4,4,444,Loyal Customers
1763514,2019-12-28,421,2,3756.88,4,4,3,4,443,Loyal Customers
1763642,2021-01-16,36,6,19734.21,5,5,5,5,555,Champions
1763841,2017-12-20,1159,1,2088.99,1,2,2,2,122,Lost
1764107,2018-03-14,1075,1,859.8299999999999,1,2,2,2,122,Lost
1764261,2019-05-01,662,1,312.0,2,2,1,2,221,About To Sleep
1764444,2020-11-12,101,5,7208.61,5,5,4,4,554,Loyal Customers
1764577,2019-07-09,593,1,2123.94,3,2,2,2,322,Need Attention
1764598,2019-12-17,432,1,937.99,4,2,2,2,422,Potential Loyalists
1764911,2020-07-23,213,2,3792.91,5,4,3,4,543,Loyal Customers
1764995,2020-05-25,272,4,16878.11,5,5,5,5,555,Champions
1765105,2020-01-29,389,2,2011.43,4,4,2,3,442,Loyal Customers
1765324,2019-07-25,577,4,11768.82,3,5,5,5,355,Loyal Customers
1765346,2019-06-27,605,1,99.0,3,2,1,2,321,Need Attention
1765360,2020-07-11,225,6,6367.95,5,5,4,4,554,Loyal Customers
1765384,2018-08-17,919,3,8640.98,1,5,5,5,155,Can't Lose Them
1765579,2016-01-28,1851,1,94.99,1,2,1,2,121,Lost
1765634,2019-02-14,738,2,20297.0,2,4,5,4,245,At Risk
1765668,2018-12-26,788,3,14785.68,2,5,5,5,255,Can't Lose Them
1765862,2019-12-21,428,3,4278.0,4,5,4,4,454,Loyal Customers
1765910,2019-02-11,741,3,5988.66,2,5,4,4,254,At Risk
1765915,2020-01-30,388,3,7835.4,4,5,5,5,455,Champions
1765917,2018-10-02,873,1,4615.34,2,2,4,3,224,At Risk
1766136,2019-09-28,512,1,567.67,3,2,1,2,321,Need Attention
1766407,2017-02-08,1474,1,623.7800000000001,1,2,1,2,121,Lost
1766504,2016-09-10,1625,1,15501.96,1,2,5,4,125,Can't Lose Them
1766556,2019-02-25,727,1,1156.88,2,2,2,2,222,About To Sleep
1766887,2019-12-11,438,3,19543.49,3,5,5,5,355,Loyal Customers
1766951,2019-05-15,648,2,2187.0,2,4,3,4,243,At Risk
1767101,2019-01-31,752,1,2273.92,2,2,3,2,223,About To Sleep
1767210,2017-07-15,1317,1,3672.35,1,2,3,2,123,Lost
1767377,2018-07-09,958,3,4394.27,1,5,4,4,154,Can't Lose Them
1767588,2019-07-06,596,1,1223.06,3,2,2,2,322,Need Attention
1767794,2019-10-10,500,3,6197.91,3,5,4,4,354,Loyal Customers
1767848,2018-07-12,955,1,1873.76,1,2,2,2,122,Lost
1767858,2020-01-08,410,3,24046.99,4,5,5,5,455,Champions
1768079,2019-03-02,722,2,4669.93,2,4,4,4,244,At Risk
1768180,2019-12-02,447,3,4525.09,3,5,4,4,354,Loyal Customers
1768281,2020-10-31,113,1,460.0,5,2,1,2,521,Potential Loyalists
1768548,2018-12-19,795,2,798.22,2,4,1,2,241,About To Sleep
1768600,2019-02-15,737,1,12808.5,2,2,5,4,225,At Risk
1768779,2019-12-28,421,3,4268.05,4,5,4,4,454,Loyal Customers
1768999,2018-08-25,911,1,1677.0,1,2,2,2,122,Lost
1769156,2020-02-01,386,2,10345.0,4,4,5,4,445,Loyal Customers
1769294,2021-02-15,6,2,1128.79,5,4,2,3,542,Potential Loyalists
1769400,2019-11-02,477,2,4000.22,3,4,3,4,343,Loyal Customers
1770021,2020-02-05,382,4,8139.1,4,5,5,5,455,Champions
1770119,2020-10-14,130,1,4399.39,5,2,4,3,524,Potential Loyalists
1770393,2020-02-08,379,2,118.86999999999999,4,4,1,2,441,Potential Loyalists
1770405,2020-10-08,136,2,6491.92,5,4,4,4,544,Loyal Customers
1770497,2019-10-08,502,3,6543.98,3,5,4,4,354,Loyal Customers
1770572,2016-12-28,1516,1,380.7000000000001,1,2,1,2,121,Lost
1771027,2018-08-18,918,2,1893.6599999999999,1,4,2,3,142,At Risk
1771171,2020-02-23,364,3,2169.33,4,5,3,4,453,Loyal Customers
1771225,2020-02-05,382,4,17716.69,4,5,5,5,455,Champions
1771228,2020-02-13,374,2,5266.42,4,4,4,4,444,Loyal Customers
1771296,2018-06-09,988,2,13135.18,1,4,5,4,145,Can't Lose Them
1771430,2019-12-05,444,4,1304.33,3,5,2,4,352,Loyal Customers
1771687,2019-10-23,487,1,16306.0,3,2,5,4,325,Loyal Customers
1772294,2019-04-25,668,1,975.8199999999999,2,2,2,2,222,About To Sleep
1772324,2019-09-01,539,3,3256.99,3,5,3,4,353,Loyal Customers
1772502,2019-11-27,452,3,2149.28,3,5,2,4,352,Loyal Customers
1772543,2021-01-02,50,2,2905.48,5,4,3,4,543,Loyal Customers
1772750,2019-12-04,445,1,3061.1099999999997,3,2,3,2,323,Need Attention
1772778,2020-01-06,412,5,7544.4,4,5,5,5,455,Champions
1772938,2018-12-18,796,1,2105.64,2,2,2,2,222,About To Sleep
1773061,2020-05-16,281,4,6409.95,5,5,4,4,554,Loyal Customers
1773266,2017-12-31,1148,1,3406.5499999999997,1,2,3,2,123,Lost
1773702,2018-09-07,898,2,8041.040000000001,1,4,5,4,145,Can't Lose Them
1773883,2020-02-12,375,1,2254.9700000000003,4,2,3,2,423,Potential Loyalists
1773985,2019-06-13,619,3,7501.85,2,5,5,5,255,Can't Lose Them
1774119,2020-07-29,207,3,2393.95,5,5,3,4,553,Loyal Customers
1774187,2019-08-29,542,2,8297.0,3,4,5,4,345,Loyal Customers
1774947,2019-05-30,633,1,255.0,2,2,1,2,221,About To Sleep
1775004,2019-09-06,534,1,2373.0,3,2,3,2,323,Need Attention
1775251,2020-01-23,395,1,504.0,4,2,1,2,421,Potential Loyalists
1775279,2016-08-03,1663,1,1608.9099999999999,1,2,2,2,122,Lost
1775355,2020-03-09,349,3,1704.98,4,5,2,4,452,Loyal Customers
1775445,2019-12-09,440,3,7728.6,3,5,5,5,355,Loyal Customers
1775632,2019-02-25,727,1,22.89,2,2,1,2,221,About To Sleep
1775819,2019-05-04,659,4,7137.76,2,5,4,4,254,At Risk
1775846,2019-12-12,437,1,312.0,3,2,1,2,321,Need Attention
1776672,2018-08-29,907,4,8880.08,1,5,5,5,155,Can't Lose Them
1776919,2017-09-03,1267,2,1394.72,1,4,2,3,142,At Risk
1777022,2020-05-21,276,5,6636.17,5,5,4,4,554,Loyal Customers
1777025,2020-05-22,275,2,2988.71,5,4,3,4,543,Loyal Customers
1777218,2018-12-22,792,4,7396.41,2,5,4,4,254,At Risk
1777562,2018-06-24,973,1,1661.8500000000001,1,2,2,2,122,Lost
1777744,2019-11-23,456,3,5858.65,3,5,4,4,354,Loyal Customers
1777880,2018-05-29,999,2,6827.97,1,4,4,4,144,Can't Lose Them
1777945,2020-01-03,415,2,590.7,4,4,1,2,441,Potential Loyalists
1778037,2017-12-21,1158,1,1340.0,1,2,2,2,122,Lost
1778116,2018-11-24,820,2,679.98,2,4,1,2,241,About To Sleep
1778182,2019-06-20,612,1,501.96000000000004,2,2,1,2,221,About To Sleep
1778282,2019-01-31,752,3,12817.61,2,5,5,5,255,Can't Lose Them
1778294,2019-08-28,543,2,1371.3400000000001,3,4,2,3,342,Need Attention
1778317,2020-11-21,92,3,3377.52,5,5,3,4,553,Loyal Customers
1778440,2021-01-02,50,5,14921.93,5,5,5,5,555,Champions
1778475,2019-12-21,428,1,1868.0800000000002,4,2,2,2,422,Potential Loyalists
1778536,2020-02-21,366,4,8606.91,4,5,5,5,455,Champions
1778618,2020-01-13,405,3,22932.88,4,5,5,5,455,Champions
1778793,2018-10-05,870,1,2672.81,2,2,3,2,223,About To Sleep
1778966,2020-02-18,369,1,59.99,4,2,1,2,421,Potential Loyalists
1779456,2019-11-21,458,1,4132.97,3,2,4,3,324,Need Attention
1779533,2019-09-23,517,4,5170.46,3,5,4,4,354,Loyal Customers
1779637,2019-10-24,486,3,3847.03,3,5,3,4,353,Loyal Customers
1779884,2018-08-18,918,1,898.99,1,2,2,2,122,Lost
1780040,2019-11-14,465,4,32975.15,3,5,5,5,355,Loyal Customers
1780047,2020-08-15,190,2,1158.97,5,4,2,3,542,Potential Loyalists
1780125,2021-02-13,8,3,6834.0199999999995,5,5,4,4,554,Loyal Customers
1780196,2019-01-02,781,1,1668.04,2,2,2,2,222,About To Sleep
1780221,2020-11-17,96,5,4492.93,5,5,4,4,554,Loyal Customers
1780342,2020-06-04,262,1,298.95000000000005,5,2,1,2,521,Potential Loyalists
1780349,2019-11-23,456,3,5735.42,3,5,4,4,354,Loyal Customers
1780459,2019-02-02,750,2,4319.32,2,4,4,4,244,At Risk
1780660,2017-01-03,1510,1,1184.97,1,2,2,2,122,Lost
1780669,2019-01-15,768,4,27359.55,2,5,5,5,255,Can't Lose Them
1780687,2020-01-16,402,3,7096.039999999999,4,5,4,4,454,Loyal Customers
1780707,2019-10-10,500,2,5426.0,3,4,4,4,344,Loyal Customers
1781002,2017-09-13,1257,1,5036.98,1,2,4,3,124,At Risk
1781033,2019-08-17,554,4,9798.279999999999,3,5,5,5,355,Loyal Customers
1781366,2016-06-18,1709,1,6922.66,1,2,4,3,124,At Risk
1781561,2019-02-26,726,3,1944.26,2,5,2,4,252,At Risk
1781953,2020-10-08,136,4,4908.17,5,5,4,4,554,Loyal Customers
1782074,2021-01-21,31,5,9639.77,5,5,5,5,555,Champions
1782076,2016-02-24,1824,1,3668.0,1,2,3,2,123,Lost
1782301,2020-09-05,169,3,5579.53,5,5,4,4,554,Loyal Customers
1782404,2019-03-09,715,1,16.5,2,2,1,2,221,About To Sleep
1782452,2019-12-30,419,4,11993.9,4,5,5,5,455,Champions
1782682,2019-12-11,438,4,13309.09,3,5,5,5,355,Loyal Customers
1783167,2019-10-10,500,4,6300.46,3,5,4,4,354,Loyal Customers
1783253,2019-07-03,599,2,1653.94,3,4,2,3,342,Need Attention
1783443,2020-01-08,410,4,6821.72,4,5,4,4,454,Loyal Customers
1783597,2019-03-04,720,3,3514.74,2,5,3,4,253,At Risk
1783631,2021-02-20,1,3,5336.57,5,5,4,4,554,Loyal Customers
1783789,2019-02-16,736,1,2082.8,2,2,2,2,222,About To Sleep
1783995,2018-10-27,848,2,3097.0,2,4,3,4,243,At Risk
1783996,2019-07-19,583,3,5090.57,3,5,4,4,354,Loyal Customers
1784345,2016-11-24,1550,1,7734.0,1,2,5,4,125,Can't Lose Them
1784417,2020-10-27,117,2,2486.31,5,4,3,4,543,Loyal Customers
1784511,2018-11-10,834,1,2494.1800000000003,2,2,3,2,223,About To Sleep
1784517,2021-01-02,50,5,7041.93,5,5,4,4,554,Loyal Customers
1784567,2020-05-09,288,2,386.89,5,4,1,2,541,Potential Loyalists
1784590,2018-11-30,814,3,4626.46,2,5,4,4,254,At Risk
1784636,2019-12-16,433,2,1284.45,4,4,2,3,442,Loyal Customers
1784986,2020-12-29,54,4,3148.17,5,5,3,4,553,Loyal Customers
1785081,2019-05-02,661,1,88.62,2,2,1,2,221,About To Sleep
1785366,2019-06-26,606,1,519.98,3,2,1,2,321,Need Attention
1785567,2019-12-31,418,6,8898.19,4,5,5,5,455,Champions
1785644,2021-01-26,26,7,11769.99,5,5,5,5,555,Champions
1785720,2020-01-15,403,3,3098.94,4,5,3,4,453,Loyal Customers
1785735,2019-12-27,422,4,8212.84,4,5,5,5,455,Champions
1785853,2018-10-18,857,3,3926.98,2,5,3,4,253,At Risk
1785982,2020-06-13,253,3,7345.5,5,5,4,4,554,Loyal Customers
1787415,2020-12-08,75,2,5535.97,5,4,4,4,544,Loyal Customers
1787494,2016-08-24,1642,1,1148.97,1,2,2,2,122,Lost
1788027,2019-11-05,474,1,1582.0,3,2,2,2,322,Need Attention
1788149,2020-08-08,197,2,13119.74,5,4,5,4,545,Loyal Customers
1788303,2017-03-17,1437,1,3766.0,1,2,3,2,123,Lost
1788365,2019-12-05,444,3,1484.76,3,5,2,4,352,Loyal Customers
1788641,2019-10-19,491,4,15433.33,3,5,5,5,355,Loyal Customers
1788837,2020-06-11,255,2,7613.429999999999,5,4,5,4,545,Loyal Customers
1788888,2019-07-11,591,2,6997.84,3,4,4,4,344,Loyal Customers
1789606,2018-12-26,788,3,5009.96,2,5,4,4,254,At Risk
1789699,2020-06-29,237,6,19728.64,5,5,5,5,555,Champions
1789789,2020-01-09,409,3,4321.599999999999,4,5,4,4,454,Loyal Customers
1789839,2016-09-05,1630,1,3205.25,1,2,3,2,123,Lost
1789996,2020-01-03,415,4,5608.59,4,5,4,4,454,Loyal Customers
1790102,2017-06-24,1338,1,1501.0700000000002,1,2,2,2,122,Lost
1790139,2017-05-25,1368,2,7308.9400000000005,1,4,4,4,144,Can't Lose Them
1790221,2019-09-30,510,2,1930.3799999999999,3,4,2,3,342,Need Attention
1790366,2019-10-26,484,4,8746.1,3,5,5,5,355,Loyal Customers
1790382,2019-12-14,435,1,219.95,3,2,1,2,321,Need Attention
1790385,2019-09-21,519,4,3076.74,3,5,3,4,353,Loyal Customers
1790410,2018-02-16,1101,1,2810.45,1,2,3,2,123,Lost
1790439,2018-07-02,965,2,3789.95,1,4,3,4,143,Can't Lose Them
1790446,2020-05-09,288,3,3064.55,5,5,3,4,553,Loyal Customers
1790540,2020-06-16,250,3,4046.55,5,5,3,4,553,Loyal Customers
1790575,2017-02-18,1464,2,3377.25,1,4,3,4,143,Can't Lose Them
1790611,2019-08-03,568,2,6517.63,3,4,4,4,344,Loyal Customers
1790883,2020-02-15,372,3,8200.04,4,5,5,5,455,Champions
1791044,2020-09-28,146,6,6757.38,5,5,4,4,554,Loyal Customers
1791069,2019-11-23,456,3,1995.84,3,5,2,4,352,Loyal Customers
1791133,2018-11-30,814,1,1048.99,2,2,2,2,222,About To Sleep
1791157,2020-01-08,410,1,132.99,4,2,1,2,421,Potential Loyalists
1791454,2019-12-21,428,2,4956.26,4,4,4,4,444,Loyal Customers
1791691,2018-10-16,859,1,236.06,2,2,1,2,221,About To Sleep
1792010,2020-02-06,381,3,3319.61,4,5,3,4,453,Loyal Customers
1792062,2018-08-08,928,1,3301.28,1,2,3,2,123,Lost
1792273,2018-02-09,1108,2,664.76,1,4,1,2,141,Lost
1792421,2019-05-04,659,4,2952.36,2,5,3,4,253,At Risk
1792455,2018-04-30,1028,1,864.0,1,2,2,2,122,Lost
1792550,2019-01-24,759,3,7480.91,2,5,4,4,254,At Risk
1792653,2019-01-16,767,1,580.0,2,2,1,2,221,About To Sleep
1792688,2020-02-27,360,4,5812.32,4,5,4,4,454,Loyal Customers
1792707,2020-06-07,259,4,6942.97,5,5,4,4,554,Loyal Customers
1792947,2017-06-10,1352,2,1097.67,1,4,2,3,142,At Risk
1793136,2019-05-25,638,1,6302.9400000000005,2,2,4,3,224,At Risk
1793197,2019-01-26,757,2,6816.85,2,4,4,4,244,At Risk
1793240,2018-10-22,853,2,7083.500000000001,2,4,4,4,244,At Risk
1793371,2019-02-28,724,1,2199.17,2,2,3,2,223,About To Sleep
1793467,2019-11-26,453,2,2221.96,3,4,3,4,343,Loyal Customers
1794593,2021-01-21,31,3,969.4200000000001,5,5,2,4,552,Loyal Customers
1794768,2018-08-18,918,1,129.9,1,2,1,2,121,Lost
1794796,2020-12-22,61,3,4144.13,5,5,4,4,554,Loyal Customers
1794860,2018-01-01,1147,1,8147.52,1,2,5,4,125,Can't Lose Them
1794922,2019-12-27,422,3,12242.949999999999,4,5,5,5,455,Champions
1795078,2018-12-10,804,1,7039.46,2,2,4,3,224,At Risk
1795387,2020-02-29,358,1,1822.5700000000002,4,2,2,2,422,Potential Loyalists
1795527,2016-07-28,1669,1,798.97,1,2,1,2,121,Lost
1795690,2020-06-26,240,5,5393.63,5,5,4,4,554,Loyal Customers
1795837,2019-09-26,514,4,711.9300000000001,3,5,1,3,351,Need Attention
1795866,2019-10-12,498,1,199.99,3,2,1,2,321,Need Attention
1796158,2020-02-10,377,1,3021.84,4,2,3,2,423,Potential Loyalists
1796189,2019-10-31,479,3,13676.189999999999,3,5,5,5,355,Loyal Customers
1796196,2020-05-06,291,1,1103.8899999999999,5,2,2,2,522,Potential Loyalists
1796381,2019-08-28,543,1,6752.7,3,2,4,3,324,Need Attention
1796733,2019-09-07,533,3,8459.08,3,5,5,5,355,Loyal Customers
1796950,2019-11-04,475,3,8218.77,3,5,5,5,355,Loyal Customers
1797082,2019-06-04,628,1,920.0,2,2,2,2,222,About To Sleep
1797122,2020-01-23,395,1,205.0,4,2,1,2,421,Potential Loyalists
1797235,2019-03-04,720,3,1834.96,2,5,2,4,252,At Risk
1797536,2019-10-16,494,2,1398.7,3,4,2,3,342,Need Attention
1797850,2018-07-28,939,3,12685.66,1,5,5,5,155,Can't Lose Them
1797885,2020-02-03,384,1,5410.9,4,2,4,3,424,Loyal Customers
1798806,2019-08-30,541,4,4417.15,3,5,4,4,354,Loyal Customers
1798962,2017-02-09,1473,1,188.0,1,2,1,2,121,Lost
1798993,2018-09-26,879,1,101.4,1,2,1,2,121,Lost
1799269,2021-01-14,38,5,8110.87,5,5,5,5,555,Champions
1799542,2018-10-01,874,2,1723.21,2,4,2,3,242,At Risk
1799621,2020-07-04,232,2,802.88,5,4,1,2,541,Potential Loyalists
1799821,2019-11-08,471,3,4162.99,3,5,4,4,354,Loyal Customers
1800131,2020-03-09,349,6,11658.07,4,5,5,5,455,Champions
1800201,2018-11-23,821,1,1605.8000000000002,2,2,2,2,222,About To Sleep
1800672,2020-05-02,295,1,2583.29,5,2,3,2,523,Potential Loyalists
1800716,2018-10-03,872,2,917.98,2,4,2,3,242,At Risk
1800847,2020-01-17,401,2,931.89,4,4,2,3,442,Loyal Customers
1801025,2018-12-29,785,1,652.0,2,2,1,2,221,About To Sleep
1801198,2018-12-23,791,4,4160.27,2,5,4,4,254,At Risk
1801318,2019-03-09,715,1,1390.0,2,2,2,2,222,About To Sleep
1801478,2020-07-21,215,2,855.21,5,4,2,3,542,Potential Loyalists
1801831,2020-09-08,166,5,7169.18,5,5,4,4,554,Loyal Customers
1801975,2020-02-07,380,4,2963.27,4,5,3,4,453,Loyal Customers
1802049,2020-08-06,199,2,1602.83,5,4,2,3,542,Potential Loyalists
1802052,2019-06-27,605,3,17162.5,3,5,5,5,355,Loyal Customers
1802074,2019-02-18,734,1,6371.5,2,2,4,3,224,At Risk
1802110,2020-02-28,359,4,10992.74,4,5,5,5,455,Champions
1802396,2017-07-01,1331,1,1497.0,1,2,2,2,122,Lost
1802406,2020-02-04,383,2,3459.13,4,4,3,4,443,Loyal Customers
1802602,2019-12-21,428,2,1296.8,4,4,2,3,442,Loyal Customers
1802632,2020-05-08,289,1,2085.9300000000003,5,2,2,2,522,Potential Loyalists
1802872,2020-09-19,155,4,4532.47,5,5,4,4,554,Loyal Customers
1803087,2019-08-09,562,2,3897.14,3,4,3,4,343,Loyal Customers
1803130,2019-07-08,594,1,1751.0,3,2,2,2,322,Need Attention
1803140,2019-10-24,486,2,8854.51,3,4,5,4,345,Loyal Customers
1803346,2019-02-14,738,3,12409.47,2,5,5,5,255,Can't Lose Them
1803392,2018-11-22,822,1,473.0,2,2,1,2,221,About To Sleep
1803547,2019-08-24,547,1,354.9,3,2,1,2,321,Need Attention
1803860,2019-09-12,528,2,693.48,3,4,1,2,341,Need Attention
1804459,2019-10-05,505,2,2776.85,3,4,3,4,343,Loyal Customers
1804464,2018-02-23,1094,1,1688.3,1,2,2,2,122,Lost
1804844,2018-11-07,837,2,1803.6000000000001,2,4,2,3,242,At Risk
1804988,2020-02-26,361,1,3317.99,4,2,3,2,423,Potential Loyalists
1805271,2020-09-11,163,2,3543.48,5,4,3,4,543,Loyal Customers
1805297,2019-11-16,463,2,2631.59,3,4,3,4,343,Loyal Customers
1805324,2018-12-27,787,2,1174.8899999999999,2,4,2,3,242,At Risk
1805625,2020-01-27,391,3,11546.630000000001,4,5,5,5,455,Champions
1805674,2020-06-11,255,2,920.17,5,4,2,3,542,Potential Loyalists
1805961,2019-05-30,633,3,6163.9,2,5,4,4,254,At Risk
1806153,2021-01-23,29,3,17535.64,5,5,5,5,555,Champions
1806437,2020-02-14,373,4,8808.24,4,5,5,5,455,Champions
1806460,2018-10-30,845,1,1047.89,2,2,2,2,222,About To Sleep
1806498,2019-08-17,554,3,8505.800000000001,3,5,5,5,355,Loyal Customers
1807158,2020-05-02,295,5,1858.52,5,5,2,4,552,Loyal Customers
1807226,2018-12-25,789,2,742.8800000000001,2,4,1,2,241,About To Sleep
1807423,2021-01-03,49,6,13408.789999999999,5,5,5,5,555,Champions
1807526,2016-12-30,1514,1,20.67,1,2,1,2,121,Lost
1807561,2018-12-29,785,2,8409.62,2,4,5,4,245,At Risk
1807649,2020-02-21,366,9,16738.95,4,5,5,5,455,Champions
1808006,2019-11-21,458,4,5211.71,3,5,4,4,354,Loyal Customers
1808141,2017-12-29,1150,1,1345.7700000000002,1,2,2,2,122,Lost
1808265,2019-06-14,618,4,13310.58,2,5,5,5,255,Can't Lose Them
1808415,2018-08-11,925,1,11046.0,1,2,5,4,125,Can't Lose Them
1808663,2019-07-06,596,1,2952.0,3,2,3,2,323,Need Attention
1808884,2018-08-02,934,2,3576.49,1,4,3,4,143,Can't Lose Them
1809447,2020-02-12,375,2,3414.98,4,4,3,4,443,Loyal Customers
1809495,2020-02-19,368,1,1339.34,4,2,2,2,422,Potential Loyalists
1809642,2018-06-08,989,1,1081.7,1,2,2,2,122,Lost
1809928,2019-08-14,557,3,9817.2,3,5,5,5,355,Loyal Customers
1810121,2020-12-27,56,1,254.79000000000002,5,2,1,2,521,Potential Loyalists
1810207,2019-09-24,516,3,4506.48,3,5,4,4,354,Loyal Customers
1810391,2020-01-04,414,2,477.0,4,4,1,2,441,Potential Loyalists
1810401,2018-07-18,949,2,1206.03,1,4,2,3,142,At Risk
1810547,2019-01-01,782,2,3242.9700000000003,2,4,3,4,243,At Risk
1810728,2020-04-29,298,3,6464.11,5,5,4,4,554,Loyal Customers
1810944,2017-11-04,1205,1,24.36,1,2,1,2,121,Lost
1810957,2019-07-17,585,2,1089.03,3,4,2,3,342,Need Attention
1811110,2018-06-21,976,2,12592.16,1,4,5,4,145,Can't Lose Them
1811222,2019-08-22,549,2,2541.32,3,4,3,4,343,Loyal Customers
1811432,2020-05-01,296,4,7745.69,5,5,5,5,555,Champions
1811434,2019-05-04,659,2,2242.4700000000003,2,4,3,4,243,At Risk
1811452,2020-01-17,401,3,11379.33,4,5,5,5,455,Champions
1811457,2020-05-17,280,3,4905.9400000000005,5,5,4,4,554,Loyal Customers
1811458,2018-08-22,914,2,2220.78,1,4,3,4,143,Can't Lose Them
1811629,2016-10-20,1585,1,5587.33,1,2,4,3,124,At Risk
1811725,2017-03-15,1439,1,4500.64,1,2,4,3,124,At Risk
1811793,2020-02-05,382,1,438.0,4,2,1,2,421,Potential Loyalists
1811849,2019-07-22,580,1,267.0,3,2,1,2,321,Need Attention
1812105,2020-02-25,362,2,1718.34,4,4,2,3,442,Loyal Customers
1812139,2019-10-28,482,2,6268.5,3,4,4,4,344,Loyal Customers
1812290,2019-12-18,431,3,5403.9,4,5,4,4,454,Loyal Customers
1812572,2016-07-07,1690,1,5102.68,1,2,4,3,124,At Risk
1812851,2017-06-10,1352,1,536.0,1,2,1,2,121,Lost
1812932,2020-04-29,298,1,7048.85,5,2,4,3,524,Potential Loyalists
1813010,2018-03-05,1084,2,2928.28,1,4,3,4,143,Can't Lose Them
1813454,2018-09-22,883,4,11138.67,1,5,5,5,155,Can't Lose Them
1813480,2021-01-02,50,5,19513.34,5,5,5,5,555,Champions
1813536,2017-12-23,1156,1,2415.2,1,2,3,2,123,Lost
1813538,2020-03-13,345,5,12161.47,4,5,5,5,455,Champions
1813551,2020-01-04,414,1,1562.54,4,2,2,2,422,Potential Loyalists
1813883,2019-09-26,514,1,2127.92,3,2,2,2,322,Need Attention
1813898,2019-02-20,732,1,1618.0,2,2,2,2,222,About To Sleep
1813998,2021-01-05,47,3,6603.26,5,5,4,4,554,Loyal Customers
1814002,2019-02-26,726,3,9156.29,2,5,5,5,255,Can't Lose Them
1814198,2020-05-28,269,4,6360.450000000001,5,5,4,4,554,Loyal Customers
1814434,2019-07-26,576,4,10110.68,3,5,5,5,355,Loyal Customers
1814480,2019-05-25,638,1,32.0,2,2,1,2,221,About To Sleep
1814733,2020-06-29,237,3,6025.62,5,5,4,4,554,Loyal Customers
1814968,2019-10-24,486,5,9279.3,3,5,5,5,355,Loyal Customers
1815207,2019-01-04,779,1,691.5,2,2,1,2,221,About To Sleep
1815320,2020-12-15,68,2,4752.94,5,4,4,4,544,Loyal Customers
1815456,2020-01-15,403,8,17732.9,4,5,5,5,455,Champions
1815871,2020-02-10,377,3,5029.360000000001,4,5,4,4,454,Loyal Customers
1815874,2017-03-10,1444,1,593.88,1,2,1,2,121,Lost
1815919,2020-12-31,52,2,923.5,5,4,2,3,542,Potential Loyalists
1816024,2019-08-15,556,2,3055.75,3,4,3,4,343,Loyal Customers
1816077,2020-04-29,298,1,649.8,5,2,1,2,521,Potential Loyalists
1816342,2021-02-04,17,5,14834.25,5,5,5,5,555,Champions
1816681,2020-02-15,372,4,5232.9,4,5,4,4,454,Loyal Customers
1816741,2020-03-10,348,4,5078.66,4,5,4,4,454,Loyal Customers
1816984,2018-08-29,907,1,2823.9300000000003,1,2,3,2,123,Lost
1816999,2021-02-03,18,2,4863.37,5,4,4,4,544,Loyal Customers
1817382,2019-03-09,715,3,2686.2200000000003,2,5,3,4,253,At Risk
1817444,2019-07-03,599,1,3446.98,3,2,3,2,323,Need Attention
1817680,2019-01-22,761,4,965.96,2,5,2,4,252,At Risk
1817900,2020-11-14,99,2,2728.03,5,4,3,4,543,Loyal Customers
1818102,2019-10-09,501,6,35806.189999999995,3,5,5,5,355,Loyal Customers
1818186,2020-03-14,344,2,755.9200000000001,5,4,1,2,541,Potential Loyalists
1818370,2020-08-22,183,5,14247.35,5,5,5,5,555,Champions
1818629,2020-01-02,416,1,480.0,4,2,1,2,421,Potential Loyalists
1818632,2020-01-25,393,2,3290.1,4,4,3,4,443,Loyal Customers
1819014,2016-11-21,1553,1,155.36,1,2,1,2,121,Lost
1819071,2017-11-14,1195,1,1282.37,1,2,2,2,122,Lost
1819146,2020-02-01,386,4,8043.65,4,5,5,5,455,Champions
1819180,2019-10-24,486,1,402.75,3,2,1,2,321,Need Attention
1819252,2020-02-21,366,6,25269.02,4,5,5,5,455,Champions
1819268,2019-03-02,722,4,2050.9700000000003,2,5,2,4,252,At Risk
1819547,2020-03-11,347,4,5238.29,4,5,4,4,454,Loyal Customers
1819713,2020-02-05,382,3,7062.18,4,5,4,4,454,Loyal Customers
1819731,2019-05-29,634,1,559.96,2,2,1,2,221,About To Sleep
1820216,2016-10-22,1583,1,2689.99,1,2,3,2,123,Lost
1820236,2018-02-16,1101,2,679.12,1,4,1,2,141,Lost
1820245,2019-11-08,471,4,1149.88,3,5,2,4,352,Loyal Customers
1820327,2020-02-17,370,4,3595.8900000000003,4,5,3,4,453,Loyal Customers
1820377,2020-09-25,149,2,10321.27,5,4,5,4,545,Loyal Customers
1820462,2020-08-22,183,3,2069.78,5,5,2,4,552,Loyal Customers
1820906,2017-03-03,1451,1,1854.05,1,2,2,2,122,Lost
1820936,2020-06-11,255,2,5831.98,5,4,4,4,544,Loyal Customers
1821386,2019-12-31,418,5,5129.73,4,5,4,4,454,Loyal Customers
1821463,2019-09-17,523,4,5853.53,3,5,4,4,354,Loyal Customers
1822089,2019-01-05,778,4,6440.78,2,5,4,4,254,At Risk
1822172,2019-09-21,519,5,8082.400000000001,3,5,5,5,355,Loyal Customers
1822685,2020-03-07,351,7,16656.33,4,5,5,5,455,Champions
1823278,2019-01-31,752,4,7033.43,2,5,4,4,254,At Risk
1823386,2018-12-15,799,1,2555.95,2,2,3,2,223,About To Sleep
1823649,2020-05-16,281,4,5290.92,5,5,4,4,554,Loyal Customers
1823848,2017-12-05,1174,1,8207.0,1,2,5,4,125,Can't Lose Them
1823888,2019-12-05,444,4,14391.9,3,5,5,5,355,Loyal Customers
1824297,2017-05-02,1391,2,7715.29,1,4,5,4,145,Can't Lose Them
1824381,2020-01-18,400,4,11813.56,4,5,5,5,455,Champions
1824698,2018-06-02,995,2,1676.75,1,4,2,3,142,At Risk
1825107,2019-05-17,646,3,1914.8600000000001,2,5,2,4,252,At Risk
1825407,2019-10-29,481,3,4016.66,3,5,3,4,353,Loyal Customers
1825416,2018-12-18,796,1,3935.66,2,2,3,2,223,About To Sleep
1825586,2020-12-26,57,1,1560.0,5,2,2,2,522,Potential Loyalists
1825775,2021-02-19,2,1,1536.96,5,2,2,2,522,Potential Loyalists
1825918,2018-02-19,1098,2,4560.92,1,4,4,4,144,Can't Lose Them
1825948,2020-12-24,59,2,1980.5600000000002,5,4,2,3,542,Potential Loyalists
1826200,2020-05-08,289,4,4710.0,5,5,4,4,554,Loyal Customers
1826355,2018-11-22,822,3,15863.76,2,5,5,5,255,Can't Lose Them
1826392,2019-06-22,610,2,1108.9,2,4,2,3,242,At Risk
1826459,2020-05-11,286,3,6590.35,5,5,4,4,554,Loyal Customers
1826486,2019-12-10,439,1,2893.0,3,2,3,2,323,Need Attention
1826576,2017-10-07,1233,1,1652.19,1,2,2,2,122,Lost
1826676,2017-07-20,1312,2,6121.0,1,4,4,4,144,Can't Lose Them
1826756,2020-07-17,219,2,2905.45,5,4,3,4,543,Loyal Customers
1826940,2020-01-04,414,2,3564.95,4,4,3,4,443,Loyal Customers
1826964,2019-10-04,506,1,1810.7,3,2,2,2,322,Need Attention
1826974,2019-12-30,419,1,323.4,4,2,1,2,421,Potential Loyalists
1827075,2018-05-23,1005,1,1198.98,1,2,2,2,122,Lost
1827136,2019-12-26,423,2,7943.72,4,4,5,4,445,Loyal Customers
1827243,2019-12-30,419,5,11051.65,4,5,5,5,455,Champions
1827725,2021-01-30,22,2,5231.099999999999,5,4,4,4,544,Loyal Customers
1827746,2019-12-26,423,2,2891.8900000000003,4,4,3,4,443,Loyal Customers
1827824,2020-07-02,234,1,4138.84,5,2,4,3,524,Potential Loyalists
1827897,2020-03-05,353,2,4507.58,4,4,4,4,444,Loyal Customers
1828009,2020-02-08,379,1,1698.0,4,2,2,2,422,Potential Loyalists
1828240,2020-02-15,372,2,309.57,4,4,1,2,441,Potential Loyalists
1828585,2019-07-16,586,2,4594.35,3,4,4,4,344,Loyal Customers
1828761,2019-11-09,470,2,15856.88,3,4,5,4,345,Loyal Customers
1828828,2020-05-21,276,2,2423.98,5,4,3,4,543,Loyal Customers
1828948,2017-02-17,1465,1,1964.85,1,2,2,2,122,Lost
1829007,2019-07-06,596,6,13069.95,3,5,5,5,355,Loyal Customers
1829128,2019-03-12,712,1,229.9,2,2,1,2,221,About To Sleep
1829280,2020-11-20,93,4,9968.93,5,5,5,5,555,Champions
1829393,2020-04-25,302,3,5343.13,5,5,4,4,554,Loyal Customers
1829833,2020-02-20,367,3,5574.49,4,5,4,4,454,Loyal Customers
1829841,2016-04-28,1760,1,6552.0,1,2,4,3,124,At Risk
1830019,2016-09-23,1612,2,27973.95,1,4,5,4,145,Can't Lose Them
1830222,2018-06-04,993,1,892.41,1,2,2,2,122,Lost
1830367,2019-08-17,554,4,6113.45,3,5,4,4,354,Loyal Customers
1830423,2019-10-24,486,2,1544.0,3,4,2,3,342,Need Attention
1830633,2019-09-21,519,2,3808.79,3,4,3,4,343,Loyal Customers
1830954,2020-03-02,356,3,1955.3200000000002,4,5,2,4,452,Loyal Customers
1831168,2018-07-02,965,2,9441.88,1,4,5,4,145,Can't Lose Them
1831399,2020-08-06,199,3,6935.66,5,5,4,4,554,Loyal Customers
1831518,2020-12-24,59,3,2474.44,5,5,3,4,553,Loyal Customers
1831770,2021-02-16,5,2,1738.4,5,4,2,3,542,Potential Loyalists
1832086,2018-12-03,811,3,27282.71,2,5,5,5,255,Can't Lose Them
1832245,2018-01-06,1142,1,64.0,1,2,1,2,121,Lost
1832998,2019-12-21,428,3,7677.79,4,5,5,5,455,Champions
1833076,2018-12-25,789,2,7035.83,2,4,4,4,244,At Risk
1833178,2019-05-04,659,1,959.92,2,2,2,2,222,About To Sleep
1833206,2019-10-09,501,2,8023.03,3,4,5,4,345,Loyal Customers
1833460,2020-02-21,366,7,21748.08,4,5,5,5,455,Champions
1833503,2020-08-27,178,4,4180.59,5,5,4,4,554,Loyal Customers
1833543,2020-09-12,162,4,8084.63,5,5,5,5,555,Champions
1833615,2019-02-19,733,2,10762.23,2,4,5,4,245,At Risk
1834034,2020-02-18,369,2,4166.48,4,4,4,4,444,Loyal Customers
1834262,2019-12-02,447,3,11227.45,3,5,5,5,355,Loyal Customers
1834499,2019-05-09,654,2,1686.32,2,4,2,3,242,At Risk
1834516,2020-01-06,412,3,8349.46,4,5,5,5,455,Champions
1834537,2019-10-10,500,2,989.13,3,4,2,3,342,Need Attention
1834579,2019-09-17,523,4,3585.94,3,5,3,4,353,Loyal Customers
1834801,2020-07-06,230,2,6138.82,5,4,4,4,544,Loyal Customers
1834856,2020-03-07,351,1,3437.85,4,2,3,2,423,Potential Loyalists
1835239,2019-12-10,439,1,7253.74,3,2,4,3,324,Need Attention
1835506,2020-06-09,257,2,6263.9,5,4,4,4,544,Loyal Customers
1835626,2020-02-28,359,3,10301.4,4,5,5,5,455,Champions
1835733,2019-05-25,638,1,4056.0,2,2,3,2,223,About To Sleep
1835849,2021-01-07,45,3,2332.9,5,5,3,4,553,Loyal Customers
1836280,2020-01-30,388,3,9420.76,4,5,5,5,455,Champions
1836318,2020-02-07,380,3,5710.2,4,5,4,4,454,Loyal Customers
1836410,2020-02-18,369,3,9400.85,4,5,5,5,455,Champions
1836599,2016-01-02,1877,1,280.53,1,2,1,2,121,Lost
1836932,2021-02-02,19,2,1337.72,5,4,2,3,542,Potential Loyalists
1837049,2019-11-23,456,3,5048.31,3,5,4,4,354,Loyal Customers
1837395,2020-12-19,64,3,3905.27,5,5,3,4,553,Loyal Customers
1837602,2016-11-10,1564,1,1176.0,1,2,2,2,122,Lost
1837603,2018-09-24,881,1,1843.94,1,2,2,2,122,Lost
1837627,2019-02-19,733,2,3861.41,2,4,3,4,243,At Risk
1837766,2020-06-13,253,2,1489.85,5,4,2,3,542,Potential Loyalists
1838770,2019-10-09,501,1,13.98,3,2,1,2,321,Need Attention
1838798,2016-12-14,1530,1,1107.25,1,2,2,2,122,Lost
1838833,2019-03-08,716,3,6616.18,2,5,4,4,254,At Risk
1838885,2018-12-18,796,1,544.3,2,2,1,2,221,About To Sleep
1838893,2019-10-12,498,4,8704.56,3,5,5,5,355,Loyal Customers
1839336,2019-03-08,716,3,7147.55,2,5,4,4,254,At Risk
1839627,2020-06-27,239,4,6808.83,5,5,4,4,554,Loyal Customers
1839784,2018-12-20,794,1,370.67,2,2,1,2,221,About To Sleep
1839909,2018-01-11,1137,1,1812.8400000000001,1,2,2,2,122,Lost
1839940,2019-12-18,431,3,9185.640000000001,4,5,5,5,455,Champions
1840032,2019-12-04,445,1,3586.67,3,2,3,2,323,Need Attention
1840147,2016-05-05,1753,1,5008.99,1,2,4,3,124,At Risk
1840223,2019-11-16,463,2,480.5,3,4,1,2,341,Need Attention
1840260,2020-09-10,164,4,10774.86,5,5,5,5,555,Champions
1840664,2021-02-18,3,3,6256.610000000001,5,5,4,4,554,Loyal Customers
1840835,2019-12-18,431,5,18995.6,4,5,5,5,455,Champions
1841513,2020-09-17,157,3,6233.93,5,5,4,4,554,Loyal Customers
1841548,2019-07-04,598,2,2240.17,3,4,3,4,343,Loyal Customers
1841562,2020-11-28,85,4,9573.220000000001,5,5,5,5,555,Champions
1841571,2020-10-01,143,3,5138.87,5,5,4,4,554,Loyal Customers
1841859,2020-01-10,408,1,4729.889999999999,4,2,4,3,424,Loyal Customers
1842010,2019-01-03,780,1,215.0,2,2,1,2,221,About To Sleep
1842041,2020-09-29,145,1,168.0,5,2,1,2,521,Potential Loyalists
1842058,2018-11-06,838,1,610.69,2,2,1,2,221,About To Sleep
1842116,2019-01-12,771,2,1388.93,2,4,2,3,242,At Risk
1842350,2019-05-13,650,2,7921.84,2,4,5,4,245,At Risk
1842475,2021-02-18,3,1,293.0,5,2,1,2,521,Potential Loyalists
1842526,2017-01-25,1488,1,3690.0,1,2,3,2,123,Lost
1842681,2019-02-01,751,4,8334.67,2,5,5,5,255,Can't Lose Them
1842847,2019-02-21,731,1,4006.4,2,2,3,2,223,About To Sleep
1842942,2021-02-16,5,5,21647.24,5,5,5,5,555,Champions
1843033,2017-06-03,1359,2,12639.59,1,4,5,4,145,Can't Lose Them
1843318,2019-12-12,437,4,4620.34,3,5,4,4,354,Loyal Customers
1843621,2018-11-28,816,2,7415.34,2,4,4,4,244,At Risk
1843636,2021-02-17,4,3,10078.81,5,5,5,5,555,Champions
1843729,2017-11-02,1207,1,297.0,1,2,1,2,121,Lost
1843780,2019-05-24,639,2,4254.87,2,4,4,4,244,At Risk
1843882,2020-09-28,146,6,12084.45,5,5,5,5,555,Champions
1844148,2020-02-06,381,1,1302.68,4,2,2,2,422,Potential Loyalists
1844416,2021-02-13,8,2,3415.79,5,4,3,4,543,Loyal Customers
1844682,2017-07-20,1312,1,1830.0,1,2,2,2,122,Lost
1845069,2020-12-31,52,6,10834.67,5,5,5,5,555,Champions
1845084,2017-05-13,1380,2,14359.09,1,4,5,4,145,Can't Lose Them
1845277,2020-01-01,417,5,6938.42,4,5,4,4,454,Loyal Customers
1845648,2020-05-06,291,6,12474.62,5,5,5,5,555,Champions
1845770,2019-12-23,426,1,598.9,4,2,1,2,421,Potential Loyalists
1846024,2020-02-13,374,7,17276.63,4,5,5,5,455,Champions
1846325,2019-07-08,594,3,1475.49,3,5,2,4,352,Loyal Customers
1846392,2020-02-27,360,1,517.96,4,2,1,2,421,Potential Loyalists
1846531,2020-05-20,277,3,19425.379999999997,5,5,5,5,555,Champions
1847006,2021-02-10,11,3,5731.129999999999,5,5,4,4,554,Loyal Customers
1847047,2019-11-09,470,3,2596.0,3,5,3,4,353,Loyal Customers
1847562,2019-12-27,422,2,9750.33,4,4,5,4,445,Loyal Customers
1847709,2019-10-08,502,3,8390.869999999999,3,5,5,5,355,Loyal Customers
1848290,2020-09-29,145,5,6811.35,5,5,4,4,554,Loyal Customers
1848327,2020-07-02,234,5,8282.04,5,5,5,5,555,Champions
1848442,2018-01-04,1144,2,6189.97,1,4,4,4,144,Can't Lose Them
1848729,2020-10-05,139,6,10762.82,5,5,5,5,555,Champions
1848776,2019-10-15,495,1,3439.6,3,2,3,2,323,Need Attention
1849306,2020-07-07,229,8,19204.32,5,5,5,5,555,Champions
1849364,2018-01-06,1142,1,4499.97,1,2,4,3,124,At Risk
1849584,2020-02-12,375,3,10728.15,4,5,5,5,455,Champions
1849625,2019-11-30,449,2,6007.84,3,4,4,4,344,Loyal Customers
1849661,2019-12-24,425,4,6942.389999999999,4,5,4,4,454,Loyal Customers
1849831,2020-06-28,238,2,3233.99,5,4,3,4,543,Loyal Customers
1850237,2018-06-09,988,1,3126.4,1,2,3,2,123,Lost
1850415,2019-10-17,493,4,7743.2,3,5,5,5,355,Loyal Customers
1851066,2019-06-15,617,1,3040.0,2,2,3,2,223,About To Sleep
1851335,2019-12-13,436,3,3150.76,3,5,3,4,353,Loyal Customers
1851698,2020-08-11,194,5,11622.74,5,5,5,5,555,Champions
1851881,2020-12-05,78,4,12727.83,5,5,5,5,555,Champions
1851889,2018-09-06,899,1,767.98,1,2,1,2,121,Lost
1851932,2021-01-12,40,2,356.93,5,4,1,2,541,Potential Loyalists
1852515,2019-12-28,421,4,11165.14,4,5,5,5,455,Champions
1852635,2020-08-25,180,6,14887.34,5,5,5,5,555,Champions
1853071,2019-10-15,495,4,3541.97,3,5,3,4,353,Loyal Customers
1853111,2020-01-16,402,1,1367.8799999999999,4,2,2,2,422,Potential Loyalists
1853113,2019-05-16,647,3,2574.72,2,5,3,4,253,At Risk
1853251,2018-01-02,1146,2,3917.75,1,4,3,4,143,Can't Lose Them
1853279,2021-01-07,45,2,4542.5,5,4,4,4,544,Loyal Customers
1853561,2019-12-28,421,1,2938.4,4,2,3,2,423,Potential Loyalists
1853633,2018-10-25,850,1,1511.96,2,2,2,2,222,About To Sleep
1853699,2020-09-03,171,2,479.89,5,4,1,2,541,Potential Loyalists
1854194,2020-05-10,287,2,2635.6,5,4,3,4,543,Loyal Customers
1854270,2020-06-24,242,5,5723.23,5,5,4,4,554,Loyal Customers
1854450,2019-09-11,529,2,1802.03,3,4,2,3,342,Need Attention
1854563,2020-09-26,148,6,25834.6,5,5,5,5,555,Champions
1854577,2019-11-07,472,6,3951.04,3,5,3,4,353,Loyal Customers
1854760,2016-05-24,1734,1,1739.94,1,2,2,2,122,Lost
1854956,2020-03-07,351,3,9078.560000000001,4,5,5,5,455,Champions
1855046,2020-05-28,269,2,45.38,5,4,1,2,541,Potential Loyalists
1855193,2016-05-31,1727,1,708.0,1,2,1,2,121,Lost
1855347,2019-09-10,530,5,11059.96,3,5,5,5,355,Loyal Customers
1855461,2020-08-10,195,1,539.97,5,2,1,2,521,Potential Loyalists
1855661,2020-02-17,370,2,7763.72,4,4,5,4,445,Loyal Customers
1855763,2020-03-11,347,5,11933.32,4,5,5,5,455,Champions
1855892,2019-01-09,774,4,7897.11,2,5,5,5,255,Can't Lose Them
1855926,2020-07-09,227,2,889.83,5,4,2,3,542,Potential Loyalists
1855974,2019-05-30,633,3,3376.91,2,5,3,4,253,At Risk
1856073,2019-05-16,647,1,179.89999999999998,2,2,1,2,221,About To Sleep
1856165,2020-12-30,53,2,2595.55,5,4,3,4,543,Loyal Customers
1856221,2017-07-19,1313,2,13926.31,1,4,5,4,145,Can't Lose Them
1856367,2019-11-22,457,1,356.0,3,2,1,2,321,Need Attention
1856429,2019-09-04,536,3,2521.77,3,5,3,4,353,Loyal Customers
1856634,2019-05-20,643,2,918.78,2,4,2,3,242,At Risk
1856690,2017-02-12,1470,1,2494.9700000000003,1,2,3,2,123,Lost
1856828,2019-08-31,540,1,690.0,3,2,1,2,321,Need Attention
1857129,2020-02-29,358,6,6202.48,4,5,4,4,454,Loyal Customers
1857436,2020-02-01,386,3,5488.4400000000005,4,5,4,4,454,Loyal Customers
1857461,2016-02-17,1831,1,49.8,1,2,1,2,121,Lost
1857519,2020-03-02,356,3,4370.78,4,5,4,4,454,Loyal Customers
1857819,2018-05-29,999,1,50.0,1,2,1,2,121,Lost
1857865,2019-05-22,641,3,2104.87,2,5,2,4,252,At Risk
1857896,2019-05-25,638,4,4080.19,2,5,4,4,254,At Risk
1857984,2017-08-30,1271,2,2814.8599999999997,1,4,3,4,143,Can't Lose Them
1858251,2020-07-16,220,5,12666.07,5,5,5,5,555,Champions
1858284,2019-07-12,590,1,725.89,3,2,1,2,321,Need Attention
1858292,2020-02-13,374,4,2673.31,4,5,3,4,453,Loyal Customers
1858660,2019-12-24,425,5,5908.95,4,5,4,4,454,Loyal Customers
1858665,2021-02-19,2,5,17595.59,5,5,5,5,555,Champions
1858814,2019-11-30,449,3,7541.96,3,5,5,5,355,Loyal Customers
1858963,2020-01-01,417,1,1095.59,4,2,2,2,422,Potential Loyalists
1859121,2020-01-18,400,2,962.0,4,4,2,3,442,Loyal Customers
1859167,2019-01-29,754,2,2173.39,2,4,3,4,243,At Risk
1859258,2019-07-31,571,1,6135.21,3,2,4,3,324,Need Attention
1859434,2018-08-16,920,1,1071.67,1,2,2,2,122,Lost
1859603,2019-01-23,760,1,2063.51,2,2,2,2,222,About To Sleep
1859707,2020-10-03,141,2,8865.4,5,4,5,4,545,Loyal Customers
1859740,2019-10-18,492,1,3199.2999999999997,3,2,3,2,323,Need Attention
1859855,2020-05-21,276,1,1844.79,5,2,2,2,522,Potential Loyalists
1859902,2017-05-18,1375,1,1435.99,1,2,2,2,122,Lost
1860085,2020-11-13,100,7,5673.28,5,5,4,4,554,Loyal Customers
1860133,2017-07-07,1325,1,1301.06,1,2,2,2,122,Lost
1860389,2019-02-07,745,2,845.94,2,4,1,2,241,About To Sleep
1860488,2020-07-30,206,9,12310.439999999999,5,5,5,5,555,Champions
1860591,2021-01-01,51,2,7162.49,5,4,4,4,544,Loyal Customers
1860639,2019-08-23,548,1,924.0,3,2,2,2,322,Need Attention
1860642,2020-01-04,414,5,9954.79,4,5,5,5,455,Champions
1861020,2020-05-23,274,5,23874.2,5,5,5,5,555,Champions
1861166,2020-02-19,368,2,4193.97,4,4,4,4,444,Loyal Customers
1861173,2018-12-18,796,2,10295.77,2,4,5,4,245,At Risk
1861290,2020-03-12,346,3,4478.86,4,5,4,4,454,Loyal Customers
1861354,2019-10-11,499,2,2442.9700000000003,3,4,3,4,343,Loyal Customers
1861363,2019-01-01,782,1,1457.0,2,2,2,2,222,About To Sleep
1861576,2019-05-25,638,2,3290.92,2,4,3,4,243,At Risk
1861686,2020-01-21,397,2,357.95,4,4,1,2,441,Potential Loyalists
1861844,2020-05-02,295,5,10410.18,5,5,5,5,555,Champions
1862500,2020-02-29,358,3,9050.4,4,5,5,5,455,Champions
1862520,2019-01-07,776,1,310.0,2,2,1,2,221,About To Sleep
1862524,2019-07-10,592,1,159.99,3,2,1,2,321,Need Attention
1862622,2018-12-27,787,3,7053.48,2,5,4,4,254,At Risk
1862651,2019-12-25,424,3,7553.27,4,5,5,5,455,Champions
1862990,2019-02-15,737,1,5752.58,2,2,4,3,224,At Risk
1863297,2019-11-04,475,2,4346.04,3,4,4,4,344,Loyal Customers
1863384,2018-08-22,914,2,3016.5899999999997,1,4,3,4,143,Can't Lose Them
1863578,2019-12-12,437,3,3532.32,3,5,3,4,353,Loyal Customers
1864354,2020-12-24,59,5,6239.76,5,5,4,4,554,Loyal Customers
1864461,2019-11-15,464,2,2445.0,3,4,3,4,343,Loyal Customers
1864541,2017-06-02,1360,2,1921.21,1,4,2,3,142,At Risk
1864693,2020-06-19,247,2,5058.78,5,4,4,4,544,Loyal Customers
1864772,2020-05-07,290,5,3504.48,5,5,3,4,553,Loyal Customers
1865096,2020-09-19,155,4,7438.18,5,5,4,4,554,Loyal Customers
1865137,2020-01-21,397,2,9839.67,4,4,5,4,445,Loyal Customers
1865183,2019-09-20,520,2,7881.89,3,4,5,4,345,Loyal Customers
1865189,2017-12-26,1153,3,6091.95,1,5,4,4,154,Can't Lose Them
1865278,2018-12-12,802,1,405.98,2,2,1,2,221,About To Sleep
1865305,2020-05-04,293,2,11044.970000000001,5,4,5,4,545,Loyal Customers
1865362,2019-11-22,457,4,4954.01,3,5,4,4,354,Loyal Customers
1865399,2019-10-23,487,4,8510.01,3,5,5,5,355,Loyal Customers
1865461,2017-08-19,1282,1,2842.41,1,2,3,2,123,Lost
1865468,2019-05-13,650,4,2798.98,2,5,3,4,253,At Risk
1865702,2019-02-20,732,3,13564.41,2,5,5,5,255,Can't Lose Them
1865718,2020-05-15,282,6,15195.75,5,5,5,5,555,Champions
1865833,2020-01-25,393,4,7180.51,4,5,4,4,454,Loyal Customers
1865857,2018-07-19,948,1,4391.89,1,2,4,3,124,At Risk
1865927,2018-03-01,1088,1,2747.74,1,2,3,2,123,Lost
1866061,2019-07-06,596,1,95.9,3,2,1,2,321,Need Attention
1866245,2020-02-29,358,4,3474.5999999999995,4,5,3,4,453,Loyal Customers
1866388,2020-02-25,362,6,25112.3,4,5,5,5,455,Champions
1866421,2020-06-29,237,5,5770.51,5,5,4,4,554,Loyal Customers
1866637,2016-10-15,1590,3,6367.62,1,5,4,4,154,Can't Lose Them
1866870,2020-02-26,361,1,6486.4,4,2,4,3,424,Loyal Customers
1867076,2019-06-20,612,2,901.95,2,4,2,3,242,At Risk
1867082,2020-10-29,115,4,2979.87,5,5,3,4,553,Loyal Customers
1867250,2019-08-30,541,2,1328.48,3,4,2,3,342,Need Attention
1867252,2020-02-18,369,3,5657.02,4,5,4,4,454,Loyal Customers
1867338,2021-01-06,46,4,5797.5199999999995,5,5,4,4,554,Loyal Customers
1867408,2019-12-25,424,1,3387.0,4,2,3,2,423,Potential Loyalists
1868016,2020-02-24,363,2,3228.3399999999997,4,4,3,4,443,Loyal Customers
1868176,2020-08-11,194,4,2597.1,5,5,3,4,553,Loyal Customers
1868588,2019-09-20,520,6,14204.23,3,5,5,5,355,Loyal Customers
1869148,2017-11-24,1185,1,1617.93,1,2,2,2,122,Lost
1869336,2020-11-26,87,2,15898.96,5,4,5,4,545,Loyal Customers
1869542,2020-04-25,302,5,7680.3,5,5,5,5,555,Champions
1869574,2019-09-11,529,2,132.9,3,4,1,2,341,Need Attention
1869727,2020-07-07,229,5,8238.69,5,5,5,5,555,Champions
1869800,2021-02-05,16,2,6643.97,5,4,4,4,544,Loyal Customers
1870033,2020-12-26,57,3,1255.74,5,5,2,4,552,Loyal Customers
1870208,2019-08-09,562,3,3793.15,3,5,3,4,353,Loyal Customers
1870226,2018-12-29,785,2,881.8399999999999,2,4,2,3,242,At Risk
1870287,2020-10-03,141,3,4607.23,5,5,4,4,554,Loyal Customers
1870500,2020-02-22,365,4,11898.18,4,5,5,5,455,Champions
1870661,2019-12-31,418,2,2333.13,4,4,3,4,443,Loyal Customers
1870877,2019-08-21,550,3,4655.95,3,5,4,4,354,Loyal Customers
1871089,2019-11-01,478,2,2656.87,3,4,3,4,343,Loyal Customers
1871157,2019-03-13,711,4,1599.21,2,5,2,4,252,At Risk
1871379,2019-07-13,589,1,300.0,3,2,1,2,321,Need Attention
1871416,2020-03-04,354,4,8855.94,4,5,5,5,455,Champions
1871472,2020-02-19,368,2,2449.93,4,4,3,4,443,Loyal Customers
1871500,2020-12-17,66,4,4780.26,5,5,4,4,554,Loyal Customers
1871990,2021-02-16,5,1,4342.85,5,2,4,3,524,Potential Loyalists
1872005,2019-05-21,642,1,883.28,2,2,2,2,222,About To Sleep
1872046,2020-01-20,398,4,5848.54,4,5,4,4,454,Loyal Customers
1872178,2018-02-01,1116,1,5473.76,1,2,4,3,124,At Risk
1872284,2017-12-14,1165,1,111.94,1,2,1,2,121,Lost
1872442,2019-09-19,521,2,606.57,3,4,1,2,341,Need Attention
1872529,2019-11-06,473,2,867.0699999999999,3,4,2,3,342,Need Attention
1872587,2019-09-19,521,3,5708.42,3,5,4,4,354,Loyal Customers
1873593,2019-12-25,424,3,7327.95,4,5,4,4,454,Loyal Customers
1873607,2019-08-08,563,2,976.88,3,4,2,3,342,Need Attention
1873740,2019-08-22,549,1,5339.0,3,2,4,3,324,Need Attention
1873895,2020-01-08,410,3,7761.82,4,5,5,5,455,Champions
1874014,2019-01-21,762,1,1054.4,2,2,2,2,222,About To Sleep
1874019,2019-01-07,776,3,5150.0,2,5,4,4,254,At Risk
1874020,2020-02-15,372,4,1123.73,4,5,2,4,452,Loyal Customers
1874057,2019-03-10,714,1,2483.4,2,2,3,2,223,About To Sleep
1874501,2018-10-13,862,2,564.95,2,4,1,2,241,About To Sleep
1875275,2018-01-27,1121,2,3517.96,1,4,3,4,143,Can't Lose Them
1875566,2020-08-13,192,2,5792.92,5,4,4,4,544,Loyal Customers
1875792,2019-10-08,502,2,230.94,3,4,1,2,341,Need Attention
1875921,2019-07-09,593,1,140.26,3,2,1,2,321,Need Attention
1875946,2020-03-07,351,3,10276.35,4,5,5,5,455,Champions
1876093,2021-01-06,46,2,2889.25,5,4,3,4,543,Loyal Customers
1876132,2018-12-05,809,2,1302.48,2,4,2,3,242,At Risk
1876269,2018-08-09,927,1,2097.0,1,2,2,2,122,Lost
1876912,2019-10-22,488,4,2233.56,3,5,3,4,353,Loyal Customers
1877016,2020-11-04,109,4,9564.81,5,5,5,5,555,Champions
1877046,2018-10-08,867,2,1083.99,2,4,2,3,242,At Risk
1877054,2017-12-27,1152,2,3594.95,1,4,3,4,143,Can't Lose Them
1877176,2020-01-30,388,2,367.88,4,4,1,2,441,Potential Loyalists
1877381,2020-02-26,361,5,9610.43,4,5,5,5,455,Champions
1877525,2019-07-01,601,2,3509.22,3,4,3,4,343,Loyal Customers
1877744,2019-12-14,435,3,3656.66,3,5,3,4,353,Loyal Customers
1877836,2020-01-15,403,4,17710.84,4,5,5,5,455,Champions
1878087,2018-03-13,1076,1,350.94,1,2,1,2,121,Lost
1878163,2020-01-27,391,5,16205.3,4,5,5,5,455,Champions
1878175,2020-06-10,256,2,7428.55,5,4,4,4,544,Loyal Customers
1878210,2020-09-19,155,4,2979.6800000000003,5,5,3,4,553,Loyal Customers
1878446,2018-05-14,1014,1,3709.81,1,2,3,2,123,Lost
1878531,2019-07-06,596,3,2615.73,3,5,3,4,353,Loyal Customers
1878787,2020-07-14,222,4,2544.67,5,5,3,4,553,Loyal Customers
1878834,2020-06-19,247,3,2034.44,5,5,2,4,552,Loyal Customers
1878939,2018-12-11,803,1,77.07000000000001,2,2,1,2,221,About To Sleep
1878966,2018-02-19,1098,2,1174.55,1,4,2,3,142,At Risk
1878983,2019-12-09,440,2,2145.4,3,4,2,3,342,Need Attention
1878988,2021-01-04,48,2,1850.59,5,4,2,3,542,Potential Loyalists
1879578,2018-07-03,964,1,775.96,1,2,1,2,121,Lost
1879693,2020-09-29,145,3,4055.28,5,5,3,4,553,Loyal Customers
1879735,2020-03-02,356,1,229.9,4,2,1,2,421,Potential Loyalists
1880031,2019-10-05,505,1,2310.53,3,2,3,2,323,Need Attention
1880406,2021-01-16,36,5,24259.91,5,5,5,5,555,Champions
1880655,2019-12-13,436,7,11378.44,3,5,5,5,355,Loyal Customers
1880727,2019-04-28,665,3,5296.39,2,5,4,4,254,At Risk
1880784,2019-05-09,654,2,6658.92,2,4,4,4,244,At Risk
1880923,2016-06-11,1716,1,1175.69,1,2,2,2,122,Lost
1881107,2020-11-03,110,2,17474.45,5,4,5,4,545,Loyal Customers
1882011,2019-08-26,545,2,728.75,3,4,1,2,341,Need Attention
1882071,2017-06-10,1352,1,1542.2,1,2,2,2,122,Lost
1882274,2020-02-21,366,2,4811.18,4,4,4,4,444,Loyal Customers
1882501,2019-05-12,651,1,479.97,2,2,1,2,221,About To Sleep
1882504,2019-08-13,558,3,1485.89,3,5,2,4,352,Loyal Customers
1882594,2021-02-05,16,4,5660.46,5,5,4,4,554,Loyal Customers
1882958,2020-02-26,361,4,9510.49,4,5,5,5,455,Champions
1883496,2020-12-26,57,5,25364.760000000002,5,5,5,5,555,Champions
1883630,2020-10-10,134,4,13028.97,5,5,5,5,555,Champions
1883710,2019-12-18,431,6,5285.64,4,5,4,4,454,Loyal Customers
1883755,2020-06-01,265,3,4107.83,5,5,4,4,554,Loyal Customers
1883820,2021-02-14,7,4,8939.130000000001,5,5,5,5,555,Champions
1883844,2020-08-12,193,3,3391.2,5,5,3,4,553,Loyal Customers
1883941,2018-08-03,933,1,3318.71,1,2,3,2,123,Lost
1883981,2020-02-26,361,5,11696.72,4,5,5,5,455,Champions
1884026,2019-02-07,745,1,2344.0,2,2,3,2,223,About To Sleep
1884596,2019-10-23,487,2,3699.5,3,4,3,4,343,Loyal Customers
1884616,2020-06-05,261,2,23612.0,5,4,5,4,545,Loyal Customers
1884663,2019-02-20,732,3,43517.799999999996,2,5,5,5,255,Can't Lose Them
1884718,2020-08-13,192,2,4523.77,5,4,4,4,544,Loyal Customers
1884908,2018-11-28,816,3,19844.75,2,5,5,5,255,Can't Lose Them
1885023,2020-12-26,57,4,4540.280000000001,5,5,4,4,554,Loyal Customers
1885114,2019-08-22,549,4,6865.12,3,5,4,4,354,Loyal Customers
1885279,2020-05-22,275,5,9894.47,5,5,5,5,555,Champions
1885351,2019-12-31,418,4,2430.06,4,5,3,4,453,Loyal Customers
1885398,2019-11-19,460,2,14110.0,3,4,5,4,345,Loyal Customers
1885532,2020-06-02,264,4,6616.28,5,5,4,4,554,Loyal Customers
1885716,2019-11-22,457,3,23649.17,3,5,5,5,355,Loyal Customers
1885738,2019-12-28,421,1,12495.0,4,2,5,4,425,Loyal Customers
1885765,2020-09-03,171,3,2186.1,5,5,3,4,553,Loyal Customers
1885890,2019-12-13,436,2,6064.52,3,4,4,4,344,Loyal Customers
1885990,2020-06-25,241,2,1336.71,5,4,2,3,542,Potential Loyalists
1886071,2021-01-21,31,6,11827.199999999999,5,5,5,5,555,Champions
1886283,2018-09-29,876,2,4495.9400000000005,2,4,4,4,244,At Risk
1886388,2018-08-30,906,2,9504.2,1,4,5,4,145,Can't Lose Them
1886594,2019-10-10,500,2,229.92999999999998,3,4,1,2,341,Need Attention
1886776,2020-05-21,276,4,4538.72,5,5,4,4,554,Loyal Customers
1886932,2020-02-20,367,4,17838.55,4,5,5,5,455,Champions
1886968,2019-12-21,428,3,8459.75,4,5,5,5,455,Champions
1887153,2016-11-04,1570,1,461.75,1,2,1,2,121,Lost
1887180,2018-11-22,822,5,8979.51,2,5,5,5,255,Can't Lose Them
1887326,2020-07-04,232,2,3119.8,5,4,3,4,543,Loyal Customers
1887449,2016-02-03,1845,1,69.45,1,2,1,2,121,Lost
1887604,2019-10-19,491,2,5943.12,3,4,4,4,344,Loyal Customers
1887682,2019-06-28,604,3,9424.48,3,5,5,5,355,Loyal Customers
1887933,2018-07-11,956,1,2164.95,1,2,3,2,123,Lost
1888089,2020-07-21,215,2,10835.78,5,4,5,4,545,Loyal Customers
1888484,2019-10-15,495,2,2378.0,3,4,3,4,343,Loyal Customers
1888531,2019-01-12,771,1,355.16999999999996,2,2,1,2,221,About To Sleep
1888585,2019-10-04,506,5,1749.42,3,5,2,4,352,Loyal Customers
1888911,2018-12-04,810,2,16731.7,2,4,5,4,245,At Risk
1889142,2017-02-24,1458,2,10617.42,1,4,5,4,145,Can't Lose Them
1889189,2018-08-08,928,2,2543.37,1,4,3,4,143,Can't Lose Them
1889224,2019-12-24,425,1,422.95000000000005,4,2,1,2,421,Potential Loyalists
1889240,2019-09-10,530,2,3201.76,3,4,3,4,343,Loyal Customers
1889587,2017-10-17,1223,1,333.94,1,2,1,2,121,Lost
1889635,2019-10-02,508,3,650.8,3,5,1,3,351,Need Attention
1889903,2019-02-06,746,2,2301.33,2,4,3,4,243,At Risk
1889918,2018-12-21,793,3,3642.6800000000003,2,5,3,4,253,At Risk
1889963,2020-01-02,416,1,839.97,4,2,1,2,421,Potential Loyalists
1890381,2019-06-13,619,2,11741.4,2,4,5,4,245,At Risk
1890413,2019-07-09,593,1,519.98,3,2,1,2,321,Need Attention
1890640,2020-01-15,403,2,963.3199999999999,4,4,2,3,442,Loyal Customers
1890777,2020-08-26,179,3,3909.6,5,5,3,4,553,Loyal Customers
1890847,2019-11-02,477,1,3520.0,3,2,3,2,323,Need Attention
1891277,2019-07-13,589,1,329.97,3,2,1,2,321,Need Attention
1891465,2019-10-23,487,2,2229.99,3,4,3,4,343,Loyal Customers
1891501,2020-02-27,360,2,5517.11,4,4,4,4,444,Loyal Customers
1891647,2020-01-16,402,4,8703.16,4,5,5,5,455,Champions
1891818,2019-11-07,472,2,6473.0,3,4,4,4,344,Loyal Customers
1891950,2020-12-12,71,1,701.4,5,2,1,2,521,Potential Loyalists
1891992,2019-11-26,453,3,7449.969999999999,3,5,4,4,354,Loyal Customers
1892189,2019-11-02,477,1,37.98,3,2,1,2,321,Need Attention
1892205,2018-12-29,785,1,6901.3,2,2,4,3,224,At Risk
1892265,2019-11-14,465,6,12382.16,3,5,5,5,355,Loyal Customers
1892320,2016-09-30,1605,2,9686.58,1,4,5,4,145,Can't Lose Them
1892367,2019-05-24,639,1,605.6700000000001,2,2,1,2,221,About To Sleep
1892488,2018-03-05,1084,2,5923.48,1,4,4,4,144,Can't Lose Them
1892614,2021-02-09,12,5,2562.82,5,5,3,4,553,Loyal Customers
1892767,2019-01-15,768,4,5103.54,2,5,4,4,254,At Risk
1893372,2017-08-23,1278,1,1210.96,1,2,2,2,122,Lost
1893377,2019-11-26,453,1,1039.13,3,2,2,2,322,Need Attention
1893487,2019-12-27,422,6,5096.9,4,5,4,4,454,Loyal Customers
1893526,2020-01-11,407,3,9861.29,4,5,5,5,455,Champions
1893682,2019-01-26,757,4,9768.9,2,5,5,5,255,Can't Lose Them
1893783,2021-02-06,15,5,11737.84,5,5,5,5,555,Champions
1893869,2020-08-17,188,5,12217.78,5,5,5,5,555,Champions
1894588,2020-02-08,379,6,11221.44,4,5,5,5,455,Champions
1894779,2019-01-23,760,1,771.99,2,2,1,2,221,About To Sleep
1895182,2017-12-30,1149,1,1731.96,1,2,2,2,122,Lost
1895245,2020-05-02,295,2,8563.91,5,4,5,4,545,Loyal Customers
1895594,2018-02-15,1102,4,3673.42,1,5,3,4,153,Can't Lose Them
1895637,2017-12-19,1160,2,4704.91,1,4,4,4,144,Can't Lose Them
1895744,2020-09-03,171,4,9894.880000000001,5,5,5,5,555,Champions
1896161,2020-03-07,351,1,3135.93,4,2,3,2,423,Potential Loyalists
1896473,2020-12-15,68,2,3924.95,5,4,3,4,543,Loyal Customers
1896531,2016-05-12,1746,1,1002.98,1,2,2,2,122,Lost
1896611,2018-02-28,1089,1,10584.86,1,2,5,4,125,Can't Lose Them
1897230,2018-07-02,965,1,2378.6,1,2,3,2,123,Lost
1897695,2020-11-30,83,1,1079.94,5,2,2,2,522,Potential Loyalists
1897818,2020-02-01,386,1,1610.6899999999998,4,2,2,2,422,Potential Loyalists
1897822,2019-08-27,544,3,1495.18,3,5,2,4,352,Loyal Customers
1898056,2016-10-03,1602,1,1471.35,1,2,2,2,122,Lost
1898417,2018-02-22,1095,2,13534.89,1,4,5,4,145,Can't Lose Them
1898526,2019-12-18,431,2,1608.33,4,4,2,3,442,Loyal Customers
1898765,2019-11-21,458,3,9497.45,3,5,5,5,355,Loyal Customers
1898949,2019-07-03,599,4,19464.88,3,5,5,5,355,Loyal Customers
1899152,2021-02-04,17,2,3543.46,5,4,3,4,543,Loyal Customers
1899416,2021-01-08,44,4,2774.94,5,5,3,4,553,Loyal Customers
1899495,2019-12-26,423,4,5588.77,4,5,4,4,454,Loyal Customers
1899770,2021-01-16,36,3,5686.0,5,5,4,4,554,Loyal Customers
1899782,2019-01-09,774,2,1750.87,2,4,2,3,242,At Risk
1899970,2020-02-15,372,5,5453.41,4,5,4,4,454,Loyal Customers
1900139,2020-02-13,374,2,7193.64,4,4,4,4,444,Loyal Customers
1900664,2020-11-16,97,1,1224.0,5,2,2,2,522,Potential Loyalists
1900678,2020-02-21,366,3,2037.9499999999998,4,5,2,4,452,Loyal Customers
1900738,2019-11-29,450,5,10991.25,3,5,5,5,355,Loyal Customers
1900993,2020-07-18,218,3,4272.0,5,5,4,4,554,Loyal Customers
1901026,2020-02-25,362,1,593.99,4,2,1,2,421,Potential Loyalists
1901076,2019-01-09,774,1,1890.65,2,2,2,2,222,About To Sleep
1901837,2017-12-08,1171,1,969.0,1,2,2,2,122,Lost
1901852,2019-03-03,721,2,8113.34,2,4,5,4,245,At Risk
1901931,2019-10-05,505,3,2281.3,3,5,3,4,353,Loyal Customers
1902278,2020-01-29,389,2,10005.09,4,4,5,4,445,Loyal Customers
1902499,2019-12-21,428,2,7611.95,4,4,5,4,445,Loyal Customers
1902593,2020-10-08,136,1,2023.0,5,2,2,2,522,Potential Loyalists
1902908,2019-02-21,731,2,983.98,2,4,2,3,242,At Risk
1902925,2019-07-23,579,2,1997.21,3,4,2,3,342,Need Attention
1902988,2017-01-23,1490,1,99.0,1,2,1,2,121,Lost
1903707,2020-06-10,256,2,6946.14,5,4,4,4,544,Loyal Customers
1904257,2019-08-02,569,1,257.65,3,2,1,2,321,Need Attention
1904291,2019-10-10,500,1,1945.93,3,2,2,2,322,Need Attention
1904309,2019-12-17,432,3,10243.69,4,5,5,5,455,Champions
1904324,2020-05-13,284,2,3185.6,5,4,3,4,543,Loyal Customers
1904355,2020-10-17,127,1,78.98,5,2,1,2,521,Potential Loyalists
1904679,2020-03-14,344,2,11029.0,5,4,5,4,545,Loyal Customers
1904946,2019-05-28,635,3,1780.46,2,5,2,4,252,At Risk
1905050,2020-07-30,206,3,1281.79,5,5,2,4,552,Loyal Customers
1905165,2019-11-25,454,2,640.0,3,4,1,2,341,Need Attention
1905321,2020-11-06,107,1,459.8,5,2,1,2,521,Potential Loyalists
1905450,2020-01-25,393,2,1437.9,4,4,2,3,442,Loyal Customers
1905463,2020-02-20,367,1,1338.6899999999998,4,2,2,2,422,Potential Loyalists
1905541,2021-01-02,50,3,18376.78,5,5,5,5,555,Champions
1905578,2018-02-14,1103,1,2496.94,1,2,3,2,123,Lost
1906314,2019-10-03,507,1,13.98,3,2,1,2,321,Need Attention
1906497,2020-06-05,261,4,7226.85,5,5,4,4,554,Loyal Customers
1906508,2018-02-21,1096,2,12099.9,1,4,5,4,145,Can't Lose Them
1906549,2018-07-09,958,4,15163.52,1,5,5,5,155,Can't Lose Them
1906975,2017-05-06,1387,2,3220.86,1,4,3,4,143,Can't Lose Them
1907334,2020-02-22,365,2,5923.59,4,4,4,4,444,Loyal Customers
1907494,2018-02-12,1105,2,238.13,1,4,1,2,141,Lost
1907810,2019-10-19,491,1,729.95,3,2,1,2,321,Need Attention
1907899,2019-12-12,437,1,399.98,3,2,1,2,321,Need Attention
1907935,2020-02-06,381,2,2113.0,4,4,2,3,442,Loyal Customers
1908058,2017-12-09,1170,1,299.9,1,2,1,2,121,Lost
1908175,2020-01-02,416,5,5699.76,4,5,4,4,454,Loyal Customers
1908428,2019-03-13,711,2,12331.58,2,4,5,4,245,At Risk
1908736,2019-09-04,536,1,539.97,3,2,1,2,321,Need Attention
1908813,2020-05-06,291,5,3003.4700000000003,5,5,3,4,553,Loyal Customers
1908818,2019-10-11,499,3,6113.82,3,5,4,4,354,Loyal Customers
1908923,2020-01-23,395,5,14363.65,4,5,5,5,455,Champions
1908997,2021-02-04,17,2,2444.0,5,4,3,4,543,Loyal Customers
1909007,2020-01-16,402,4,5669.67,4,5,4,4,454,Loyal Customers
1909047,2020-06-15,251,1,1130.58,5,2,2,2,522,Potential Loyalists
1909198,2019-05-16,647,4,12747.03,2,5,5,5,255,Can't Lose Them
1909290,2021-02-20,1,2,3074.28,5,4,3,4,543,Loyal Customers
1909376,2018-09-03,902,1,89.9,1,2,1,2,121,Lost
1909425,2019-12-21,428,2,3397.97,4,4,3,4,443,Loyal Customers
1909470,2019-12-19,430,2,6450.98,4,4,4,4,444,Loyal Customers
1909588,2020-05-25,272,2,2279.85,5,4,3,4,543,Loyal Customers
1909589,2017-12-23,1156,1,273.84000000000003,1,2,1,2,121,Lost
1909638,2019-02-27,725,3,2434.58,2,5,3,4,253,At Risk
1909649,2019-08-20,551,5,10068.119999999999,3,5,5,5,355,Loyal Customers
1910016,2016-02-27,1821,1,536.0,1,2,1,2,121,Lost
1910322,2020-05-26,271,3,5254.65,5,5,4,4,554,Loyal Customers
1910347,2019-08-24,547,1,4149.04,3,2,4,3,324,Need Attention
1910529,2016-07-19,1678,1,134.97,1,2,1,2,121,Lost
1910546,2020-01-30,388,1,2216.99,4,2,3,2,423,Potential Loyalists
1910709,2020-06-13,253,2,5266.92,5,4,4,4,544,Loyal Customers
1910821,2020-07-04,232,2,7102.0599999999995,5,4,4,4,544,Loyal Customers
1911030,2016-05-25,1733,1,327.95,1,2,1,2,121,Lost
1911080,2019-01-30,753,2,2508.52,2,4,3,4,243,At Risk
1911270,2019-01-15,768,1,1146.0,2,2,2,2,222,About To Sleep
1911371,2018-06-28,969,1,2932.75,1,2,3,2,123,Lost
1911482,2020-05-09,288,1,609.38,5,2,1,2,521,Potential Loyalists
1911567,2020-01-01,417,2,2470.85,4,4,3,4,443,Loyal Customers
1911774,2018-12-18,796,2,1840.87,2,4,2,3,242,At Risk
1911986,2017-08-12,1289,1,331.87,1,2,1,2,121,Lost
1912106,2018-06-07,990,3,6115.47,1,5,4,4,154,Can't Lose Them
1912287,2020-05-04,293,1,1290.98,5,2,2,2,522,Potential Loyalists
1912515,2020-03-06,352,3,666.52,4,5,1,3,451,Loyal Customers
1912666,2020-12-26,57,7,11866.849999999999,5,5,5,5,555,Champions
1912774,2019-12-18,431,5,2394.03,4,5,3,4,453,Loyal Customers
1912902,2021-01-05,47,4,7025.910000000001,5,5,4,4,554,Loyal Customers
1913004,2021-01-11,41,1,1789.3899999999999,5,2,2,2,522,Potential Loyalists
1913013,2019-12-20,429,4,12214.560000000001,4,5,5,5,455,Champions
1913401,2019-11-08,471,1,2483.96,3,2,3,2,323,Need Attention
1913410,2017-12-30,1149,1,1019.97,1,2,2,2,122,Lost
1913981,2020-06-20,246,6,10249.33,5,5,5,5,555,Champions
1914029,2019-09-06,534,6,9941.02,3,5,5,5,355,Loyal Customers
1914066,2019-07-17,585,1,1925.05,3,2,2,2,322,Need Attention
1914255,2019-10-03,507,5,4028.49,3,5,3,4,353,Loyal Customers
1914379,2019-05-28,635,4,4772.870000000001,2,5,4,4,254,At Risk
1914473,2020-05-02,295,3,4243.53,5,5,4,4,554,Loyal Customers
1914491,2020-02-19,368,3,5598.79,4,5,4,4,454,Loyal Customers
1914533,2019-01-02,781,1,1879.95,2,2,2,2,222,About To Sleep
1914720,2019-10-26,484,2,136.89,3,4,1,2,341,Need Attention
1914795,2020-06-27,239,2,797.79,5,4,1,2,541,Potential Loyalists
1915155,2016-10-01,1604,1,4791.92,1,2,4,3,124,At Risk
1915156,2017-09-23,1247,1,556.0,1,2,1,2,121,Lost
1915291,2019-09-28,512,1,4095.0,3,2,4,3,324,Need Attention
1915613,2019-10-19,491,2,8450.15,3,4,5,4,345,Loyal Customers
1915620,2019-06-27,605,2,3105.84,3,4,3,4,343,Loyal Customers
1915763,2019-07-08,594,2,2856.0099999999998,3,4,3,4,343,Loyal Customers
1915783,2018-05-26,1002,4,6009.42,1,5,4,4,154,Can't Lose Them
1915808,2019-05-02,661,3,12375.98,2,5,5,5,255,Can't Lose Them
1916463,2020-05-27,270,4,10977.16,5,5,5,5,555,Champions
1916479,2018-09-01,904,2,2789.62,1,4,3,4,143,Can't Lose Them
1916541,2018-07-12,955,1,469.95000000000005,1,2,1,2,121,Lost
1916734,2016-03-10,1809,2,6001.86,1,4,4,4,144,Can't Lose Them
1916770,2020-02-26,361,2,2719.0,4,4,3,4,443,Loyal Customers
1916780,2019-05-25,638,1,2482.7799999999997,2,2,3,2,223,About To Sleep
1916927,2019-12-25,424,2,6321.04,4,4,4,4,444,Loyal Customers
1916988,2020-03-03,355,5,25743.46,4,5,5,5,455,Champions
1917006,2019-12-17,432,4,4254.85,4,5,4,4,454,Loyal Customers
1917684,2019-09-12,528,1,3003.99,3,2,3,2,323,Need Attention
1918030,2019-09-30,510,5,4544.75,3,5,4,4,354,Loyal Customers
1918103,2020-06-29,237,3,1852.99,5,5,2,4,552,Loyal Customers
1918131,2020-08-05,200,6,9198.8,5,5,5,5,555,Champions
1918152,2019-08-17,554,2,8423.37,3,4,5,4,345,Loyal Customers
1918233,2020-05-15,282,3,2902.29,5,5,3,4,553,Loyal Customers
1918342,2020-03-12,346,6,11802.89,4,5,5,5,455,Champions
1918496,2019-09-07,533,1,999.0,3,2,2,2,322,Need Attention
1918687,2019-08-27,544,3,3459.7,3,5,3,4,353,Loyal Customers
1918775,2019-12-24,425,4,8767.77,4,5,5,5,455,Champions
1918788,2019-05-07,656,2,2073.1,2,4,2,3,242,At Risk
1918814,2019-11-06,473,2,4838.4,3,4,4,4,344,Loyal Customers
1918817,2020-02-25,362,1,51.730000000000004,4,2,1,2,421,Potential Loyalists
1918928,2020-02-22,365,1,859.75,4,2,2,2,422,Potential Loyalists
1918941,2018-11-18,826,1,1585.98,2,2,2,2,222,About To Sleep
1918975,2019-08-30,541,3,7856.75,3,5,5,5,355,Loyal Customers
1919042,2020-01-11,407,4,5362.13,4,5,4,4,454,Loyal Customers
1919414,2020-02-22,365,2,2804.46,4,4,3,4,443,Loyal Customers
1919557,2020-12-12,71,4,4693.26,5,5,4,4,554,Loyal Customers
1919773,2018-12-27,787,2,828.0,2,4,1,2,241,About To Sleep
1919833,2020-07-22,214,3,3401.9900000000002,5,5,3,4,553,Loyal Customers
1919938,2021-02-17,4,3,2309.93,5,5,3,4,553,Loyal Customers
1920061,2019-10-18,492,2,4332.43,3,4,4,4,344,Loyal Customers
1920064,2019-05-09,654,3,11117.48,2,5,5,5,255,Can't Lose Them
1920128,2020-03-02,356,6,32858.29,4,5,5,5,455,Champions
1920351,2019-02-15,737,1,2971.99,2,2,3,2,223,About To Sleep
1920357,2020-12-25,58,2,8038.96,5,4,5,4,545,Loyal Customers
1920940,2019-05-25,638,1,8932.9,2,2,5,4,225,At Risk
1921349,2019-02-05,747,2,2062.9700000000003,2,4,2,3,242,At Risk
1921614,2019-05-07,656,1,507.88,2,2,1,2,221,About To Sleep
1921651,2019-02-11,741,2,2079.88,2,4,2,3,242,At Risk
1921662,2020-12-18,65,2,1913.6799999999998,5,4,2,3,542,Potential Loyalists
1921710,2020-01-23,395,4,8321.65,4,5,5,5,455,Champions
1921829,2021-01-23,29,4,2971.79,5,5,3,4,553,Loyal Customers
1921863,2019-02-02,750,4,5163.32,2,5,4,4,254,At Risk
1922254,2019-07-04,598,3,7985.860000000001,3,5,5,5,355,Loyal Customers
1922310,2019-10-10,500,2,1132.99,3,4,2,3,342,Need Attention
1922715,2019-11-12,467,1,15747.939999999999,3,2,5,4,325,Loyal Customers
1922950,2019-11-06,473,1,1107.0,3,2,2,2,322,Need Attention
1923233,2020-07-06,230,3,4164.6,5,5,4,4,554,Loyal Customers
1923443,2018-09-17,888,2,2535.62,1,4,3,4,143,Can't Lose Them
1923504,2019-08-23,548,2,6865.95,3,4,4,4,344,Loyal Customers
1923520,2018-08-15,921,2,2561.71,1,4,3,4,143,Can't Lose Them
1923526,2021-02-12,9,2,2364.9700000000003,5,4,3,4,543,Loyal Customers
1923558,2020-05-20,277,4,6838.58,5,5,4,4,554,Loyal Customers
1923575,2019-12-29,420,2,2912.63,4,4,3,4,443,Loyal Customers
1924329,2020-06-18,248,7,15490.73,5,5,5,5,555,Champions
1924461,2018-05-16,1012,2,613.49,1,4,1,2,141,Lost
1924622,2018-05-19,1009,1,3577.4,1,2,3,2,123,Lost
1924810,2018-11-15,829,1,3972.57,2,2,3,2,223,About To Sleep
1924885,2018-12-05,809,1,2614.0,2,2,3,2,223,About To Sleep
1924903,2020-02-01,386,1,2228.58,4,2,3,2,423,Potential Loyalists
1924985,2020-01-13,405,1,1897.65,4,2,2,2,422,Potential Loyalists
1925694,2021-02-13,8,9,26339.39,5,5,5,5,555,Champions
1925771,2019-03-08,716,1,1160.95,2,2,2,2,222,About To Sleep
1925886,2018-02-17,1100,2,5371.34,1,4,4,4,144,Can't Lose Them
1925959,2020-05-11,286,3,4916.66,5,5,4,4,554,Loyal Customers
1926067,2016-02-25,1823,1,474.46999999999997,1,2,1,2,121,Lost
1926176,2019-10-26,484,5,5806.12,3,5,4,4,354,Loyal Customers
1926326,2019-06-03,629,1,1909.75,2,2,2,2,222,About To Sleep
1926362,2020-09-26,148,3,1240.91,5,5,2,4,552,Loyal Customers
1926364,2019-12-15,434,4,1786.72,3,5,2,4,352,Loyal Customers
1926487,2019-05-24,639,2,3329.98,2,4,3,4,243,At Risk
1926512,2021-02-15,6,3,4852.63,5,5,4,4,554,Loyal Customers
1926792,2018-07-18,949,1,1434.95,1,2,2,2,122,Lost
1927194,2020-07-15,221,1,42.0,5,2,1,2,521,Potential Loyalists
1927276,2017-10-07,1233,3,10019.94,1,5,5,5,155,Can't Lose Them
1927617,2019-08-31,540,2,1197.98,3,4,2,3,342,Need Attention
1927946,2020-01-03,415,2,4105.2,4,4,4,4,444,Loyal Customers
1928016,2019-02-13,739,1,1889.65,2,2,2,2,222,About To Sleep
1928399,2020-06-13,253,2,1458.97,5,4,2,3,542,Potential Loyalists
1928421,2019-02-17,735,3,6684.46,2,5,4,4,254,At Risk
1928459,2018-11-27,817,2,15634.880000000001,2,4,5,4,245,At Risk
1928466,2019-11-21,458,4,38191.06,3,5,5,5,355,Loyal Customers
1928617,2016-06-07,1720,1,2456.9,1,2,3,2,123,Lost
1928655,2019-02-26,726,2,9168.74,2,4,5,4,245,At Risk
1928849,2018-10-31,844,2,1413.3,2,4,2,3,242,At Risk
1929193,2020-01-31,387,1,2686.0,4,2,3,2,423,Potential Loyalists
1929255,2020-02-07,380,3,4646.14,4,5,4,4,454,Loyal Customers
1929334,2019-05-15,648,2,1410.7,2,4,2,3,242,At Risk
1929402,2020-01-02,416,1,1494.31,4,2,2,2,422,Potential Loyalists
1929451,2020-02-22,365,2,9840.220000000001,4,4,5,4,445,Loyal Customers
1929478,2019-02-14,738,3,6401.33,2,5,4,4,254,At Risk
1929549,2019-05-07,656,1,299.97,2,2,1,2,221,About To Sleep
1929631,2019-11-29,450,4,14439.05,3,5,5,5,355,Loyal Customers
1929743,2021-01-27,25,3,2770.42,5,5,3,4,553,Loyal Customers
1929786,2017-12-16,1163,1,1060.76,1,2,2,2,122,Lost
1929845,2020-12-24,59,1,650.22,5,2,1,2,521,Potential Loyalists
1929971,2019-11-13,466,2,3640.37,3,4,3,4,343,Loyal Customers
1930107,2020-03-09,349,2,553.38,4,4,1,2,441,Potential Loyalists
1930125,2019-03-07,717,2,675.0,2,4,1,2,241,About To Sleep
1930205,2019-08-09,562,1,807.0,3,2,1,2,321,Need Attention
1930311,2020-09-17,157,1,1012.99,5,2,2,2,522,Potential Loyalists
1930372,2019-11-14,465,2,2596.51,3,4,3,4,343,Loyal Customers
1930384,2020-06-18,248,2,3032.46,5,4,3,4,543,Loyal Customers
1930815,2019-03-06,718,2,584.8100000000001,2,4,1,2,241,About To Sleep
1930860,2020-02-18,369,2,729.75,4,4,1,2,441,Potential Loyalists
1930960,2017-06-15,1347,1,2139.8900000000003,1,2,2,2,122,Lost
1931096,2020-07-21,215,1,4.06,5,2,1,2,521,Potential Loyalists
1931347,2020-12-18,65,2,1423.32,5,4,2,3,542,Potential Loyalists
1931400,2018-12-23,791,1,1758.0,2,2,2,2,222,About To Sleep
1931445,2019-10-05,505,1,585.99,3,2,1,2,321,Need Attention
1931525,2020-03-14,344,5,21658.93,5,5,5,5,555,Champions
1932022,2018-11-20,824,1,175.97,2,2,1,2,221,About To Sleep
1932072,2020-07-14,222,3,3666.9300000000003,5,5,3,4,553,Loyal Customers
1932228,2018-08-24,912,2,1290.67,1,4,2,3,142,At Risk
1932334,2016-04-27,1761,1,161.78,1,2,1,2,121,Lost
1932412,2020-01-14,404,2,4033.4700000000003,4,4,3,4,443,Loyal Customers
1932536,2016-09-14,1621,1,2031.99,1,2,2,2,122,Lost
1932733,2020-02-12,375,2,7991.650000000001,4,4,5,4,445,Loyal Customers
1932745,2020-05-16,281,4,20198.170000000002,5,5,5,5,555,Champions
1932808,2020-12-17,66,3,7163.5,5,5,4,4,554,Loyal Customers
1933265,2019-11-05,474,4,4176.4400000000005,3,5,4,4,354,Loyal Customers
1933298,2019-11-04,475,5,9513.95,3,5,5,5,355,Loyal Customers
1933319,2018-05-07,1021,1,10868.66,1,2,5,4,125,Can't Lose Them
1933399,2019-09-12,528,1,3631.9,3,2,3,2,323,Need Attention
1933414,2020-12-19,64,4,3061.5699999999997,5,5,3,4,553,Loyal Customers
1933910,2020-04-25,302,1,8164.0199999999995,5,2,5,4,525,Loyal Customers
1934436,2019-09-14,526,2,4268.0,3,4,4,4,344,Loyal Customers
1934470,2020-12-26,57,3,7510.72,5,5,5,5,555,Champions
1934726,2021-02-16,5,2,2138.56,5,4,2,3,542,Potential Loyalists
1934815,2018-02-05,1112,1,1563.96,1,2,2,2,122,Lost
1934862,2021-01-04,48,3,16206.17,5,5,5,5,555,Champions
1934889,2020-03-10,348,2,6276.99,4,4,4,4,444,Loyal Customers
1935094,2018-06-14,983,1,74.97,1,2,1,2,121,Lost
1935224,2019-11-29,450,1,219.98,3,2,1,2,321,Need Attention
1935843,2018-10-02,873,1,5527.58,2,2,4,3,224,At Risk
1935954,2017-06-16,1346,1,16119.45,1,2,5,4,125,Can't Lose Them
1936191,2019-10-19,491,3,7935.92,3,5,5,5,355,Loyal Customers
1936262,2020-08-31,174,2,3586.73,5,4,3,4,543,Loyal Customers
1936378,2020-01-25,393,3,2430.62,4,5,3,4,453,Loyal Customers
1936527,2020-10-28,116,2,602.88,5,4,1,2,541,Potential Loyalists
1936759,2020-06-20,246,1,2454.0,5,2,3,2,523,Potential Loyalists
1936890,2019-10-29,481,2,9934.75,3,4,5,4,345,Loyal Customers
1937213,2018-06-15,982,3,4521.51,1,5,4,4,154,Can't Lose Them
1937355,2020-02-27,360,3,9319.42,4,5,5,5,455,Champions
1937404,2019-10-04,506,2,20785.74,3,4,5,4,345,Loyal Customers
1937882,2019-12-25,424,1,438.0,4,2,1,2,421,Potential Loyalists
1937990,2020-07-08,228,3,4300.98,5,5,4,4,554,Loyal Customers
1938352,2018-12-28,786,2,4733.33,2,4,4,4,244,At Risk
1938573,2019-12-14,435,1,687.0,3,2,1,2,321,Need Attention
1938586,2019-01-10,773,3,11526.75,2,5,5,5,255,Can't Lose Them
1938588,2020-03-04,354,2,3669.74,4,4,3,4,443,Loyal Customers
1938850,2017-12-20,1159,1,3933.0,1,2,3,2,123,Lost
1938856,2018-01-03,1145,3,4238.45,1,5,4,4,154,Can't Lose Them
1939013,2020-02-27,360,3,2731.58,4,5,3,4,453,Loyal Customers
1939030,2018-05-31,997,1,2466.99,1,2,3,2,123,Lost
1939127,2018-05-31,997,1,714.0,1,2,1,2,121,Lost
1939196,2019-05-24,639,3,7403.88,2,5,4,4,254,At Risk
1939210,2019-10-09,501,2,4875.0,3,4,4,4,344,Loyal Customers
1939321,2020-02-04,383,6,23478.25,4,5,5,5,455,Champions
1939398,2020-12-16,67,3,8886.93,5,5,5,5,555,Champions
1939452,2020-02-12,375,1,1499.6999999999998,4,2,2,2,422,Potential Loyalists
1939795,2020-02-22,365,3,7247.4,4,5,4,4,454,Loyal Customers
1939841,2020-03-05,353,3,5818.75,4,5,4,4,454,Loyal Customers
1939877,2019-12-23,426,3,2734.93,4,5,3,4,453,Loyal Customers
1939960,2020-01-04,414,3,14864.88,4,5,5,5,455,Champions
1940053,2019-08-26,545,1,1972.3,3,2,2,2,322,Need Attention
1940327,2019-06-20,612,2,677.95,2,4,1,2,241,About To Sleep
1940393,2020-02-19,368,3,9361.939999999999,4,5,5,5,455,Champions
1940504,2020-03-09,349,1,567.9,4,2,1,2,421,Potential Loyalists
1940708,2020-03-17,341,6,14082.95,5,5,5,5,555,Champions
1941044,2020-12-02,81,2,1563.95,5,4,2,3,542,Potential Loyalists
1941084,2020-01-02,416,4,10983.65,4,5,5,5,455,Champions
1941219,2019-02-25,727,2,3614.52,2,4,3,4,243,At Risk
1941222,2018-12-01,813,2,4326.9,2,4,4,4,244,At Risk
1941245,2020-08-17,188,3,5100.0599999999995,5,5,4,4,554,Loyal Customers
1941302,2020-07-21,215,1,3738.15,5,2,3,2,523,Potential Loyalists
1941611,2018-08-27,909,1,2405.5,1,2,3,2,123,Lost
1941728,2019-03-01,723,1,2147.95,2,2,2,2,222,About To Sleep
1941801,2019-07-08,594,2,6247.99,3,4,4,4,344,Loyal Customers
1941806,2020-03-14,344,2,819.0,5,4,1,2,541,Potential Loyalists
1941945,2017-03-16,1438,1,16260.0,1,2,5,4,125,Can't Lose Them
1942015,2020-08-05,200,3,3547.69,5,5,3,4,553,Loyal Customers
1942072,2020-01-25,393,7,25079.21,4,5,5,5,455,Champions
1942541,2019-05-27,636,1,2656.96,2,2,3,2,223,About To Sleep
1942560,2019-08-12,559,6,11905.64,3,5,5,5,355,Loyal Customers
1942638,2017-07-15,1317,1,1331.88,1,2,2,2,122,Lost
1942682,2020-05-02,295,3,5839.6,5,5,4,4,554,Loyal Customers
1943078,2021-01-18,34,3,4248.46,5,5,4,4,554,Loyal Customers
1943741,2019-10-08,502,2,2847.81,3,4,3,4,343,Loyal Customers
1943961,2020-08-01,204,4,3059.82,5,5,3,4,553,Loyal Customers
1944490,2020-06-17,249,1,652.56,5,2,1,2,521,Potential Loyalists
1944536,2020-12-19,64,3,3027.0,5,5,3,4,553,Loyal Customers
1944572,2020-12-22,61,6,17739.27,5,5,5,5,555,Champions
1944664,2017-02-16,1466,1,648.03,1,2,1,2,121,Lost
1944691,2018-09-08,897,3,3572.35,1,5,3,4,153,Can't Lose Them
1944754,2019-10-03,507,2,5104.6,3,4,4,4,344,Loyal Customers
1944766,2018-11-20,824,1,2849.0,2,2,3,2,223,About To Sleep
1944880,2020-10-31,113,2,5429.5,5,4,4,4,544,Loyal Customers
1945099,2020-01-24,394,2,3407.07,4,4,3,4,443,Loyal Customers
1945363,2021-01-14,38,5,10616.19,5,5,5,5,555,Champions
1945385,2017-11-04,1205,2,319.0,1,4,1,2,141,Lost
1945782,2020-09-05,169,1,169.82,5,2,1,2,521,Potential Loyalists
1946530,2020-05-23,274,3,1292.23,5,5,2,4,552,Loyal Customers
1946796,2019-06-24,608,2,840.23,2,4,1,2,241,About To Sleep
1946805,2018-09-28,877,2,2756.9,2,4,3,4,243,At Risk
1947004,2017-08-30,1271,1,419.97,1,2,1,2,121,Lost
1947078,2021-01-12,40,3,2634.87,5,5,3,4,553,Loyal Customers
1947294,2020-03-02,356,2,4286.6,4,4,4,4,444,Loyal Customers
1947606,2019-02-02,750,2,1779.0,2,4,2,3,242,At Risk
1947708,2020-07-28,208,2,1172.33,5,4,2,3,542,Potential Loyalists
1947876,2020-01-30,388,5,12906.6,4,5,5,5,455,Champions
1947939,2019-12-11,438,3,4754.65,3,5,4,4,354,Loyal Customers
1948036,2019-08-19,552,2,1625.94,3,4,2,3,342,Need Attention
1948125,2017-08-18,1283,1,578.65,1,2,1,2,121,Lost
1948390,2021-02-17,4,5,16400.91,5,5,5,5,555,Champions
1948539,2018-10-09,866,3,782.96,2,5,1,3,251,At Risk
1948840,2020-01-12,406,2,2327.3,4,4,3,4,443,Loyal Customers
1948852,2020-02-21,366,5,19048.35,4,5,5,5,455,Champions
1949149,2020-01-16,402,4,7636.9400000000005,4,5,5,5,455,Champions
1949270,2020-01-07,411,2,2756.48,4,4,3,4,443,Loyal Customers
1949420,2019-08-26,545,1,1338.96,3,2,2,2,322,Need Attention
1949764,2021-01-20,32,4,3975.7599999999998,5,5,3,4,553,Loyal Customers
1950414,2020-02-15,372,3,677.49,4,5,1,3,451,Loyal Customers
1950457,2017-05-01,1392,1,724.9,1,2,1,2,121,Lost
1950591,2020-03-11,347,3,13512.79,4,5,5,5,455,Champions
1950637,2019-12-30,419,2,421.48,4,4,1,2,441,Potential Loyalists
1950674,2021-01-01,51,4,4224.66,5,5,4,4,554,Loyal Customers
1950756,2020-06-16,250,3,5146.0,5,5,4,4,554,Loyal Customers
1950883,2020-01-25,393,3,5360.88,4,5,4,4,454,Loyal Customers
1950884,2019-09-28,512,3,10906.89,3,5,5,5,355,Loyal Customers
1950929,2016-12-23,1521,1,539.8,1,2,1,2,121,Lost
1951129,2018-12-31,783,2,1814.99,2,4,2,3,242,At Risk
1951334,2019-06-27,605,3,6385.74,3,5,4,4,354,Loyal Customers
1951406,2019-12-06,443,2,960.3800000000001,3,4,2,3,342,Need Attention
1951411,2020-03-04,354,5,7747.9400000000005,4,5,5,5,455,Champions
1951594,2020-12-29,54,4,10006.49,5,5,5,5,555,Champions
1951611,2019-12-21,428,3,20504.940000000002,4,5,5,5,455,Champions
1951643,2018-03-15,1074,1,1451.8400000000001,1,2,2,2,122,Lost
1951677,2019-06-20,612,2,4002.9700000000003,2,4,3,4,243,At Risk
1951766,2020-07-23,213,5,14500.59,5,5,5,5,555,Champions
1951832,2021-02-20,1,2,3487.17,5,4,3,4,543,Loyal Customers
1952169,2016-02-18,1830,1,2436.0,1,2,3,2,123,Lost
1952261,2020-06-17,249,5,15904.59,5,5,5,5,555,Champions
1952376,2019-08-27,544,2,2856.9,3,4,3,4,343,Loyal Customers
1952591,2020-03-05,353,8,14703.04,4,5,5,5,455,Champions
1952663,2020-02-12,375,4,21622.94,4,5,5,5,455,Champions
1952779,2018-05-30,998,1,521.83,1,2,1,2,121,Lost
1953018,2016-12-03,1541,1,5142.81,1,2,4,3,124,At Risk
1953023,2018-10-23,852,1,57.88,2,2,1,2,221,About To Sleep
1953058,2018-11-22,822,1,405.5,2,2,1,2,221,About To Sleep
1953190,2018-06-06,991,1,2363.9700000000003,1,2,3,2,123,Lost
1953216,2020-01-22,396,2,4936.73,4,4,4,4,444,Loyal Customers
1953232,2020-02-13,374,2,1741.5600000000002,4,4,2,3,442,Loyal Customers
1953978,2019-12-12,437,3,7655.42,3,5,5,5,355,Loyal Customers
1954251,2020-01-03,415,3,7609.54,4,5,5,5,455,Champions
1954387,2020-03-05,353,1,98.58999999999999,4,2,1,2,421,Potential Loyalists
1954452,2020-02-15,372,2,7021.1,4,4,4,4,444,Loyal Customers
1954639,2020-02-28,359,2,1831.94,4,4,2,3,442,Loyal Customers
1954871,2018-12-19,795,2,235.98,2,4,1,2,241,About To Sleep
1954880,2020-04-27,300,3,29155.3,5,5,5,5,555,Champions
1955238,2018-12-07,807,3,932.61,2,5,2,4,252,At Risk
1955493,2018-12-25,789,1,928.0,2,2,2,2,222,About To Sleep
1955888,2019-12-13,436,1,779.0,3,2,1,2,321,Need Attention
1955971,2018-12-19,795,4,7987.13,2,5,5,5,255,Can't Lose Them
1956080,2019-01-19,764,1,1446.0,2,2,2,2,222,About To Sleep
1956193,2018-05-05,1023,1,297.79,1,2,1,2,121,Lost
1956270,2020-01-20,398,2,1024.69,4,4,2,3,442,Loyal Customers
1956301,2019-05-08,655,3,3421.71,2,5,3,4,253,At Risk
1956404,2020-12-30,53,4,2325.54,5,5,3,4,553,Loyal Customers
1956497,2020-07-11,225,4,16986.53,5,5,5,5,555,Champions
1956520,2021-02-18,3,4,13129.44,5,5,5,5,555,Champions
1956840,2020-09-17,157,5,12864.02,5,5,5,5,555,Champions
1956922,2018-10-27,848,2,6368.75,2,4,4,4,244,At Risk
1956960,2018-10-10,865,3,14637.69,2,5,5,5,255,Can't Lose Them
1956984,2021-01-27,25,5,13091.75,5,5,5,5,555,Champions
1957363,2021-01-05,47,6,23379.38,5,5,5,5,555,Champions
1957757,2020-12-17,66,2,10090.99,5,4,5,4,545,Loyal Customers
1957771,2020-01-03,415,2,6170.530000000001,4,4,4,4,444,Loyal Customers
1957841,2020-11-04,109,7,17036.489999999998,5,5,5,5,555,Champions
1957844,2017-03-11,1443,1,1193.0,1,2,2,2,122,Lost
1958005,2020-02-29,358,2,2431.08,4,4,3,4,443,Loyal Customers
1958373,2020-12-09,74,5,7035.32,5,5,4,4,554,Loyal Customers
1958543,2018-12-01,813,3,4537.98,2,5,4,4,254,At Risk
1958590,2019-02-28,724,1,7185.0,2,2,4,3,224,At Risk
1958662,2018-05-17,1011,1,1019.7,1,2,2,2,122,Lost
1958679,2016-07-06,1691,1,1840.0,1,2,2,2,122,Lost
1958731,2020-02-21,366,1,2147.67,4,2,2,2,422,Potential Loyalists
1958824,2020-11-02,111,5,6128.97,5,5,4,4,554,Loyal Customers
1958828,2019-11-18,461,2,891.48,3,4,2,3,342,Need Attention
1958936,2020-03-16,342,2,10085.929999999998,5,4,5,4,545,Loyal Customers
1959045,2017-09-14,1256,1,848.99,1,2,1,2,121,Lost
1959163,2019-08-17,554,4,6663.0,3,5,4,4,354,Loyal Customers
1959184,2020-02-25,362,3,2923.11,4,5,3,4,453,Loyal Customers
1959237,2018-10-22,853,1,3800.95,2,2,3,2,223,About To Sleep
1959272,2018-05-17,1011,3,7198.48,1,5,4,4,154,Can't Lose Them
1959480,2019-01-16,767,1,2994.99,2,2,3,2,223,About To Sleep
1959688,2020-08-29,176,3,9000.51,5,5,5,5,555,Champions
1959821,2020-05-27,270,2,1146.2,5,4,2,3,542,Potential Loyalists
1959860,2020-01-14,404,3,3897.6400000000003,4,5,3,4,453,Loyal Customers
1959938,2020-09-21,153,3,4666.0,5,5,4,4,554,Loyal Customers
1960099,2019-05-08,655,2,23447.5,2,4,5,4,245,At Risk
1960149,2019-10-26,484,3,818.3199999999999,3,5,1,3,351,Need Attention
1960256,2019-02-28,724,3,4535.04,2,5,4,4,254,At Risk
1960599,2018-11-24,820,2,1467.31,2,4,2,3,242,At Risk
1960809,2019-12-02,447,1,2875.96,3,2,3,2,323,Need Attention
1960909,2018-11-20,824,2,5140.78,2,4,4,4,244,At Risk
1961299,2017-07-08,1324,2,1367.46,1,4,2,3,142,At Risk
1961520,2019-12-24,425,2,11253.0,4,4,5,4,445,Loyal Customers
1961837,2019-01-05,778,2,8665.86,2,4,5,4,245,At Risk
1961950,2019-12-11,438,3,3826.76,3,5,3,4,353,Loyal Customers
1961969,2018-01-31,1117,3,14999.72,1,5,5,5,155,Can't Lose Them
1961975,2019-04-30,663,1,441.0,2,2,1,2,221,About To Sleep
1961979,2020-11-11,102,5,11261.27,5,5,5,5,555,Champions
1962126,2017-03-08,1446,1,2743.6099999999997,1,2,3,2,123,Lost
1962199,2016-08-05,1661,1,1540.0,1,2,2,2,122,Lost
1962210,2020-12-10,73,1,50.0,5,2,1,2,521,Potential Loyalists
1962218,2019-12-03,446,3,4068.81,3,5,3,4,353,Loyal Customers
1962303,2019-10-16,494,4,3480.39,3,5,3,4,353,Loyal Customers
1962528,2018-12-25,789,1,3265.7799999999997,2,2,3,2,223,About To Sleep
1962740,2019-08-07,564,2,5915.53,3,4,4,4,344,Loyal Customers
1962805,2019-01-12,771,3,2635.86,2,5,3,4,253,At Risk
1962816,2017-01-13,1500,1,5623.0,1,2,4,3,124,At Risk
1963081,2020-02-01,386,3,7720.389999999999,4,5,5,5,455,Champions
1963343,2020-10-30,114,2,1176.78,5,4,2,3,542,Potential Loyalists
1963509,2017-12-14,1165,2,5889.2,1,4,4,4,144,Can't Lose Them
1964297,2019-09-02,538,6,16784.3,3,5,5,5,355,Loyal Customers
1964342,2019-09-19,521,2,3215.75,3,4,3,4,343,Loyal Customers
1964702,2020-01-31,387,2,321.95,4,4,1,2,441,Potential Loyalists
1964759,2020-02-10,377,6,10698.52,4,5,5,5,455,Champions
1964791,2019-03-12,712,2,2014.6499999999999,2,4,2,3,242,At Risk
1964906,2020-05-26,271,1,400.0,5,2,1,2,521,Potential Loyalists
1965288,2021-02-20,1,3,17706.79,5,5,5,5,555,Champions
1965339,2019-02-09,743,2,1361.0,2,4,2,3,242,At Risk
1965605,2016-02-15,1833,1,227.96,1,2,1,2,121,Lost
1965809,2021-02-17,4,3,2863.24,5,5,3,4,553,Loyal Customers
1965850,2021-02-04,17,2,1030.98,5,4,2,3,542,Potential Loyalists
1966223,2019-12-09,440,1,14.94,3,2,1,2,321,Need Attention
1966751,2020-03-09,349,2,8306.31,4,4,5,4,445,Loyal Customers
1966972,2020-02-18,369,3,5373.54,4,5,4,4,454,Loyal Customers
1967003,2018-10-29,846,1,1184.0,2,2,2,2,222,About To Sleep
1967017,2020-09-19,155,2,1199.97,5,4,2,3,542,Potential Loyalists
1967159,2019-11-15,464,1,289.98,3,2,1,2,321,Need Attention
1967380,2017-09-28,1242,1,4705.610000000001,1,2,4,3,124,At Risk
1967407,2018-12-17,797,1,978.0,2,2,2,2,222,About To Sleep
1967496,2018-09-11,894,2,126.55000000000001,1,4,1,2,141,Lost
1967534,2019-12-28,421,1,533.26,4,2,1,2,421,Potential Loyalists
1967813,2020-05-29,268,2,3754.84,5,4,3,4,543,Loyal Customers
1967848,2020-02-14,373,2,3163.91,4,4,3,4,443,Loyal Customers
1968118,2019-06-01,631,3,5014.77,2,5,4,4,254,At Risk
1968385,2019-02-13,739,3,4856.84,2,5,4,4,254,At Risk
1968675,2016-03-04,1815,1,539.8,1,2,1,2,121,Lost
1968723,2019-08-24,547,1,6303.0,3,2,4,3,324,Need Attention
1969111,2019-12-09,440,1,935.47,3,2,2,2,322,Need Attention
1969221,2019-12-06,443,2,9100.05,3,4,5,4,345,Loyal Customers
1969254,2020-02-18,369,1,47.44,4,2,1,2,421,Potential Loyalists
1969340,2020-05-09,288,1,2212.91,5,2,3,2,523,Potential Loyalists
1969368,2019-12-19,430,1,49.98,4,2,1,2,421,Potential Loyalists
1969433,2020-07-31,205,4,6696.47,5,5,4,4,554,Loyal Customers
1969704,2020-01-02,416,7,42788.04,4,5,5,5,455,Champions
1969722,2020-06-02,264,4,26534.61,5,5,5,5,555,Champions
1969736,2020-07-14,222,2,6727.27,5,4,4,4,544,Loyal Customers
1969751,2019-08-23,548,2,1241.99,3,4,2,3,342,Need Attention
1969970,2019-12-19,430,5,6788.41,4,5,4,4,454,Loyal Customers
1970218,2018-09-04,901,1,46.010000000000005,1,2,1,2,121,Lost
1970395,2020-02-14,373,1,1327.61,4,2,2,2,422,Potential Loyalists
1970732,2019-02-08,744,4,3205.4300000000003,2,5,3,4,253,At Risk
1970893,2019-05-15,648,4,6728.21,2,5,4,4,254,At Risk
1970944,2018-10-06,869,2,1911.78,2,4,2,3,242,At Risk
1971018,2019-06-11,621,3,14502.45,2,5,5,5,255,Can't Lose Them
1971514,2020-01-11,407,4,12297.02,4,5,5,5,455,Champions
1971540,2020-09-05,169,3,2126.8900000000003,5,5,2,4,552,Loyal Customers
1971558,2019-12-20,429,1,3573.9,4,2,3,2,423,Potential Loyalists
1971593,2020-06-18,248,2,1566.7,5,4,2,3,542,Potential Loyalists
1971661,2020-08-04,201,3,9943.529999999999,5,5,5,5,555,Champions
1971806,2019-10-31,479,5,5663.27,3,5,4,4,354,Loyal Customers
1971820,2019-05-23,640,3,7321.37,2,5,4,4,254,At Risk
1971893,2020-01-25,393,3,1648.48,4,5,2,4,452,Loyal Customers
1971969,2019-07-27,575,2,634.0,3,4,1,2,341,Need Attention
1971983,2019-02-25,727,4,17620.739999999998,2,5,5,5,255,Can't Lose Them
1972196,2019-06-01,631,1,3416.95,2,2,3,2,223,About To Sleep
1972249,2020-07-11,225,9,28869.45,5,5,5,5,555,Champions
1972329,2019-10-28,482,1,37.98,3,2,1,2,321,Need Attention
1972624,2019-02-16,736,3,3011.79,2,5,3,4,253,At Risk
1972699,2019-12-25,424,3,3501.57,4,5,3,4,453,Loyal Customers
1972768,2019-12-28,421,2,1133.4,4,4,2,3,442,Loyal Customers
1973315,2017-01-14,1499,1,288.0,1,2,1,2,121,Lost
1973393,2020-01-30,388,1,335.19,4,2,1,2,421,Potential Loyalists
1973634,2020-01-04,414,1,1472.0,4,2,2,2,422,Potential Loyalists
1973647,2020-10-07,137,4,4733.85,5,5,4,4,554,Loyal Customers
1974024,2017-06-15,1347,1,6873.95,1,2,4,3,124,At Risk
1974066,2018-08-22,914,1,2400.0,1,2,3,2,123,Lost
1974221,2020-01-07,411,1,903.0,4,2,2,2,422,Potential Loyalists
1974339,2020-06-30,236,5,13017.76,5,5,5,5,555,Champions
1974345,2019-10-12,498,3,6612.889999999999,3,5,4,4,354,Loyal Customers
1974387,2020-03-07,351,3,3531.41,4,5,3,4,453,Loyal Customers
1974792,2019-08-09,562,2,2824.33,3,4,3,4,343,Loyal Customers
1974863,2020-02-20,367,1,299.95,4,2,1,2,421,Potential Loyalists
1975386,2020-01-09,409,4,9266.630000000001,4,5,5,5,455,Champions
1975423,2019-07-20,582,2,7223.78,3,4,4,4,344,Loyal Customers
1975759,2016-11-04,1570,1,2020.85,1,2,2,2,122,Lost
1975761,2019-12-24,425,3,5250.27,4,5,4,4,454,Loyal Customers
1975850,2020-06-23,243,2,3625.73,5,4,3,4,543,Loyal Customers
1976355,2020-01-10,408,3,8929.460000000001,4,5,5,5,455,Champions
1976499,2020-07-14,222,3,9458.98,5,5,5,5,555,Champions
1976526,2017-11-30,1179,1,4193.0,1,2,4,3,124,At Risk
1976633,2020-06-02,264,4,10172.14,5,5,5,5,555,Champions
1976945,2019-02-16,736,1,67.89,2,2,1,2,221,About To Sleep
1976957,2020-01-28,390,4,7894.46,4,5,5,5,455,Champions
1977454,2020-05-13,284,2,2784.0,5,4,3,4,543,Loyal Customers
1977527,2020-09-16,158,2,1467.44,5,4,2,3,542,Potential Loyalists
1977543,2020-12-20,63,2,2879.28,5,4,3,4,543,Loyal Customers
1977775,2020-03-07,351,3,13863.07,4,5,5,5,455,Champions
1977971,2020-01-22,396,2,1966.93,4,4,2,3,442,Loyal Customers
1977993,2017-10-19,1221,1,1792.0,1,2,2,2,122,Lost
1978029,2020-05-07,290,4,24982.14,5,5,5,5,555,Champions
1978474,2020-07-18,218,2,1214.5,5,4,2,3,542,Potential Loyalists
1979129,2019-02-19,733,2,12540.91,2,4,5,4,245,At Risk
1979251,2019-09-19,521,3,1853.5,3,5,2,4,352,Loyal Customers
1979261,2019-10-15,495,1,521.98,3,2,1,2,321,Need Attention
1979589,2016-09-30,1605,2,25118.19,1,4,5,4,145,Can't Lose Them
1979667,2019-03-02,722,1,96.0,2,2,1,2,221,About To Sleep
1979728,2019-02-21,731,5,11522.41,2,5,5,5,255,Can't Lose Them
1979787,2019-01-14,769,3,4651.5599999999995,2,5,4,4,254,At Risk
1979837,2019-08-09,562,4,5492.37,3,5,4,4,354,Loyal Customers
1979879,2019-10-25,485,2,507.0,3,4,1,2,341,Need Attention
1979995,2019-11-02,477,7,13809.04,3,5,5,5,355,Loyal Customers
1980004,2019-12-27,422,2,957.99,4,4,2,3,442,Loyal Customers
1980048,2016-11-24,1550,1,60.99,1,2,1,2,121,Lost
1980266,2020-05-21,276,2,2467.91,5,4,3,4,543,Loyal Customers
1980499,2019-12-23,426,3,6692.45,4,5,4,4,454,Loyal Customers
1980538,2019-09-25,515,2,4231.87,3,4,4,4,344,Loyal Customers
1980830,2017-11-08,1201,2,729.9300000000001,1,4,1,2,141,Lost
1980973,2019-02-22,730,1,1604.49,2,2,2,2,222,About To Sleep
1980993,2017-02-24,1458,1,53.28,1,2,1,2,121,Lost
1981004,2021-02-03,18,7,17119.99,5,5,5,5,555,Champions
1981433,2021-02-14,7,6,8313.91,5,5,5,5,555,Champions
1981754,2020-02-07,380,1,1835.15,4,2,2,2,422,Potential Loyalists
1981833,2020-01-08,410,4,10765.54,4,5,5,5,455,Champions
1981868,2020-02-22,365,6,17074.22,4,5,5,5,455,Champions
1981968,2019-01-01,782,2,3485.98,2,4,3,4,243,At Risk
1981992,2021-02-11,10,4,14629.0,5,5,5,5,555,Champions
1982066,2018-03-14,1075,2,6942.6,1,4,4,4,144,Can't Lose Them
1982150,2019-10-15,495,6,4047.98,3,5,3,4,353,Loyal Customers
1982247,2020-04-30,297,4,4094.6,5,5,4,4,554,Loyal Customers
1982336,2020-02-09,378,4,6669.150000000001,4,5,4,4,454,Loyal Customers
1982502,2016-05-20,1738,1,2276.94,1,2,3,2,123,Lost
1982762,2020-12-21,62,4,5808.47,5,5,4,4,554,Loyal Customers
1982856,2019-12-25,424,4,2630.33,4,5,3,4,453,Loyal Customers
1982994,2016-01-07,1872,1,1688.0,1,2,2,2,122,Lost
1983111,2018-10-18,857,4,12618.09,2,5,5,5,255,Can't Lose Them
1983213,2020-01-28,390,2,7964.6900000000005,4,4,5,4,445,Loyal Customers
1983228,2019-07-15,587,2,1033.76,3,4,2,3,342,Need Attention
1983416,2019-10-05,505,4,9555.14,3,5,5,5,355,Loyal Customers
1983649,2016-02-11,1837,1,3560.89,1,2,3,2,123,Lost
1983666,2018-01-01,1147,1,8495.85,1,2,5,4,125,Can't Lose Them
1983692,2020-02-21,366,3,4472.62,4,5,4,4,454,Loyal Customers
1984464,2020-02-29,358,3,14878.48,4,5,5,5,455,Champions
1984624,2020-12-17,66,3,8388.88,5,5,5,5,555,Champions
1984649,2018-08-23,913,3,2610.0,1,5,3,4,153,Can't Lose Them
1984685,2016-01-16,1863,1,1533.89,1,2,2,2,122,Lost
1984697,2020-02-29,358,3,927.6999999999999,4,5,2,4,452,Loyal Customers
1984985,2020-05-29,268,3,5265.79,5,5,4,4,554,Loyal Customers
1984991,2020-12-24,59,1,4054.0,5,2,3,2,523,Potential Loyalists
1985627,2019-01-09,774,1,4924.99,2,2,4,3,224,At Risk
1985636,2018-12-06,808,2,6530.63,2,4,4,4,244,At Risk
1985886,2019-02-21,731,1,10074.18,2,2,5,4,225,At Risk
1985903,2020-01-24,394,3,3061.45,4,5,3,4,453,Loyal Customers
1986036,2020-02-18,369,1,888.0,4,2,2,2,422,Potential Loyalists
1986204,2020-05-03,294,4,4254.7,5,5,4,4,554,Loyal Customers
1986637,2019-10-09,501,1,936.0,3,2,2,2,322,Need Attention
1986674,2020-12-17,66,1,1996.5,5,2,2,2,522,Potential Loyalists
1986804,2020-11-14,99,7,13273.62,5,5,5,5,555,Champions
1986927,2019-12-14,435,4,1142.89,3,5,2,4,352,Loyal Customers
1987069,2019-06-08,624,1,695.65,2,2,1,2,221,About To Sleep
1987171,2019-10-17,493,2,4449.96,3,4,4,4,344,Loyal Customers
1987314,2019-07-03,599,3,5898.2,3,5,4,4,354,Loyal Customers
1987493,2019-07-19,583,3,4954.42,3,5,4,4,354,Loyal Customers
1987593,2018-08-29,907,2,2361.1899999999996,1,4,3,4,143,Can't Lose Them
1987601,2019-07-12,590,2,2820.04,3,4,3,4,343,Loyal Customers
1987941,2020-11-21,92,3,17246.85,5,5,5,5,555,Champions
1987964,2020-06-01,265,1,2282.2799999999997,5,2,3,2,523,Potential Loyalists
1987984,2019-08-10,561,1,13668.99,3,2,5,4,325,Loyal Customers
1988069,2020-12-23,60,2,1280.2,5,4,2,3,542,Potential Loyalists
1988615,2020-02-15,372,1,1582.0,4,2,2,2,422,Potential Loyalists
1988805,2020-12-04,79,7,10823.46,5,5,5,5,555,Champions
1989435,2020-08-03,202,3,2515.62,5,5,3,4,553,Loyal Customers
1989635,2020-06-11,255,4,8322.6,5,5,5,5,555,Champions
1989753,2017-12-30,1149,1,473.19000000000005,1,2,1,2,121,Lost
1989863,2020-07-09,227,3,6119.6900000000005,5,5,4,4,554,Loyal Customers
1990017,2019-10-08,502,1,364.91,3,2,1,2,321,Need Attention
1990185,2016-07-17,1680,1,234.0,1,2,1,2,121,Lost
1990343,2019-12-31,418,3,4829.58,4,5,4,4,454,Loyal Customers
1990506,2019-09-28,512,1,458.0,3,2,1,2,321,Need Attention
1990647,2019-06-20,612,1,140.26,2,2,1,2,221,About To Sleep
1990814,2020-04-30,297,2,1308.47,5,4,2,3,542,Potential Loyalists
1991239,2017-06-24,1338,2,2745.88,1,4,3,4,143,Can't Lose Them
1991278,2020-05-07,290,1,919.0,5,2,2,2,522,Potential Loyalists
1991339,2020-02-25,362,4,4813.88,4,5,4,4,454,Loyal Customers
1991411,2018-12-25,789,3,4314.87,2,5,4,4,254,At Risk
1991497,2019-08-17,554,2,414.8,3,4,1,2,341,Need Attention
1991742,2019-12-26,423,5,12172.91,4,5,5,5,455,Champions
1991913,2020-02-13,374,3,6521.34,4,5,4,4,454,Loyal Customers
1991961,2020-03-10,348,2,10410.0,4,4,5,4,445,Loyal Customers
1992043,2017-01-21,1492,2,1326.0,1,4,2,3,142,At Risk
1992074,2021-01-02,50,4,13827.06,5,5,5,5,555,Champions
1992835,2020-07-29,207,3,12680.59,5,5,5,5,555,Champions
1993046,2019-02-19,733,1,199.95,2,2,1,2,221,About To Sleep
1993577,2019-05-18,645,1,1072.0,2,2,2,2,222,About To Sleep
1994181,2019-12-30,419,3,7038.93,4,5,4,4,454,Loyal Customers
1994581,2018-02-09,1108,1,5598.99,1,2,4,3,124,At Risk
1994606,2019-09-30,510,1,4958.22,3,2,4,3,324,Need Attention
1994932,2021-01-27,25,2,2424.7,5,4,3,4,543,Loyal Customers
1994967,2020-01-16,402,2,1212.0,4,4,2,3,442,Loyal Customers
1994972,2019-09-15,525,3,3081.73,3,5,3,4,353,Loyal Customers
1995044,2020-06-23,243,2,6970.14,5,4,4,4,544,Loyal Customers
1995071,2019-12-27,422,3,1197.69,4,5,2,4,452,Loyal Customers
1995593,2019-07-20,582,2,1154.8500000000001,3,4,2,3,342,Need Attention
1995697,2020-06-13,253,2,4825.66,5,4,4,4,544,Loyal Customers
1995699,2019-11-18,461,2,3152.75,3,4,3,4,343,Loyal Customers
1995928,2020-06-05,261,1,438.0,5,2,1,2,521,Potential Loyalists
1996019,2018-05-15,1013,2,7457.45,1,4,4,4,144,Can't Lose Them
1996029,2020-12-26,57,4,12027.84,5,5,5,5,555,Champions
1996108,2020-04-30,297,4,6218.29,5,5,4,4,554,Loyal Customers
1996351,2019-08-01,570,1,2029.5,3,2,2,2,322,Need Attention
1996365,2020-07-08,228,3,5744.01,5,5,4,4,554,Loyal Customers
1996488,2019-12-27,422,2,3199.8,4,4,3,4,443,Loyal Customers
1996680,2017-09-05,1265,1,40.55,1,2,1,2,121,Lost
1996781,2020-02-20,367,6,9503.63,4,5,5,5,455,Champions
1996797,2019-12-30,419,5,10933.130000000001,4,5,5,5,455,Champions
1996847,2021-02-03,18,2,2182.65,5,4,3,4,543,Loyal Customers
1996909,2020-02-08,379,3,9721.6,4,5,5,5,455,Champions
1996959,2020-10-16,128,7,18230.3,5,5,5,5,555,Champions
1997104,2018-12-12,802,1,2453.29,2,2,3,2,223,About To Sleep
1997208,2020-01-02,416,4,11442.31,4,5,5,5,455,Champions
1997221,2019-12-16,433,4,3553.66,4,5,3,4,453,Loyal Customers
1997307,2017-06-17,1345,1,7803.04,1,2,5,4,125,Can't Lose Them
1997542,2019-12-24,425,1,14.94,4,2,1,2,421,Potential Loyalists
1997694,2019-01-18,765,1,843.0,2,2,1,2,221,About To Sleep
1997727,2019-12-11,438,3,1232.4,3,5,2,4,352,Loyal Customers
1997765,2020-02-25,362,5,4955.83,4,5,4,4,454,Loyal Customers
1997780,2020-01-09,409,5,16439.61,4,5,5,5,455,Champions
1998013,2020-02-26,361,6,11946.34,4,5,5,5,455,Champions
1998163,2016-07-16,1681,1,1537.95,1,2,2,2,122,Lost
1998179,2020-05-13,284,3,4846.7300000000005,5,5,4,4,554,Loyal Customers
1998305,2018-08-15,921,2,8982.5,1,4,5,4,145,Can't Lose Them
1998377,2019-08-10,561,2,19901.0,3,4,5,4,345,Loyal Customers
1998481,2021-01-23,29,4,10277.369999999999,5,5,5,5,555,Champions
1999313,2019-05-15,648,1,3055.98,2,2,3,2,223,About To Sleep
1999333,2020-02-24,363,3,3200.0699999999997,4,5,3,4,453,Loyal Customers
1999383,2019-11-02,477,2,3718.46,3,4,3,4,343,Loyal Customers
1999721,2018-10-20,855,3,18230.28,2,5,5,5,255,Can't Lose Them
1999750,2017-01-10,1503,1,1015.95,1,2,2,2,122,Lost
1999911,2019-12-18,431,2,2415.94,4,4,3,4,443,Loyal Customers
1999956,2019-01-26,757,2,1636.81,2,4,2,3,242,At Risk
2000293,2019-08-17,554,1,2079.4,3,2,2,2,322,Need Attention
2000732,2019-05-18,645,3,3260.6099999999997,2,5,3,4,253,At Risk
2000744,2019-12-11,438,2,1993.98,3,4,2,3,342,Need Attention
2000872,2016-07-14,1683,2,211.98,1,4,1,2,141,Lost
2001416,2020-05-20,277,2,415.69000000000005,5,4,1,2,541,Potential Loyalists
2001744,2019-10-26,484,2,2310.3399999999997,3,4,3,4,343,Loyal Customers
2001745,2019-07-23,579,2,2076.85,3,4,2,3,342,Need Attention
2001755,2020-10-26,118,3,36067.47,5,5,5,5,555,Champions
2001808,2019-09-03,537,1,2948.67,3,2,3,2,323,Need Attention
2001813,2021-02-02,19,2,1817.8400000000001,5,4,2,3,542,Potential Loyalists
2001941,2020-06-06,260,1,2364.57,5,2,3,2,523,Potential Loyalists
2001951,2020-07-10,226,2,426.99,5,4,1,2,541,Potential Loyalists
2002239,2020-12-08,75,1,4182.9,5,2,4,3,524,Potential Loyalists
2002288,2018-02-21,1096,2,177.77,1,4,1,2,141,Lost
2002372,2019-06-28,604,2,3084.39,3,4,3,4,343,Loyal Customers
2002439,2019-09-25,515,4,11168.4,3,5,5,5,355,Loyal Customers
2002685,2017-01-19,1494,1,129.9,1,2,1,2,121,Lost
2002810,2019-02-01,751,2,872.99,2,4,2,3,242,At Risk
2002841,2019-01-10,773,1,3402.91,2,2,3,2,223,About To Sleep
2002888,2019-12-30,419,2,3300.96,4,4,3,4,443,Loyal Customers
2003153,2019-12-28,421,4,5977.18,4,5,4,4,454,Loyal Customers
2003293,2020-02-24,363,2,6169.85,4,4,4,4,444,Loyal Customers
2003358,2020-06-23,243,8,26444.5,5,5,5,5,555,Champions
2003425,2019-12-18,431,1,5502.7,4,2,4,3,424,Loyal Customers
2003638,2020-09-14,160,3,3489.08,5,5,3,4,553,Loyal Customers
2003705,2021-02-18,3,1,499.9,5,2,1,2,521,Potential Loyalists
2003856,2019-02-21,731,1,1865.2,2,2,2,2,222,About To Sleep
2003997,2019-10-31,479,3,10206.64,3,5,5,5,355,Loyal Customers
2004240,2020-12-12,71,1,2083.69,5,2,2,2,522,Potential Loyalists
2004284,2020-12-26,57,5,8857.73,5,5,5,5,555,Champions
2004449,2019-10-26,484,2,1464.6,3,4,2,3,342,Need Attention
2004576,2020-02-19,368,1,1902.8,4,2,2,2,422,Potential Loyalists
2005315,2017-08-19,1282,1,2545.99,1,2,3,2,123,Lost
2005336,2016-09-12,1623,1,1893.96,1,2,2,2,122,Lost
2005351,2018-11-14,830,2,1212.98,2,4,2,3,242,At Risk
2005389,2018-05-31,997,1,219.98,1,2,1,2,121,Lost
2005718,2018-06-16,981,1,301.0,1,2,1,2,121,Lost
2005934,2019-08-12,559,2,3905.96,3,4,3,4,343,Loyal Customers
2006113,2019-12-31,418,3,2866.3,4,5,3,4,453,Loyal Customers
2006166,2019-12-05,444,2,250.78,3,4,1,2,341,Need Attention
2006191,2020-01-28,390,2,6032.6,4,4,4,4,444,Loyal Customers
2006313,2018-09-26,879,2,5636.28,1,4,4,4,144,Can't Lose Them
2006486,2021-01-11,41,2,2974.6,5,4,3,4,543,Loyal Customers
2006574,2020-07-15,221,4,7948.95,5,5,5,5,555,Champions
2006644,2018-12-16,798,3,14304.1,2,5,5,5,255,Can't Lose Them
2006704,2019-12-24,425,2,3578.63,4,4,3,4,443,Loyal Customers
2006758,2019-06-11,621,2,11357.87,2,4,5,4,245,At Risk
2006826,2019-11-21,458,4,11665.3,3,5,5,5,355,Loyal Customers
2007027,2019-12-05,444,3,7248.76,3,5,4,4,354,Loyal Customers
2007028,2020-06-05,261,4,1934.35,5,5,2,4,552,Loyal Customers
2007125,2019-09-06,534,4,4445.42,3,5,4,4,354,Loyal Customers
2007280,2020-08-21,184,6,9122.869999999999,5,5,5,5,555,Champions
2007321,2019-01-04,779,2,7412.23,2,4,4,4,244,At Risk
2007618,2019-07-01,601,1,149.95,3,2,1,2,321,Need Attention
2007813,2021-02-17,4,6,3049.4300000000003,5,5,3,4,553,Loyal Customers
2008177,2019-09-06,534,2,7630.05,3,4,5,4,345,Loyal Customers
2008468,2019-05-29,634,1,1509.57,2,2,2,2,222,About To Sleep
2009147,2021-01-26,26,1,988.9,5,2,2,2,522,Potential Loyalists
2009243,2019-10-08,502,2,8048.0,3,4,5,4,345,Loyal Customers
2009540,2020-01-04,414,1,6094.95,4,2,4,3,424,Loyal Customers
2009720,2019-07-25,577,2,2741.79,3,4,3,4,343,Loyal Customers
2010159,2021-02-19,2,1,404.4,5,2,1,2,521,Potential Loyalists
2010245,2019-07-10,592,2,2231.94,3,4,3,4,343,Loyal Customers
2010262,2019-08-27,544,2,3795.99,3,4,3,4,343,Loyal Customers
2010411,2018-09-11,894,1,179.97,1,2,1,2,121,Lost
2010495,2020-03-10,348,2,1434.76,4,4,2,3,442,Loyal Customers
2010506,2019-11-07,472,2,1110.16,3,4,2,3,342,Need Attention
2010586,2019-12-21,428,2,2149.53,4,4,2,3,442,Loyal Customers
2010827,2019-01-12,771,1,230.0,2,2,1,2,221,About To Sleep
2011096,2020-12-26,57,3,2578.38,5,5,3,4,553,Loyal Customers
2011298,2020-12-28,55,5,13106.64,5,5,5,5,555,Champions
2011585,2019-11-30,449,1,559.96,3,2,1,2,321,Need Attention
2011632,2017-11-09,1200,1,853.9,1,2,2,2,122,Lost
2011673,2020-02-26,361,5,16522.84,4,5,5,5,455,Champions
2011702,2020-02-29,358,1,4079.0,4,2,4,3,424,Loyal Customers
2011787,2020-08-12,193,4,7638.58,5,5,5,5,555,Champions
2011791,2020-06-09,257,1,499.9,5,2,1,2,521,Potential Loyalists
2011796,2016-02-24,1824,2,22146.780000000002,1,4,5,4,145,Can't Lose Them
2012045,2018-05-30,998,2,982.99,1,4,2,3,142,At Risk
2012168,2019-09-30,510,5,11727.39,3,5,5,5,355,Loyal Customers
2012457,2020-05-08,289,6,9208.34,5,5,5,5,555,Champions
2012901,2019-02-20,732,4,5947.14,2,5,4,4,254,At Risk
2013268,2019-10-22,488,2,1545.85,3,4,2,3,342,Need Attention
2013443,2020-03-11,347,7,8647.79,4,5,5,5,455,Champions
2013759,2020-09-26,148,1,549.9499999999999,5,2,1,2,521,Potential Loyalists
2013811,2021-01-23,29,6,6531.42,5,5,4,4,554,Loyal Customers
2014107,2020-07-04,232,5,6345.5,5,5,4,4,554,Loyal Customers
2014226,2019-12-23,426,10,16772.43,4,5,5,5,455,Champions
2014440,2018-05-01,1027,1,2995.0,1,2,3,2,123,Lost
2014500,2019-12-21,428,2,4998.7,4,4,4,4,444,Loyal Customers
2014565,2019-12-21,428,4,6750.54,4,5,4,4,454,Loyal Customers
2014737,2019-06-20,612,2,1739.1,2,4,2,3,242,At Risk
2014806,2019-10-12,498,1,5029.98,3,2,4,3,324,Need Attention
2014930,2020-02-08,379,2,3199.1400000000003,4,4,3,4,443,Loyal Customers
2015026,2019-08-03,568,2,4875.35,3,4,4,4,344,Loyal Customers
2015036,2019-07-15,587,2,3032.14,3,4,3,4,343,Loyal Customers
2015045,2019-05-08,655,1,2547.8,2,2,3,2,223,About To Sleep
2015104,2016-11-10,1564,1,5050.39,1,2,4,3,124,At Risk
2015173,2020-01-31,387,1,3679.15,4,2,3,2,423,Potential Loyalists
2015228,2021-01-20,32,3,1533.99,5,5,2,4,552,Loyal Customers
2015316,2020-02-26,361,3,6672.5,4,5,4,4,454,Loyal Customers
2015373,2021-02-08,13,2,3908.9700000000003,5,4,3,4,543,Loyal Customers
2015566,2018-08-28,908,1,521.89,1,2,1,2,121,Lost
2015614,2019-10-21,489,1,20.64,3,2,1,2,321,Need Attention
2015674,2020-08-15,190,4,10016.06,5,5,5,5,555,Champions
2015900,2020-12-01,82,6,7798.79,5,5,5,5,555,Champions
2016036,2019-12-24,425,1,12005.92,4,2,5,4,425,Loyal Customers
2016041,2019-09-25,515,2,9090.79,3,4,5,4,345,Loyal Customers
2016137,2020-03-09,349,3,4373.74,4,5,4,4,454,Loyal Customers
2016329,2019-11-12,467,1,4058.67,3,2,3,2,323,Need Attention
2016610,2018-10-20,855,1,969.9,2,2,2,2,222,About To Sleep
2016721,2018-06-19,978,1,939.94,1,2,2,2,122,Lost
2017407,2019-12-31,418,2,590.89,4,4,1,2,441,Potential Loyalists
2017884,2019-06-18,614,4,5114.62,2,5,4,4,254,At Risk
2017937,2019-08-13,558,2,8835.98,3,4,5,4,345,Loyal Customers
2018142,2018-07-23,944,1,9119.189999999999,1,2,5,4,125,Can't Lose Them
2018226,2019-10-07,503,1,39.96,3,2,1,2,321,Need Attention
2018421,2020-02-15,372,3,11834.17,4,5,5,5,455,Champions
2018524,2018-12-21,793,1,31.39,2,2,1,2,221,About To Sleep
2018685,2019-02-08,744,2,12881.560000000001,2,4,5,4,245,At Risk
2018869,2020-01-13,405,4,14954.900000000001,4,5,5,5,455,Champions
2019180,2020-02-26,361,3,6232.59,4,5,4,4,454,Loyal Customers
2019245,2020-01-15,403,1,109.0,4,2,1,2,421,Potential Loyalists
2019675,2019-11-26,453,1,436.9,3,2,1,2,321,Need Attention
2020068,2019-09-10,530,2,1166.45,3,4,2,3,342,Need Attention
2020231,2018-06-14,983,1,1539.5,1,2,2,2,122,Lost
2020420,2020-08-25,180,4,3334.67,5,5,3,4,553,Loyal Customers
2020722,2019-09-16,524,4,5526.55,3,5,4,4,354,Loyal Customers
2021107,2020-07-25,211,4,21402.329999999998,5,5,5,5,555,Champions
2021158,2018-12-11,803,1,979.8399999999999,2,2,2,2,222,About To Sleep
2021353,2019-09-25,515,4,3715.7799999999997,3,5,3,4,353,Loyal Customers
2021360,2019-08-21,550,1,2765.95,3,2,3,2,323,Need Attention
2021365,2020-06-01,265,3,5720.63,5,5,4,4,554,Loyal Customers
2021639,2020-02-20,367,3,3996.98,4,5,3,4,453,Loyal Customers
2021834,2020-01-20,398,2,3035.12,4,4,3,4,443,Loyal Customers
2021916,2017-07-13,1319,2,6069.93,1,4,4,4,144,Can't Lose Them
2022051,2021-01-16,36,2,9494.0,5,4,5,4,545,Loyal Customers
2022162,2018-12-19,795,2,4324.2,2,4,4,4,244,At Risk
2022199,2020-02-10,377,1,2599.9,4,2,3,2,423,Potential Loyalists
2022243,2019-09-14,526,3,3573.2,3,5,3,4,353,Loyal Customers
2022288,2019-06-12,620,1,3470.0,2,2,3,2,223,About To Sleep
2022412,2020-11-21,92,6,13329.76,5,5,5,5,555,Champions
2022662,2020-02-10,377,4,3773.5699999999997,4,5,3,4,453,Loyal Customers
2022707,2019-11-21,458,3,1157.93,3,5,2,4,352,Loyal Customers
2022861,2018-12-25,789,3,4374.04,2,5,4,4,254,At Risk
2022876,2019-03-13,711,1,1840.0,2,2,2,2,222,About To Sleep
2023185,2020-12-02,81,4,9166.01,5,5,5,5,555,Champions
2023204,2019-12-11,438,1,165.0,3,2,1,2,321,Need Attention
2023470,2020-06-06,260,2,680.5199999999999,5,4,1,2,541,Potential Loyalists
2023780,2018-06-07,990,3,9974.48,1,5,5,5,155,Can't Lose Them
2023998,2019-02-16,736,3,5444.53,2,5,4,4,254,At Risk
2024029,2021-01-05,47,8,8433.2,5,5,5,5,555,Champions
2024100,2019-09-25,515,2,8011.35,3,4,5,4,345,Loyal Customers
2024150,2019-09-18,522,1,227.94,3,2,1,2,321,Need Attention
2024240,2019-07-05,597,2,537.12,3,4,1,2,341,Need Attention
2024716,2019-12-01,448,2,4716.16,3,4,4,4,344,Loyal Customers
2025213,2020-01-04,414,4,9238.81,4,5,5,5,455,Champions
2025504,2020-06-29,237,3,5556.17,5,5,4,4,554,Loyal Customers
2025509,2019-01-02,781,2,2614.96,2,4,3,4,243,At Risk
2025686,2020-03-16,342,2,13902.32,5,4,5,4,545,Loyal Customers
2025711,2019-12-23,426,3,16247.85,4,5,5,5,455,Champions
2025840,2019-05-21,642,2,3423.55,2,4,3,4,243,At Risk
2025955,2018-11-10,834,3,3955.94,2,5,3,4,253,At Risk
2026025,2016-02-19,1829,1,1407.0,1,2,2,2,122,Lost
2026065,2020-08-19,186,1,259.98,5,2,1,2,521,Potential Loyalists
2026106,2020-05-13,284,4,8670.869999999999,5,5,5,5,555,Champions
2026387,2020-06-10,256,3,10584.42,5,5,5,5,555,Champions
2026432,2019-06-14,618,2,3567.0,2,4,3,4,243,At Risk
2026561,2020-06-25,241,1,65.78,5,2,1,2,521,Potential Loyalists
2026801,2020-03-13,345,5,17851.15,4,5,5,5,455,Champions
2026978,2019-05-01,662,1,6674.0,2,2,4,3,224,At Risk
2027056,2021-01-12,40,1,2157.83,5,2,2,2,522,Potential Loyalists
2027276,2020-01-22,396,3,10870.9,4,5,5,5,455,Champions
2027449,2019-09-23,517,2,4563.0,3,4,4,4,344,Loyal Customers
2027502,2019-02-14,738,2,8275.93,2,4,5,4,245,At Risk
2027765,2018-07-27,940,1,1513.98,1,2,2,2,122,Lost
2027835,2020-03-05,353,3,1594.19,4,5,2,4,452,Loyal Customers
2027861,2019-03-15,709,2,1279.22,2,4,2,3,242,At Risk
2028962,2019-08-22,549,4,7668.72,3,5,5,5,355,Loyal Customers
2029379,2018-10-01,874,1,2583.0,2,2,3,2,223,About To Sleep
2029441,2019-06-05,627,2,3826.6800000000003,2,4,3,4,243,At Risk
2029518,2019-02-27,725,3,5036.72,2,5,4,4,254,At Risk
2029584,2020-09-25,149,1,4025.97,5,2,3,2,523,Potential Loyalists
2029619,2020-01-01,417,3,18518.0,4,5,5,5,455,Champions
2029684,2020-03-07,351,2,3279.9399999999996,4,4,3,4,443,Loyal Customers
2029697,2018-11-17,827,1,695.58,2,2,1,2,221,About To Sleep
2029781,2020-02-08,379,2,920.49,4,4,2,3,442,Loyal Customers
2029797,2019-07-10,592,1,419.97,3,2,1,2,321,Need Attention
2029798,2020-01-03,415,3,2850.85,4,5,3,4,453,Loyal Customers
2030035,2021-02-19,2,2,5318.95,5,4,4,4,544,Loyal Customers
2030206,2019-12-25,424,3,2119.82,4,5,2,4,452,Loyal Customers
2030678,2017-04-28,1395,1,1409.91,1,2,2,2,122,Lost
2030891,2017-12-28,1151,2,1316.65,1,4,2,3,142,At Risk
2031187,2016-02-27,1821,1,219.98,1,2,1,2,121,Lost
2031360,2019-01-07,776,1,7340.93,2,2,4,3,224,At Risk
2031446,2019-12-26,423,5,5436.16,4,5,4,4,454,Loyal Customers
2031457,2020-08-03,202,4,952.2,5,5,2,4,552,Loyal Customers
2031698,2020-02-14,373,2,1910.08,4,4,2,3,442,Loyal Customers
2032025,2017-06-16,1346,2,6895.64,1,4,4,4,144,Can't Lose Them
2032411,2020-01-04,414,5,19242.28,4,5,5,5,455,Champions
2032588,2019-01-29,754,4,2341.86,2,5,3,4,253,At Risk
2032613,2020-02-14,373,2,3772.89,4,4,3,4,443,Loyal Customers
2032689,2020-06-13,253,2,295.08,5,4,1,2,541,Potential Loyalists
2032912,2019-08-15,556,4,18317.2,3,5,5,5,355,Loyal Customers
2032996,2020-05-25,272,4,1630.92,5,5,2,4,552,Loyal Customers
2033194,2020-06-12,254,2,676.17,5,4,1,2,541,Potential Loyalists
2033219,2019-01-05,778,2,6660.38,2,4,4,4,244,At Risk
2033319,2019-09-04,536,2,533.95,3,4,1,2,341,Need Attention
2033335,2020-10-17,127,3,1821.06,5,5,2,4,552,Loyal Customers
2033946,2020-01-01,417,3,5680.45,4,5,4,4,454,Loyal Customers
2033974,2019-05-18,645,3,24165.12,2,5,5,5,255,Can't Lose Them
2034681,2019-03-13,711,3,5282.91,2,5,4,4,254,At Risk
2034744,2019-06-20,612,1,2721.59,2,2,3,2,223,About To Sleep
2034775,2016-10-08,1597,1,2986.36,1,2,3,2,123,Lost
2034808,2020-01-27,391,6,6589.55,4,5,4,4,454,Loyal Customers
2034809,2020-08-26,179,3,7191.27,5,5,4,4,554,Loyal Customers
2034922,2020-02-08,379,9,23992.16,4,5,5,5,455,Champions
2034965,2019-10-12,498,5,6174.49,3,5,4,4,354,Loyal Customers
2035543,2016-10-29,1576,1,1638.0,1,2,2,2,122,Lost
2035577,2019-05-25,638,1,22.0,2,2,1,2,221,About To Sleep
2035762,2019-02-09,743,1,147.95,2,2,1,2,221,About To Sleep
2035771,2016-01-01,1878,1,872.99,1,2,2,2,122,Lost
2035862,2019-12-28,421,4,1891.29,4,5,2,4,452,Loyal Customers
2035885,2020-05-27,270,1,815.9100000000001,5,2,1,2,521,Potential Loyalists
2036099,2020-02-01,386,6,7062.99,4,5,4,4,454,Loyal Customers
2036286,2019-07-26,576,1,3228.3,3,2,3,2,323,Need Attention
2036766,2020-03-06,352,2,2020.2199999999998,4,4,2,3,442,Loyal Customers
2036809,2020-05-25,272,1,2575.53,5,2,3,2,523,Potential Loyalists
2037245,2019-07-01,601,1,2073.55,3,2,2,2,322,Need Attention
2037290,2019-12-22,427,2,5991.29,4,4,4,4,444,Loyal Customers
2037292,2020-02-06,381,3,2098.96,4,5,2,4,452,Loyal Customers
2037884,2020-03-06,352,7,23549.55,4,5,5,5,455,Champions
2037906,2020-05-12,285,4,10348.63,5,5,5,5,555,Champions
2037919,2019-12-07,442,2,1069.5,3,4,2,3,342,Need Attention
2038257,2019-03-05,719,1,3184.4,2,2,3,2,223,About To Sleep
2038328,2017-11-08,1201,1,1095.0,1,2,2,2,122,Lost
2038334,2020-02-23,364,3,7528.0,4,5,5,5,455,Champions
2038509,2018-01-18,1130,1,1555.96,1,2,2,2,122,Lost
2038522,2020-11-20,93,3,14173.630000000001,5,5,5,5,555,Champions
2038741,2020-07-30,206,3,3961.9700000000003,5,5,3,4,553,Loyal Customers
2038771,2020-12-04,79,2,4825.61,5,4,4,4,544,Loyal Customers
2038841,2019-01-05,778,4,18332.87,2,5,5,5,255,Can't Lose Them
2039658,2019-01-26,757,5,15000.08,2,5,5,5,255,Can't Lose Them
2039683,2019-10-24,486,2,6904.55,3,4,4,4,344,Loyal Customers
2039753,2020-08-08,197,1,2901.0,5,2,3,2,523,Potential Loyalists
2039789,2020-12-23,60,3,1784.9099999999999,5,5,2,4,552,Loyal Customers
2039796,2019-10-24,486,5,12087.97,3,5,5,5,355,Loyal Customers
2039866,2020-11-21,92,4,18765.95,5,5,5,5,555,Champions
2040156,2020-01-05,413,3,2387.93,4,5,3,4,453,Loyal Customers
2040327,2018-07-13,954,1,779.97,1,2,1,2,121,Lost
2040328,2019-01-19,764,1,645.6999999999999,2,2,1,2,221,About To Sleep
2040568,2020-02-13,374,2,2140.84,4,4,2,3,442,Loyal Customers
2040627,2020-01-27,391,2,466.69,4,4,1,2,441,Potential Loyalists
2040812,2019-01-25,758,1,5080.0,2,2,4,3,224,At Risk
2040826,2019-06-15,617,1,10234.92,2,2,5,4,225,At Risk
2040948,2019-12-14,435,7,13247.23,3,5,5,5,355,Loyal Customers
2041314,2020-05-14,283,2,1636.45,5,4,2,3,542,Potential Loyalists
2041442,2019-08-06,565,1,5508.0,3,2,4,3,324,Need Attention
2041451,2019-11-06,473,1,20299.93,3,2,5,4,325,Loyal Customers
2041643,2016-03-07,1812,1,3120.0,1,2,3,2,123,Lost
2042037,2019-05-24,639,3,18142.989999999998,2,5,5,5,255,Can't Lose Them
2042097,2016-12-23,1521,2,518.09,1,4,1,2,141,Lost
2042291,2019-10-02,508,3,20445.97,3,5,5,5,355,Loyal Customers
2042548,2019-12-05,444,5,23168.93,3,5,5,5,355,Loyal Customers
2043122,2019-07-12,590,4,4893.82,3,5,4,4,354,Loyal Customers
2043244,2019-12-12,437,3,12140.76,3,5,5,5,355,Loyal Customers
2043401,2020-03-10,348,1,319.98,4,2,1,2,421,Potential Loyalists
2043619,2020-02-11,376,4,7426.780000000001,4,5,4,4,454,Loyal Customers
2043646,2020-03-12,346,5,4746.86,4,5,4,4,454,Loyal Customers
2043708,2019-09-03,537,2,1909.99,3,4,2,3,342,Need Attention
2043928,2018-02-03,1114,3,7870.1900000000005,1,5,5,5,155,Can't Lose Them
2043959,2018-10-15,860,1,329.97,2,2,1,2,221,About To Sleep
2044217,2018-06-08,989,1,256.0,1,2,1,2,121,Lost
2044281,2019-03-08,716,2,1366.95,2,4,2,3,242,At Risk
2044567,2020-12-22,61,8,21036.379999999997,5,5,5,5,555,Champions
2044599,2020-01-29,389,2,2438.7799999999997,4,4,3,4,443,Loyal Customers
2044631,2018-09-17,888,2,7472.0,1,4,4,4,144,Can't Lose Them
2044652,2021-02-20,1,2,2339.58,5,4,3,4,543,Loyal Customers
2044669,2020-01-08,410,1,3174.0,4,2,3,2,423,Potential Loyalists
2045041,2016-09-05,1630,1,8501.4,1,2,5,4,125,Can't Lose Them
2045183,2020-02-26,361,3,3519.8500000000004,4,5,3,4,453,Loyal Customers
2045289,2019-09-25,515,1,66.75,3,2,1,2,321,Need Attention
2045626,2019-12-12,437,2,778.09,3,4,1,2,341,Need Attention
2045827,2020-02-01,386,5,9361.27,4,5,5,5,455,Champions
2045928,2017-12-20,1159,1,698.0,1,2,1,2,121,Lost
2045981,2021-01-02,50,2,11100.720000000001,5,4,5,4,545,Loyal Customers
2046265,2020-02-01,386,2,2341.75,4,4,3,4,443,Loyal Customers
2046511,2020-12-10,73,2,6523.639999999999,5,4,4,4,544,Loyal Customers
2046677,2018-06-26,971,1,773.82,1,2,1,2,121,Lost
2046690,2018-06-19,978,1,1733.94,1,2,2,2,122,Lost
2047648,2016-12-31,1513,1,1771.0,1,2,2,2,122,Lost
2047895,2020-03-03,355,3,4030.7400000000002,4,5,3,4,453,Loyal Customers
2047942,2019-11-23,456,3,1744.93,3,5,2,4,352,Loyal Customers
2048264,2020-02-03,384,1,1693.98,4,2,2,2,422,Potential Loyalists
2048275,2019-08-31,540,2,24289.46,3,4,5,4,345,Loyal Customers
2048840,2019-07-20,582,3,4270.43,3,5,4,4,354,Loyal Customers
2049273,2019-02-22,730,1,166.45,2,2,1,2,221,About To Sleep
2049384,2020-06-29,237,2,3205.0,5,4,3,4,543,Loyal Customers
2050396,2020-04-30,297,3,2051.0,5,5,2,4,552,Loyal Customers
2050411,2020-02-12,375,3,3863.82,4,5,3,4,453,Loyal Customers
2050436,2019-07-22,580,1,6608.9,3,2,4,3,324,Need Attention
2050933,2019-08-28,543,3,7076.32,3,5,4,4,354,Loyal Customers
2051116,2019-03-07,717,1,327.0,2,2,1,2,221,About To Sleep
2051117,2019-12-05,444,2,1523.8600000000001,3,4,2,3,342,Need Attention
2051398,2020-09-25,149,3,3240.43,5,5,3,4,553,Loyal Customers
2051562,2019-03-02,722,1,178.59,2,2,1,2,221,About To Sleep
2051642,2020-08-18,187,2,355.94,5,4,1,2,541,Potential Loyalists
2051822,2020-02-15,372,2,6625.65,4,4,4,4,444,Loyal Customers
2051826,2019-09-25,515,1,490.71999999999997,3,2,1,2,321,Need Attention
2052082,2020-12-16,67,3,3346.48,5,5,3,4,553,Loyal Customers
2052391,2020-12-24,59,1,398.0,5,2,1,2,521,Potential Loyalists
2052419,2019-01-03,780,1,1761.78,2,2,2,2,222,About To Sleep
2052752,2020-01-04,414,5,5655.87,4,5,4,4,454,Loyal Customers
2052994,2018-06-28,969,1,981.07,1,2,2,2,122,Lost
2053017,2020-01-07,411,2,1946.94,4,4,2,3,442,Loyal Customers
2053393,2017-01-03,1510,1,90.0,1,2,1,2,121,Lost
2053447,2020-09-24,150,3,11476.849999999999,5,5,5,5,555,Champions
2053612,2020-01-16,402,4,4005.75,4,5,3,4,453,Loyal Customers
2053617,2020-01-04,414,3,3956.62,4,5,3,4,453,Loyal Customers
2053838,2020-05-27,270,5,11886.52,5,5,5,5,555,Champions
2053862,2019-01-18,765,2,6469.54,2,4,4,4,244,At Risk
2054016,2020-09-29,145,3,598.09,5,5,1,3,551,Potential Loyalists
2054052,2021-01-16,36,3,4887.91,5,5,4,4,554,Loyal Customers
2054088,2020-02-21,366,1,3106.27,4,2,3,2,423,Potential Loyalists
2054315,2019-01-09,774,2,397.93,2,4,1,2,241,About To Sleep
2054326,2017-09-13,1257,1,32.0,1,2,1,2,121,Lost
2054443,2018-06-19,978,2,3671.74,1,4,3,4,143,Can't Lose Them
2054697,2016-12-10,1534,1,6780.0,1,2,4,3,124,At Risk
2054855,2018-09-15,890,3,9472.39,1,5,5,5,155,Can't Lose Them
2054914,2018-10-26,849,3,1214.95,2,5,2,4,252,At Risk
2054922,2020-01-21,397,6,12107.99,4,5,5,5,455,Champions
2054948,2019-12-05,444,3,6414.67,3,5,4,4,354,Loyal Customers
2054967,2018-10-13,862,1,10.05,2,2,1,2,221,About To Sleep
2055060,2019-12-10,439,2,1075.97,3,4,2,3,342,Need Attention
2055087,2017-02-15,1467,2,2042.5,1,4,2,3,142,At Risk
2055186,2016-07-02,1695,1,1236.0,1,2,2,2,122,Lost
2055414,2016-07-12,1685,1,87.85,1,2,1,2,121,Lost
2055521,2019-09-26,514,1,251.79000000000002,3,2,1,2,321,Need Attention
2055601,2018-01-31,1117,1,426.93,1,2,1,2,121,Lost
2055641,2017-12-21,1158,2,3215.5899999999997,1,4,3,4,143,Can't Lose Them
2055720,2016-02-18,1830,1,595.0,1,2,1,2,121,Lost
2055764,2021-02-17,4,5,4364.83,5,5,4,4,554,Loyal Customers
2055843,2019-12-30,419,2,2144.4700000000003,4,4,2,3,442,Loyal Customers
2056754,2019-10-08,502,2,4423.3,3,4,4,4,344,Loyal Customers
2056831,2019-12-31,418,5,13823.04,4,5,5,5,455,Champions
2057050,2020-05-25,272,2,25167.73,5,4,5,4,545,Loyal Customers
2057184,2020-07-15,221,3,3559.41,5,5,3,4,553,Loyal Customers
2057186,2018-05-09,1019,1,218.0,1,2,1,2,121,Lost
2057404,2018-12-22,792,2,1790.1999999999998,2,4,2,3,242,At Risk
2057574,2016-05-17,1741,1,2663.76,1,2,3,2,123,Lost
2057608,2019-10-04,506,3,2790.46,3,5,3,4,353,Loyal Customers
2057632,2020-03-04,354,3,1992.27,4,5,2,4,452,Loyal Customers
2057721,2019-10-24,486,3,2973.52,3,5,3,4,353,Loyal Customers
2057844,2019-12-27,422,2,2946.88,4,4,3,4,443,Loyal Customers
2058170,2019-03-02,722,2,3892.92,2,4,3,4,243,At Risk
2058877,2020-10-08,136,1,129.0,5,2,1,2,521,Potential Loyalists
2059385,2019-05-11,652,3,1048.0,2,5,2,4,252,At Risk
2059592,2017-07-18,1314,4,11587.830000000002,1,5,5,5,155,Can't Lose Them
2059595,2019-12-18,431,5,8568.57,4,5,5,5,455,Champions
2059701,2019-05-22,641,1,114.66,2,2,1,2,221,About To Sleep
2060125,2019-09-18,522,3,6374.94,3,5,4,4,354,Loyal Customers
2060127,2020-10-03,141,1,573.99,5,2,1,2,521,Potential Loyalists
2060328,2020-10-14,130,3,3156.3599999999997,5,5,3,4,553,Loyal Customers
2060436,2019-12-10,439,1,6130.58,3,2,4,3,324,Need Attention
2060541,2020-05-12,285,3,1789.7,5,5,2,4,552,Loyal Customers
2060555,2018-07-18,949,2,2391.15,1,4,3,4,143,Can't Lose Them
2060646,2020-07-08,228,3,5636.41,5,5,4,4,554,Loyal Customers
2060666,2019-11-28,451,3,3970.96,3,5,3,4,353,Loyal Customers
2060807,2020-11-02,111,1,113.89,5,2,1,2,521,Potential Loyalists
2061136,2017-08-12,1289,2,2776.96,1,4,3,4,143,Can't Lose Them
2061166,2020-01-01,417,1,1140.0,4,2,2,2,422,Potential Loyalists
2061513,2017-11-16,1193,2,2217.0,1,4,3,4,143,Can't Lose Them
2061563,2018-02-22,1095,3,4334.67,1,5,4,4,154,Can't Lose Them
2061855,2019-09-26,514,3,5130.9,3,5,4,4,354,Loyal Customers
2061922,2020-01-04,414,2,7335.44,4,4,4,4,444,Loyal Customers
2062180,2020-07-09,227,2,4221.96,5,4,4,4,544,Loyal Customers
2062204,2020-02-12,375,2,5503.95,4,4,4,4,444,Loyal Customers
2062220,2019-10-05,505,3,6257.39,3,5,4,4,354,Loyal Customers
2062344,2021-02-03,18,5,7194.58,5,5,4,4,554,Loyal Customers
2062564,2019-09-25,515,2,3718.88,3,4,3,4,343,Loyal Customers
2062680,2020-08-19,186,3,5093.36,5,5,4,4,554,Loyal Customers
2062768,2020-01-13,405,1,1493.75,4,2,2,2,422,Potential Loyalists
2063107,2019-12-14,435,5,10042.43,3,5,5,5,355,Loyal Customers
2063156,2021-02-13,8,2,4515.88,5,4,4,4,544,Loyal Customers
2063333,2021-01-05,47,1,1505.93,5,2,2,2,522,Potential Loyalists
2063343,2021-02-13,8,5,6338.8099999999995,5,5,4,4,554,Loyal Customers
2063464,2017-12-27,1152,1,1587.76,1,2,2,2,122,Lost
2063575,2017-01-27,1486,1,1219.94,1,2,2,2,122,Lost
2063821,2020-06-26,240,3,6870.13,5,5,4,4,554,Loyal Customers
2063886,2021-02-01,20,4,4896.78,5,5,4,4,554,Loyal Customers
2064083,2020-01-02,416,5,8032.48,4,5,5,5,455,Champions
2064097,2019-12-07,442,3,7075.969999999999,3,5,4,4,354,Loyal Customers
2064325,2018-06-02,995,2,1599.98,1,4,2,3,142,At Risk
2064437,2019-10-14,496,4,9016.85,3,5,5,5,355,Loyal Customers
2064577,2019-12-14,435,2,4792.450000000001,3,4,4,4,344,Loyal Customers
2064687,2020-11-02,111,3,7257.610000000001,5,5,4,4,554,Loyal Customers
2064706,2019-05-08,655,1,3105.0,2,2,3,2,223,About To Sleep
2064857,2019-12-02,447,3,6820.360000000001,3,5,4,4,354,Loyal Customers
2064944,2019-08-22,549,4,16177.95,3,5,5,5,355,Loyal Customers
2065304,2019-09-21,519,1,359.97,3,2,1,2,321,Need Attention
2065362,2019-01-28,755,2,915.3,2,4,2,3,242,At Risk
2065494,2019-09-14,526,2,4773.89,3,4,4,4,344,Loyal Customers
2065513,2018-05-02,1026,2,12322.22,1,4,5,4,145,Can't Lose Them
2065524,2016-12-26,1518,2,1690.0,1,4,2,3,142,At Risk
2065817,2018-09-18,887,3,11011.34,1,5,5,5,155,Can't Lose Them
2066018,2017-02-17,1465,2,161.95999999999998,1,4,1,2,141,Lost
2066255,2018-02-08,1109,1,1227.97,1,2,2,2,122,Lost
2067035,2019-06-01,631,3,7453.02,2,5,4,4,254,At Risk
2067182,2020-02-22,365,5,10388.91,4,5,5,5,455,Champions
2067231,2019-10-17,493,2,1384.8600000000001,3,4,2,3,342,Need Attention
2067348,2020-02-27,360,1,2466.29,4,2,3,2,423,Potential Loyalists
2067371,2020-11-17,96,6,6155.67,5,5,4,4,554,Loyal Customers
2067958,2019-09-26,514,5,10447.36,3,5,5,5,355,Loyal Customers
2067999,2020-02-01,386,2,1441.95,4,4,2,3,442,Loyal Customers
2068640,2020-08-24,181,3,2592.24,5,5,3,4,553,Loyal Customers
2068819,2018-11-28,816,1,3136.74,2,2,3,2,223,About To Sleep
2068960,2018-11-17,827,1,19199.94,2,2,5,4,225,At Risk
2069858,2020-03-05,353,3,2467.91,4,5,3,4,453,Loyal Customers
2069956,2018-05-18,1010,1,1838.49,1,2,2,2,122,Lost
2069957,2019-02-23,729,4,20179.91,2,5,5,5,255,Can't Lose Them
2070233,2021-02-16,5,1,264.89,5,2,1,2,521,Potential Loyalists
2070269,2019-06-04,628,3,10113.23,2,5,5,5,255,Can't Lose Them
2070319,2020-02-15,372,3,2225.4,4,5,3,4,453,Loyal Customers
2070430,2021-02-09,12,2,1179.67,5,4,2,3,542,Potential Loyalists
2070455,2016-03-09,1810,1,1705.98,1,2,2,2,122,Lost
2070483,2019-07-27,575,2,4564.85,3,4,4,4,344,Loyal Customers
2070495,2019-10-14,496,2,7177.42,3,4,4,4,344,Loyal Customers
2070645,2019-07-13,589,1,4369.9,3,2,4,3,324,Need Attention
2070898,2020-12-02,81,4,4583.79,5,5,4,4,554,Loyal Customers
2071030,2018-12-13,801,2,2957.88,2,4,3,4,243,At Risk
2071129,2018-02-15,1102,1,598.0,1,2,1,2,121,Lost
2071299,2016-06-24,1703,1,1844.99,1,2,2,2,122,Lost
2071351,2020-05-15,282,2,10288.59,5,4,5,4,545,Loyal Customers
2071369,2019-06-21,611,5,21340.62,2,5,5,5,255,Can't Lose Them
2071494,2019-05-20,643,3,12845.69,2,5,5,5,255,Can't Lose Them
2071607,2019-12-28,421,1,1512.9,4,2,2,2,422,Potential Loyalists
2071975,2016-12-15,1529,1,460.0,1,2,1,2,121,Lost
2072003,2020-03-03,355,2,1104.35,4,4,2,3,442,Loyal Customers
2072158,2017-11-04,1205,3,3704.88,1,5,3,4,153,Can't Lose Them
2072376,2018-12-26,788,3,1856.76,2,5,2,4,252,At Risk
2072552,2016-07-12,1685,1,1867.0,1,2,2,2,122,Lost
2072569,2019-06-08,624,1,241.02,2,2,1,2,221,About To Sleep
2072900,2018-09-15,890,1,7814.4400000000005,1,2,5,4,125,Can't Lose Them
2073064,2018-12-25,789,2,3759.8500000000004,2,4,3,4,243,At Risk
2073192,2018-12-27,787,1,2549.8,2,2,3,2,223,About To Sleep
2073379,2018-10-11,864,1,4103.96,2,2,4,3,224,At Risk
2073381,2020-03-05,353,5,1808.25,4,5,2,4,452,Loyal Customers
2073692,2019-02-17,735,3,3430.76,2,5,3,4,253,At Risk
2073697,2020-05-02,295,3,5672.55,5,5,4,4,554,Loyal Customers
2074070,2020-06-23,243,1,865.73,5,2,2,2,522,Potential Loyalists
2074185,2019-01-05,778,1,2886.94,2,2,3,2,223,About To Sleep
2074361,2018-02-24,1093,3,967.47,1,5,2,4,152,Can't Lose Them
2074628,2020-06-12,254,5,2873.65,5,5,3,4,553,Loyal Customers
2074698,2019-10-08,502,3,1312.61,3,5,2,4,352,Loyal Customers
2074909,2017-02-21,1461,1,303.8,1,2,1,2,121,Lost
2074980,2019-07-13,589,2,384.4,3,4,1,2,341,Need Attention
2074986,2020-09-12,162,4,8485.34,5,5,5,5,555,Champions
2074996,2020-05-18,279,3,1468.3600000000001,5,5,2,4,552,Loyal Customers
2075181,2019-12-12,437,4,12931.11,3,5,5,5,355,Loyal Customers
2075340,2019-05-18,645,4,8786.35,2,5,5,5,255,Can't Lose Them
2075493,2018-08-16,920,1,191.8,1,2,1,2,121,Lost
2075506,2018-08-18,918,1,306.0,1,2,1,2,121,Lost
2075723,2019-07-18,584,3,11092.39,3,5,5,5,355,Loyal Customers
2075959,2017-12-26,1153,1,5607.15,1,2,4,3,124,At Risk
2076169,2019-08-13,558,2,900.9300000000001,3,4,2,3,342,Need Attention
2076337,2017-08-09,1292,2,4521.71,1,4,4,4,144,Can't Lose Them
2076403,2019-12-14,435,5,8962.99,3,5,5,5,355,Loyal Customers
2076591,2019-09-12,528,4,6845.55,3,5,4,4,354,Loyal Customers
2076701,2018-10-29,846,1,128.0,2,2,1,2,221,About To Sleep
2076749,2019-10-31,479,2,5868.66,3,4,4,4,344,Loyal Customers
2076798,2018-12-07,807,1,26.97,2,2,1,2,221,About To Sleep
2076833,2020-02-19,368,4,10079.65,4,5,5,5,455,Champions
2076862,2020-01-11,407,3,3557.01,4,5,3,4,453,Loyal Customers
2077084,2021-02-18,3,3,3650.2499999999995,5,5,3,4,553,Loyal Customers
2077257,2018-09-26,879,1,3394.07,1,2,3,2,123,Lost
2077261,2019-12-25,424,2,2286.6,4,4,3,4,443,Loyal Customers
2077860,2019-06-20,612,4,4264.67,2,5,4,4,254,At Risk
2078014,2019-02-15,737,3,5227.42,2,5,4,4,254,At Risk
2078281,2018-03-13,1076,1,7043.0,1,2,4,3,124,At Risk
2078790,2020-01-25,393,1,38.5,4,2,1,2,421,Potential Loyalists
2078894,2021-01-04,48,5,8064.03,5,5,5,5,555,Champions
2079171,2019-03-15,709,1,618.0,2,2,1,2,221,About To Sleep
2079305,2019-09-14,526,1,2237.5,3,2,3,2,323,Need Attention
2079366,2020-05-08,289,4,8276.9,5,5,5,5,555,Champions
2079441,2019-08-31,540,2,2462.0,3,4,3,4,343,Loyal Customers
2079584,2020-01-16,402,3,5124.25,4,5,4,4,454,Loyal Customers
2079644,2019-11-09,470,3,10071.619999999999,3,5,5,5,355,Loyal Customers
2079677,2020-10-07,137,7,13433.67,5,5,5,5,555,Champions
2079989,2020-10-24,120,4,5757.14,5,5,4,4,554,Loyal Customers
2080138,2019-09-05,535,3,6860.1,3,5,4,4,354,Loyal Customers
2080157,2019-05-02,661,2,2675.81,2,4,3,4,243,At Risk
2080241,2019-11-02,477,3,2929.51,3,5,3,4,353,Loyal Customers
2080355,2019-12-16,433,2,616.1999999999999,4,4,1,2,441,Potential Loyalists
2080484,2020-10-20,124,12,19536.34,5,5,5,5,555,Champions
2080735,2020-04-30,297,4,24764.559999999998,5,5,5,5,555,Champions
2080936,2020-03-10,348,4,2273.93,4,5,3,4,453,Loyal Customers
2081462,2018-07-13,954,1,1263.56,1,2,2,2,122,Lost
2081470,2020-03-03,355,6,4779.04,4,5,4,4,454,Loyal Customers
2081517,2019-07-17,585,1,2480.9,3,2,3,2,323,Need Attention
2081694,2019-10-06,504,1,2190.0,3,2,3,2,323,Need Attention
2081697,2019-08-02,569,2,380.33000000000004,3,4,1,2,341,Need Attention
2081773,2020-05-15,282,2,3185.3999999999996,5,4,3,4,543,Loyal Customers
2081995,2018-07-24,943,1,23.0,1,2,1,2,121,Lost
2082135,2020-01-30,388,4,3516.81,4,5,3,4,453,Loyal Customers
2082326,2019-11-12,467,3,13665.45,3,5,5,5,355,Loyal Customers
2082335,2020-02-06,381,3,22041.44,4,5,5,5,455,Champions
2082534,2019-11-15,464,3,3955.13,3,5,3,4,353,Loyal Customers
2082719,2018-07-21,946,1,1580.87,1,2,2,2,122,Lost
2082954,2020-02-20,367,3,3091.95,4,5,3,4,453,Loyal Customers
2082962,2020-01-01,417,2,2718.99,4,4,3,4,443,Loyal Customers
2082986,2019-10-16,494,1,5173.99,3,2,4,3,324,Need Attention
2082991,2020-05-16,281,5,5468.56,5,5,4,4,554,Loyal Customers
2083305,2019-12-25,424,2,380.85,4,4,1,2,441,Potential Loyalists
2083307,2016-08-16,1650,1,2711.38,1,2,3,2,123,Lost
2083381,2020-02-15,372,3,13929.91,4,5,5,5,455,Champions
2083482,2019-12-31,418,2,1218.95,4,4,2,3,442,Loyal Customers
2083496,2020-11-18,95,2,990.74,5,4,2,3,542,Potential Loyalists
2083610,2018-05-31,997,1,5615.43,1,2,4,3,124,At Risk
2083637,2019-12-18,431,2,1810.0,4,4,2,3,442,Loyal Customers
2083671,2018-08-11,925,2,12780.59,1,4,5,4,145,Can't Lose Them
2084056,2019-02-07,745,1,7352.0,2,2,4,3,224,At Risk
2084090,2019-05-21,642,4,12638.300000000001,2,5,5,5,255,Can't Lose Them
2084140,2018-10-18,857,1,2583.94,2,2,3,2,223,About To Sleep
2084343,2020-12-17,66,2,9180.45,5,4,5,4,545,Loyal Customers
2084403,2019-11-28,451,2,809.97,3,4,1,2,341,Need Attention
2084813,2020-01-24,394,1,903.0,4,2,2,2,422,Potential Loyalists
2085055,2018-11-07,837,2,3556.9700000000003,2,4,3,4,243,At Risk
2085857,2019-09-06,534,4,4682.75,3,5,4,4,354,Loyal Customers
2086280,2020-08-31,174,3,2877.98,5,5,3,4,553,Loyal Customers
2086544,2020-07-17,219,2,1891.2600000000002,5,4,2,3,542,Potential Loyalists
2086548,2020-02-18,369,1,23268.899999999998,4,2,5,4,425,Loyal Customers
2086596,2018-10-08,867,1,1449.95,2,2,2,2,222,About To Sleep
2086639,2020-12-26,57,2,3374.75,5,4,3,4,543,Loyal Customers
2086673,2020-03-11,347,6,5157.5599999999995,4,5,4,4,454,Loyal Customers
2086759,2018-01-02,1146,1,1229.97,1,2,2,2,122,Lost
2086891,2020-02-29,358,3,7431.35,4,5,4,4,454,Loyal Customers
2087018,2021-02-17,4,2,1951.99,5,4,2,3,542,Potential Loyalists
2087288,2020-05-14,283,3,6465.92,5,5,4,4,554,Loyal Customers
2087433,2020-01-30,388,5,6901.21,4,5,4,4,454,Loyal Customers
2087477,2020-02-17,370,3,1802.42,4,5,2,4,452,Loyal Customers
2087620,2017-02-23,1459,1,1907.97,1,2,2,2,122,Lost
2087679,2019-03-07,717,1,1499.6999999999998,2,2,2,2,222,About To Sleep
2087843,2019-12-26,423,2,1428.83,4,4,2,3,442,Loyal Customers
2087852,2020-10-17,127,4,7764.66,5,5,5,5,555,Champions
2087937,2021-02-09,12,2,1501.0,5,4,2,3,542,Potential Loyalists
2088176,2020-02-15,372,3,8791.92,4,5,5,5,455,Champions
2088314,2019-12-28,421,3,1757.23,4,5,2,4,452,Loyal Customers
2088405,2019-08-09,562,1,2480.74,3,2,3,2,323,Need Attention
2088572,2020-05-19,278,3,5178.45,5,5,4,4,554,Loyal Customers
2088614,2020-01-14,404,2,3905.84,4,4,3,4,443,Loyal Customers
2088822,2020-11-25,88,1,10038.46,5,2,5,4,525,Loyal Customers
2088972,2019-06-20,612,3,5996.79,2,5,4,4,254,At Risk
2088994,2020-01-22,396,3,8066.889999999999,4,5,5,5,455,Champions
2089159,2020-09-11,163,4,16385.46,5,5,5,5,555,Champions
2089262,2020-02-14,373,1,1740.0,4,2,2,2,422,Potential Loyalists
2089265,2021-02-20,1,3,1642.08,5,5,2,4,552,Loyal Customers
2089881,2018-12-27,787,4,4561.36,2,5,4,4,254,At Risk
2090023,2020-01-24,394,3,7510.98,4,5,5,5,455,Champions
2090406,2020-09-01,173,3,13572.34,5,5,5,5,555,Champions
2090423,2018-12-20,794,1,811.98,2,2,1,2,221,About To Sleep
2090514,2020-01-04,414,3,2022.98,4,5,2,4,452,Loyal Customers
2090571,2018-10-27,848,1,1749.75,2,2,2,2,222,About To Sleep
2090623,2019-12-23,426,3,2962.7799999999997,4,5,3,4,453,Loyal Customers
2090627,2020-02-14,373,6,9011.12,4,5,5,5,455,Champions
2090990,2019-06-04,628,2,3847.64,2,4,3,4,243,At Risk
2091158,2020-02-27,360,4,8067.37,4,5,5,5,455,Champions
2091204,2019-02-12,740,5,30095.75,2,5,5,5,255,Can't Lose Them
2091352,2019-06-07,625,3,4099.26,2,5,4,4,254,At Risk
2091659,2018-09-11,894,2,6990.06,1,4,4,4,144,Can't Lose Them
2091678,2018-09-15,890,1,799.6,1,2,1,2,121,Lost
2091926,2019-12-28,421,4,6058.929999999999,4,5,4,4,454,Loyal Customers
2092033,2020-07-16,220,7,4417.33,5,5,4,4,554,Loyal Customers
2092037,2019-05-23,640,2,3225.92,2,4,3,4,243,At Risk
2092053,2016-10-14,1591,1,27.52,1,2,1,2,121,Lost
2092310,2020-05-23,274,2,5692.14,5,4,4,4,544,Loyal Customers
2092398,2019-10-05,505,2,879.29,3,4,2,3,342,Need Attention
2092654,2017-12-19,1160,1,1039.96,1,2,2,2,122,Lost
2092935,2021-01-26,26,1,4584.84,5,2,4,3,524,Potential Loyalists
2092988,2019-12-02,447,3,3837.42,3,5,3,4,353,Loyal Customers
2093071,2019-07-10,592,4,11135.26,3,5,5,5,355,Loyal Customers
2093086,2019-11-11,468,2,11315.89,3,4,5,4,345,Loyal Customers
2093175,2017-12-13,1166,1,669.0,1,2,1,2,121,Lost
2093340,2021-01-26,26,1,1676.0,5,2,2,2,522,Potential Loyalists
2093665,2019-07-20,582,1,7672.47,3,2,5,4,325,Loyal Customers
2093741,2020-01-13,405,2,4445.74,4,4,4,4,444,Loyal Customers
2093929,2020-12-12,71,5,9790.29,5,5,5,5,555,Champions
2094190,2019-08-12,559,4,7990.24,3,5,5,5,355,Loyal Customers
2095098,2016-09-26,1609,1,772.5,1,2,1,2,121,Lost
2095256,2020-01-03,415,5,8924.63,4,5,5,5,455,Champions
2095309,2018-12-20,794,2,3534.9,2,4,3,4,243,At Risk
2095351,2018-06-04,993,1,359.98,1,2,1,2,121,Lost
2095590,2018-05-12,1016,1,199.98,1,2,1,2,121,Lost
2095742,2017-12-24,1155,2,1282.8,1,4,2,3,142,At Risk
2095952,2019-08-18,553,2,3204.98,3,4,3,4,343,Loyal Customers
2095996,2018-07-21,946,2,1404.99,1,4,2,3,142,At Risk
2096104,2019-12-24,425,5,6681.96,4,5,4,4,454,Loyal Customers
2096178,2018-05-08,1020,1,3239.11,1,2,3,2,123,Lost
2096214,2020-02-07,380,4,7342.78,4,5,4,4,454,Loyal Customers
2096292,2020-11-07,106,3,7134.81,5,5,4,4,554,Loyal Customers
2096435,2016-05-07,1751,1,2686.49,1,2,3,2,123,Lost
2096472,2021-01-01,51,4,16965.79,5,5,5,5,555,Champions
2096492,2020-10-13,131,3,2162.9,5,5,3,4,553,Loyal Customers
2096777,2021-02-17,4,4,19387.05,5,5,5,5,555,Champions
2097018,2020-01-02,416,3,16172.57,4,5,5,5,455,Champions
2097084,2020-11-05,108,1,1716.96,5,2,2,2,522,Potential Loyalists
2097135,2020-05-02,295,2,6682.56,5,4,4,4,544,Loyal Customers
2098097,2020-02-13,374,2,13807.96,4,4,5,4,445,Loyal Customers
2098212,2019-12-24,425,4,6216.32,4,5,4,4,454,Loyal Customers
2098223,2020-07-07,229,6,21377.13,5,5,5,5,555,Champions
2098404,2019-08-24,547,3,2770.89,3,5,3,4,353,Loyal Customers
2098879,2020-10-20,124,3,9749.86,5,5,5,5,555,Champions
2098944,2019-05-02,661,3,10580.99,2,5,5,5,255,Can't Lose Them
2099252,2020-10-03,141,1,564.51,5,2,1,2,521,Potential Loyalists
2099258,2017-07-07,1325,1,533.86,1,2,1,2,121,Lost
2099383,2020-05-30,267,3,3739.0,5,5,3,4,553,Loyal Customers
2099600,2018-08-08,928,1,1270.8400000000001,1,2,2,2,122,Lost
2099758,2020-06-10,256,2,529.9100000000001,5,4,1,2,541,Potential Loyalists
2099862,2020-01-01,417,1,501.5,4,2,1,2,421,Potential Loyalists
2099937,2020-02-15,372,2,11775.39,4,4,5,4,445,Loyal Customers
